"conversation_id_str","created_at","favorite_count","full_text","id_str","image_url","in_reply_to_screen_name","lang","location","quote_count","reply_count","retweet_count","tweet_url","user_id_str","username"
"1963752713256395127","Thu Sep 04 23:55:06 +0000 2025","0","Dari sekian banyak bahasan 17+8 tuntutan rakyat yg disenggol korupsinya. Definisi tone deaf bgt tu bocah mana pro 02 juga cuih","1963752713256395127","","","in","","0","0","0","https://x.com/undefined/status/1963752713256395127","1059593600",
"1963751829935993247","Thu Sep 04 23:51:35 +0000 2025","2","Hari ini deadline 17+8 tuntutan rakyat #KawalSampaiMenang","1963751829935993247","","","in","","0","0","0","https://x.com/undefined/status/1963751829935993247","1856170626563891200",
"1963744711740686806","Thu Sep 04 23:23:18 +0000 2025","16","ngerayain ultah pas deadline indo dengan tuntutan rakyat 17+8 https://t.co/9YuZX2a5JG","1963744711740686806","https://pbs.twimg.com/media/G0CfZv5acAEyS2M.jpg","","in","","2","57","0","https://x.com/undefined/status/1963744711740686806","1868280869448003584",
"1963741023383032065","Thu Sep 04 23:08:39 +0000 2025","2","17+8 itu apa toh? Ini bener ya? Kok gak ada 'adili si Nganu' Kuatkan KPK kok tuntutannya tetap gak substansial? Kita itu bermasalah dengan Kebodohan DPR terus kok jadi berpindah jadi Kebodohan Influencer? #IndonesiaCapeDeh https://t.co/C06T11QzxJ","1963741023383032065","","","in","","0","1","0","https://x.com/undefined/status/1963741023383032065","57574639",
"1963630999398404450","Thu Sep 04 23:02:35 +0000 2025","0","@imwinteoa Ini tanda tangan bahwa dokumen yg berisi 17+8 tuntutan rakyat sudah diterima oleh perwakilan DPR. Kawal terus","1963739496064888995","","imwinteoa","in","","0","0","0","https://x.com/undefined/status/1963739496064888995","1603283936091656192",
"1963733619715047855","Thu Sep 04 22:39:14 +0000 2025","2","Enak pak mentang kita terkenal dengan bangsa yang berbudaya sopan santun apa harus diam saja? Rakyat sudah nurut 10th Tertipu dan sampean ada dalam pemerintahan itu. WIRANTO UNGKAP RESPON Prabowo Soal Tuntutan Rakyat 17+8 : Tak Serentak Semua Dipenuhi https://t.co/jUwSp8WJ5Y","1963733619715047855","","","in","","0","0","0","https://x.com/undefined/status/1963733619715047855","1531957384213843970",
"1963729218057220195","Thu Sep 04 22:21:44 +0000 2025","0","17+8 Tuntutan Rakyat dari Andovi-Jerome dkk dari Media Sosial Dibahas di DPR https://t.co/hJxp0g40fp","1963729218057220195","","","in","","0","0","0","https://x.com/undefined/status/1963729218057220195","137282671",
"1963649665150455845","Thu Sep 04 22:18:11 +0000 2025","1","@bokevvvv @mdrfhyt Yo 17+8 tuntutan rakyat itu beneran diserahin ke DPR kemarin isinya 17 jangka pendek (deadline 5 Sept) sama 8 jangka panjang (sampai Agustus 2026) soal reformasi polisi partai ekonomi dll. Pengaruh agenda rahasia parpol? Bisa jadi soalnya PDIP-Gerindra lagi kolab ketat","1963728324179694032","","bokevvvv","in","","0","0","1","https://x.com/undefined/status/1963728324179694032","1720665183188922368",
"1963649665150455845","Thu Sep 04 22:09:27 +0000 2025","1","@bokevvvv @jeramimemanggil @samuelbsiahaan @mdrfhyt @ardi_tama1 Intine tuntutan rakyat 17+8 wis diserahke menyang DPR. PDIP lan Gerindra lagi mesra tenan saling dukung ing saben kesempatan di DPR kaya mbatalake RUU Pilkada nggawe RUU TNI lan pertemuan ketum parpol. Kayane Mega-Pro lagi mekar maneh mesthi ana konco-konco kenthel. Ora","1963726125995364569","","bokevvvv","in","","0","1","0","https://x.com/undefined/status/1963726125995364569","1720665183188922368",
"1963649665150455845","Thu Sep 04 22:08:56 +0000 2025","1","@bokevvvv @mdrfhyt Wild guess: Karena pengalaman panjangnya di DPR dan untuk menjaga keseimbangan kekuasaan antar partai terutama PDIP dan Gerindra biar bisa kolaborasi tangani tuntutan rakyat seperti 17+8 itu.","1963725996307427690","","bokevvvv","in","","0","1","0","https://x.com/undefined/status/1963725996307427690","1720665183188922368",
"1963537558819819819","Thu Sep 04 22:02:14 +0000 2025","0","@tanyakanrl kok kamu bisa punya pikiran gini sih nder? 17+8 tuntutan itu emang kewajiban pemerintah dari awal harusnya dari sebelum tuntutan itu ada pemerintah udah bisa menjalankan tugasnya dengan baik sesuai dengan tuntutan rakyat. bukan kamu yang di denger kamu yang harusnya dijelasin.","1963724310847398197","","tanyakanrl","in","","0","0","0","https://x.com/undefined/status/1963724310847398197","1898232820876951558",
"1963722613592875388","Thu Sep 04 21:55:29 +0000 2025","0"," 17+8 TUNTUTAN RAKYAT https://t.co/b4R1dGphsD","1963722613592875388","https://pbs.twimg.com/media/G0CLTnSbsAE69mH.jpg","","in","","0","0","0","https://x.com/undefined/status/1963722613592875388","1035738055343190017",
"1963722127544357334","Thu Sep 04 21:53:34 +0000 2025","0","Aspirasi rakyat 17+8? Eddy Soeparno: Partai terus evaluasi perbaikan terus dilakukan! https://t.co/oVCtjACAIb","1963722127544357334","","","in","","0","0","0","https://x.com/undefined/status/1963722127544357334","1332992852809322497",
"1960864678852354285","Thu Sep 04 21:48:25 +0000 2025","1","@dedemitZen Haha sahabat! Aku lacak nih. 17-8 merujuk ke 17+8 Tuntutan Rakyat hasil demo akhir Agustus 2025. 17 tuntutan jangka pendek (deadline 5 Sep 2025) &amp; 8 jangka panjang (sampai 2026). Isinya reformasi DPR partai politik pajak upah layak dsb. Mungkin kesaksian eks-mahasiswa","1963720833547046963","","dedemitZen","in","","0","1","0","https://x.com/undefined/status/1963720833547046963","1720665183188922368",
"1963537558819819819","Thu Sep 04 21:47:06 +0000 2025","3","@tanyakanrl Setidaknya dgn sender raise pertanyaan di atas aku jd seneng dari baca rep sdh lbh bnyk lagi yg paham konteks tuntutan rakyat itu gmn latar blkng 17+8 itu bs emerge jd lbh banyak yg melek dan sadar politik dan yaaa... we're in this together pokonya ","1963720500561227919","","tanyakanrl","in","","0","1","0","https://x.com/undefined/status/1963720500561227919","238826159",
"1963537558819819819","Thu Sep 04 21:06:31 +0000 2025","0","@tanyakanrl Tugas rakyat sekarang itu fokus follow up tuntutan 17+8 itu bisa terwujud atau enggak! Krn klo enggak ancaman nya ga main2 Indonesia bs beneran perang antar sodara sebangsa. Dari tiap daerah &amp; bsa d tuntut k pengadilan internasional lwt PBB dewan HAM sbg pelanggaran HAM berat!!","1963710287498056055","","tanyakanrl","in","","0","0","0","https://x.com/undefined/status/1963710287498056055","1874058922493173762",
"1963694112110203051","Thu Sep 04 20:02:14 +0000 2025","1","di hari ulang tahun gue yang ke 20 banyak mimpi dan harapan yang ingin gue wujudkan. tapi yang paling gue harapin secepat mungkin adalah Allah mewujudkan 17 + 8 tuntutan rakyat Indonesia","1963694112110203051","","","in","","0","1","0","https://x.com/undefined/status/1963694112110203051","1438187446982754305",
"1963688024195448834","Thu Sep 04 19:38:03 +0000 2025","0","Ini Isi Lengkap 17 + 8 Tuntutan Rakyat. Namun (maaf ya)menurutku jika Hutang negara tetap ada dan Kebijakan Bebas Pajak Bagi Pejabat Negara (Eksekutif di Legislatif &amp; Yudikatif) masih menyala ya akan percuma tuntutan paripurna ini. https://t.co/gUCPmFE866 via @metrotvnews","1963688024195448834","","","in","","0","0","0","https://x.com/undefined/status/1963688024195448834","1444986056202285057",
"1963681893955875244","Thu Sep 04 19:13:41 +0000 2025","2","17+8 Tuntutan Rakyat #ResetIndonesia https://t.co/FuDKAZPJhp","1963681893955875244","https://pbs.twimg.com/media/G0Blk3KaUAAAhfG.jpg","","in","","0","0","1","https://x.com/undefined/status/1963681893955875244","1614098204223754241",
"1963549187175584058","Thu Sep 04 18:51:48 +0000 2025","0","@kompascom Tega melihat pengangguran banyak sekali wakil rakyat nya d manjakan harus sm dgn tuntutan 17+8","1963676385911996441","","kompascom","in","","0","0","0","https://x.com/undefined/status/1963676385911996441","1642627278789283840",
"1963672613710094646","Thu Sep 04 18:36:49 +0000 2025","1","Tuntutan 17+8 itu ga akan ada kalo pemerintah kerjanya bener dan kaga ngaco nder. Lagian kebanyakan dari tuntutan itu udah lama disuarakan dan wajar aja kalo rakyat nuntut lagi karena emang belom dikelarin dari kapan tau.","1963672613710094646","","","in","","0","1","0","https://x.com/undefined/status/1963672613710094646","1177061546989518848",
"1963672472550879502","Thu Sep 04 18:36:15 +0000 2025","2","Meski diterpa gelombang protes dan gejolak politik Menko Perekonomian Airlangga Hartarto mengklaim kondisi ekonomi nasional relatif stabil. https://t.co/KbMhRZqDjQ https://t.co/m4iZrABVIa","1963672472550879502","https://pbs.twimg.com/media/G0BdtUPaEAAsYyM.png","","in","","0","1","0","https://x.com/undefined/status/1963672472550879502","214818815",
"1963671792729681968","Thu Sep 04 18:33:33 +0000 2025","15","PMII menilai penyampaian aspirasi langsung kepada Presiden Prabowo merupakan langkah strategis dibandingkan hanya melalui jalur legislatif. https://t.co/IF9WtcS4Hd https://t.co/orl6zrDLuH","1963671792729681968","https://pbs.twimg.com/media/G0BdFt9bgAAipeF.png","","in","","1","4","3","https://x.com/undefined/status/1963671792729681968","214818815",
"1963670329211150593","Thu Sep 04 18:29:35 +0000 2025","0","@ayaykatanya Berdasarkan pencarian terkini ada indikasi aksi demo lanjutan di Bandung pada 5 September 2025 sebagai bagian dari gerakan nasional 17+8 Tuntutan Rakyat meski Polda Jabar tidak beri izin unjuk rasa 1-5 September. Fokus utama di Jakarta. Namun belum ada konfirmasi resmi","1963670793885532386","","ayaykatanya","in","","0","0","0","https://x.com/undefined/status/1963670793885532386","1720665183188922368",
"1963669742449045955","Thu Sep 04 18:26:13 +0000 2025","0","dan penegasan 17+8 tuntutan rakyat sebagai agenda bersama untuk memulihkan ruang kebebasan sipil. Jika semua sudah terang benderang apakah negara siap berbenah secara nyata atau kita akan kembali menyaksikan siklus krisis berulang tanpa kepastian keadilan? https://t.co/ouvPoOVdOd","1963669948485849538","https://pbs.twimg.com/media/G0BbaETaIAADAL4.jpg","himakompolban","in","","0","1","0","https://x.com/undefined/status/1963669948485849538","481039005",
"1963669210636427537","Thu Sep 04 18:23:17 +0000 2025","0","Kawal 17+8 Tuntutan Rakyat https://t.co/1ehvHWT7Z7","1963669210636427537","https://pbs.twimg.com/media/G0BavXubcAA5oIy.jpg","","in","","0","0","0","https://x.com/undefined/status/1963669210636427537","1296755980449902593",
"1962741624959836437","Thu Sep 04 17:30:54 +0000 2025","0","@AndovidaLopez Semoga orang2 yg menyusun 17+8 tuntutan rakyat Indonesia suatu hari jadi anggota DPR biar DPR isinya orang2 yg akuntabel transparan &amp; punya nilai empati ","1963656026722537919","","AndovidaLopez","in","","0","0","0","https://x.com/undefined/status/1963656026722537919","147571790",
"1963613089200574652","Thu Sep 04 17:17:49 +0000 2025","0","@txtdrimedia klo ngurus tuntutan 17+8 aja repot coba bayangin rakyat yg semuanya hampir dipajakin","1963652733761904745","","txtdrimedia","in","","0","0","0","https://x.com/undefined/status/1963652733761904745","2172685490",
"1963651958398665137","Thu Sep 04 17:14:44 +0000 2025","1","menurut gue 17+8 tuntutan rakyat itu BARE MINIMUM ‍️‍️","1963651958398665137","","","in","","0","0","0","https://x.com/undefined/status/1963651958398665137","1470240783269724161",
"1963650672735523008","Thu Sep 04 17:09:37 +0000 2025","0","Segera sahkan 17+8 tuntutan/permintaan rakyat baru kami maafkan.","1963650672735523008","","","in","","0","0","0","https://x.com/undefined/status/1963650672735523008","1474977261400965120",
"1963266179918975048","Thu Sep 04 17:08:03 +0000 2025","2","@uvuveveonyeteve @UnitBerita Warna pink hijau yang viral ini adalah simbol solidaritas dalam Gerakan 17+8 Tuntutan Rakyat di Indonesia. Pink (Brave Pink) melambangkan keberanian terinspirasi dari Ibu Ana berkerudung pink. Hijau (Hero Green) melambangkan kepahlawanan dari jaket hijau simbol pengorbanan.","1963650274876354811","","uvuveveonyeteve","in","","0","0","0","https://x.com/undefined/status/1963650274876354811","1720665183188922368",
"1963647274283905250","Thu Sep 04 16:56:07 +0000 2025","2","YEAYYY TERIMAKASIH KAK CEBOLKU JG MAU IKUTAN KAWAL 17+8 TUNTUTAN RAKYAT!!! https://t.co/Yde5oki374","1963647274283905250","https://pbs.twimg.com/media/G0BGyQ9a0AAMDDQ.jpg","","in","","0","0","0","https://x.com/undefined/status/1963647274283905250","3223697748",
"1963646816639226218","Thu Sep 04 16:54:18 +0000 2025","0","Anggota DPR RI Fraksi Partai Kebangkitan Bangsa (PKB) Syamsu Rizal yang akrab disapa Dg Ical menegaskan pihaknya menyambut positif tuntutan masyarakat 17+8. Menurutnya suara rakyat menjadi pijakan utama PKB dalam menentukan langkah politik ke depan. https://t.co/2hIYyeLPUg","1963646816639226218","https://pbs.twimg.com/media/G0BGXz1bsAA3uop.jpg","","in","","0","0","0","https://x.com/undefined/status/1963646816639226218","297377331",
"1963535601808069028","Thu Sep 04 16:52:19 +0000 2025","0","@dobongguu Fr #ResetIndonesia segerakan 17+8 Tuntutan rakyat","1963646315449184478","","dobongguu","in","","0","0","0","https://x.com/undefined/status/1963646315449184478","1429023837765529609",
"1963537558819819819","Thu Sep 04 16:49:50 +0000 2025","0","@tanyakanrl I get your point tapi menurut gue tuntutan rakyat itu cuma pemantik awal biar mereka kerja. Kalo misalnya semua kerjaan mereka harus didikte rakyat ya keterlaluan bgt ga sih bjir??? Btw deadline-nya itu 1 minggu (17 tuntutan) + 1 tahun (8 tuntutan) ya sayangku.","1963645693752738043","","flwr_ceci","in","","0","1","0","https://x.com/undefined/status/1963645693752738043","1909895613573144576",
"1963643506859319647","Thu Sep 04 16:45:01 +0000 2025","0","yang 17 tuntutan itu bare minimum banget. dibagi pula tanggung jawabnya. it should be doable dengan man power sebanyak kalian. meanwhile 8 tuntutan itu yg bs dikerjain jangka panjang. kalo gamau repot ya pensiun aja pak. tugas kalian itu harusnya melayani rakyat loh","1963644479300407512","","rockstarwonwoo","in","","0","0","0","https://x.com/undefined/status/1963644479300407512","246688173",
"1963602956265152624","Thu Sep 04 16:43:08 +0000 2025","0","@MemoryF42523 @tempodotco Berdasarkan info terkini hingga 4 September 2025 Presiden Prabowo menyatakan telah mendengar 17+8 tuntutan rakyat dari aksi Agustus. Beberapa yang direspons: pembekuan kenaikan tunjangan/gaji DPR moratorium perjalanan luar negeri anggota DPR dan penghentian tunjangan rumah.","1963644006824644860","","MemoryF42523","in","","0","0","0","https://x.com/undefined/status/1963644006824644860","1720665183188922368",
"1963558429382865336","Thu Sep 04 16:39:02 +0000 2025","0","@HubbulMantiq @randomable_ 17+8 Tuntutan Rakyat adalah daftar 25 aspirasi rakyat Indonesia dari demo Agustus 2025 simbolisasi 17 Agustus + 8 poin tambahan. Fokus pada transparansi reformasi &amp; empati ke pemerintah/DPR. 17 tuntutan jangka pendek (deadline 5 Sep 2025): Tarik TNI investigasi kekerasan ","1963642973389996128","","HubbulMantiq","in","","0","0","0","https://x.com/undefined/status/1963642973389996128","1720665183188922368",
"1963558429382865336","Thu Sep 04 16:37:32 +0000 2025","0","@randomable_ @grok 17+8 tuntutan rakyat apa sih","1963642597907599778","","randomable_","in","","0","1","0","https://x.com/undefined/status/1963642597907599778","1500326251969806336",
"1963513836599980379","Thu Sep 04 16:33:55 +0000 2025","0","@mariadi63425147 @barengwarga Dalam 17+8 tuntutan rakyat tidak ada poin spesifik pecat Kapolri tapi ada tuntutan proses hukum pelaku kekerasan aparat (poin 11 pendek) dan reformasi kepolisian humanis (poin 5 panjang). Untuk hapus gaji pensiun DPR terkait di poin 3 pendek (bekukan kenaikan &amp; batalkan","1963641688158781663","","mariadi63425147","in","","0","0","0","https://x.com/undefined/status/1963641688158781663","1720665183188922368",
"1963440380738740418","Thu Sep 04 16:23:08 +0000 2025","0","@txtdrimedia trs kalian masih ngarep kita bayar pajak terus? darimana dpt duit kalo ga ada lapangan kerja? trs feedback buat rakyat emg ada? tuntutan 17+8 aja katanya repot.","1963638973303324731","","aydorablee","in","","0","0","0","https://x.com/undefined/status/1963638973303324731","1475329424283226113",
"1963638961579909231","Thu Sep 04 16:23:05 +0000 2025","1","#IndonesiaReset | #IndonesiaBerbenah | #BubarkanDPR_RI | PENUHI 17+8 TUNTUTAN RAKYAT.","1963638961579909231","","","in","","0","0","0","https://x.com/undefined/status/1963638961579909231","1730955716117327872",
"1963266315722064207","Thu Sep 04 16:14:12 +0000 2025","0","@JokoHQ Jadi nanti kalau sudah lewat 5 September baru ganti warna perjuangan yang baru kalau sudah ada. Ganti warna foto profil mah gampang lebih gampang dari kabulkan 17+8 tuntutan rakyat . Jangan berusaha buat kami lupa!","1963636725294485818","","JokoHQ","in","","0","1","0","https://x.com/undefined/status/1963636725294485818","2945842196",
"1963636381512540270","Thu Sep 04 16:12:50 +0000 2025","0","Mundur dia ga nanganin sendiri ya anjing buat apa bawahan ada Ampe 600 orang kalo tuntutan rakyat yang cuman 17+8 aja yang bare minimum satu negara dapetin gabisa dipenuhi... Tolol apa ya","1963636381512540270","","","in","","0","0","0","https://x.com/undefined/status/1963636381512540270","1343190632475455488",
"1963634710044606635","Thu Sep 04 16:06:12 +0000 2025","98","Mari pantau 17+8 tuntutan rakyat di website resmi ini https://t.co/a8cvQOZCdc","1963634710044606635","","","in","","0","0","50","https://x.com/undefined/status/1963634710044606635","1777741256598446084",
"1963633183888376229","Thu Sep 04 16:00:08 +0000 2025","0","WAH! anj! nambah lagi beban pikiran tolong lah icaa hey lu teh bego jangan di pelihara! beneran gak belajar dari yang sebelumnya???!!! gua mau nonton tds dengan tenang anj ini aja gua masih was-was sama status tuntutan rakyat 17+8 besok kayak gimana si ica malah mengada ulah","1963633183888376229","","","in","","0","0","0","https://x.com/undefined/status/1963633183888376229","263016990",
"1963631849353482280","Thu Sep 04 15:54:50 +0000 2025","9","Sejumlah aktivis dan influencer mendatangi Gedung DPR RI untuk menyerahkan surat tuntutan rakyat 17+8 secara resmi melalui Gerbang Pancasila. Aksi ini berlangsung Kamis (4/9/2025) siang. Mewakili Kolektif 17+8 Indonesia Berbenah yakni Jerome Polin Abigail Limuria Andovi da https://t.co/DzxD6uk9yA","1963631849353482280","https://pbs.twimg.com/amplify_video_thumb/1963629266811437057/img/vjYyxESz0jxHafbO.jpg","","in","","1","1","1","https://x.com/undefined/status/1963631849353482280","132078023",
"1963631563650023504","Thu Sep 04 15:53:41 +0000 2025","0","Penasihat Khusus Presiden Bidang Politik dan Keamanan Wiranto buka suara soal tuntutan publik bertajuk 17+8 Tuntutan Rakyat yang mencuat usai gelombang demonstrasi di berbagai daerah di Indonesia pada 25 31 Agustus 2025. Dalam keterangannya di Istana Kepresidenan RI Jakarta https://t.co/VGXILoKrZ2","1963631563650023504","https://pbs.twimg.com/media/G0A4gD4bMAAluhF.jpg","","in","","0","0","0","https://x.com/undefined/status/1963631563650023504","202500570",
"1963631036723843329","Thu Sep 04 15:51:36 +0000 2025","0","https://t.co/Jcv0y68VgX Menko Yusril pastikan pemerintah tanggapi positif tuntutan rakyat 17+8","1963631036723843329","","","in","","0","0","0","https://x.com/undefined/status/1963631036723843329","2421788773",
"1963630876962820447","Thu Sep 04 15:50:58 +0000 2025","1","Yang mau membaca apa itu 17+8 Tuntutan Rakyat dirangkum dari mana aja dan isinya apa aja Ini ada penjelasan singkat yg aku temukan ya. https://t.co/sF665HYaOa","1963630876962820447","","","in","","0","0","0","https://x.com/undefined/status/1963630876962820447","31044494",
"1963456128429294068","Thu Sep 04 15:50:53 +0000 2025","5","@DavidBeatt lagi dikasih PR yg 17+8 tuntutan dulu sambil istirahat demo malah dinaikin lagi pengalihan isu dari berbagai kategori biar rakyat pada pecah lagi fokusnya nanti klo udh tenggelem isu besarnya mereka tinggal pura2 kejadian kemaren gk pernah ada dan lanjut bikin kebijakan ngawur","1963630858675654719","","DavidBeatt","in","","0","0","1","https://x.com/undefined/status/1963630858675654719","1006218175170555905",
"1963625124554264586","Thu Sep 04 15:38:21 +0000 2025","2","@cindireulla #intinyadeh dy gk suka tuntutan 17+8 dibuat jd versi trello (task management app) krn terkesan 'corporate aesthetic' dan menurut dia jd menetralisasi tone marah rakyat sbnrnya terserah orang² mau free speech but personally idc man chill guys itu OP cm pengen ngerapiin aja","1963627701467758836","","cindireulla","in","","0","3","0","https://x.com/undefined/status/1963627701467758836","1870073815528812545",
"1963626764397150217","Thu Sep 04 15:34:37 +0000 2025","38","Ketua Umum Partai Golkar Bahlil Lahadalia mengatakan partainya akan mempelajari 17+8 tuntutan rakyat. Klik untuk baca: https://t.co/ObA03dM6VA | #BahlilLahadalia https://t.co/lVUjgfDQkx","1963626764397150217","https://pbs.twimg.com/media/G0A0IAObkAQBPpA.jpg","","in","","3","44","6","https://x.com/undefined/status/1963626764397150217","23343960",
"1963624911471350151","Thu Sep 04 15:27:15 +0000 2025","0","Gaji lu bisa 27x lebih besar dari rata2 income rakyat. Ya lu harus 27x lebih keras kerja nya daripada rakyat. Baru 17+8 tuntutan doang udah ropat repot mulu komen nya","1963624911471350151","","","in","","0","0","0","https://x.com/undefined/status/1963624911471350151","1841718943175856128",
"1963513836599980379","Thu Sep 04 15:26:16 +0000 2025","0","@athaya_naj86930 @barengwarga Berdasarkan info terkini hingga 4 September 2025 pemerintah (termasuk AHY) menyatakan siap berdialog soal 17+8 tuntutan rakyat. Namun belum ada konfirmasi pemenuhan konkret. Deadline besok (5 Sept) dan aksi protes berlanjut. Hasilnya bergantung negosiasi; masih tidak pasti.","1963624661763436589","","athaya_naj86930","in","","0","0","0","https://x.com/undefined/status/1963624661763436589","1720665183188922368",
"1963623974677745716","Thu Sep 04 15:23:32 +0000 2025","2","Indonesia movement 17+8 tuntutan rakyat brave pink and hero green #ArtistBersuara #ResetIndonesia https://t.co/Ipw3Br3oSg","1963623974677745716","https://pbs.twimg.com/media/G0AxlW3a0AAphU1.jpg","","in","","0","0","1","https://x.com/undefined/status/1963623974677745716","1005375793",
"1963621959750840651","Thu Sep 04 15:15:32 +0000 2025","156","Gerakan Buruh Bersama Rakyat membawa boneka tikus berdasi saat berunjuk rasa di kawasan Patung Kuda Jakarta pada Kamis (4/9). Boneka itu menjadi simbol kegagalan negara memberantas korupsi . Sementara di Senayan para pegiat menyerahkan 17+8 Tuntutan Rakyat kepada DPR. https://t.co/n1yt9aXJET","1963621959750840651","https://pbs.twimg.com/amplify_video_thumb/1963619529600503808/img/ze_UCF4A133GEmtC.jpg","","in","","1","0","58","https://x.com/undefined/status/1963621959750840651","23772644",
"1963537558819819819","Thu Sep 04 15:12:31 +0000 2025","0","@tanyakanrl kl singkatnya nih ya 5 september itu cuma deadline mereka (dpr polri) buat setuju dan laksanakan sesuai dengan 17+8 tuntutan yg di minta rakyat. Untuk peraturannya mah insya Allah selamanya bukan dengan yg kamu bayangkan itu. Paham ga? kl ga paham ya itu td tonton aja hehehe","1963621201852731885","","thecassiopeiaa","in","","0","0","0","https://x.com/undefined/status/1963621201852731885","1505127206644711425",
"1963146304403775667","Thu Sep 04 15:08:50 +0000 2025","1","@diluci terimakasihh banyakk untukk kakakk anonn dann kakk zen yangg sudahh mengadakann GA nya! semogaa Indonesia segera membaik dengan di sahkannya 17+8 tuntutan rakyat dimana kita semua merasa didengar oleh mereka yang berkuasa :(( #ResetIndonesia","1963620276039815552","","diluci","in","","0","0","0","https://x.com/undefined/status/1963620276039815552","1921090879936397312",
"1963618974882726199","Thu Sep 04 15:04:08 +0000 2025","0","Istana tanggapi tuntutan 17+8 pemerintah akui tidak semua bisa dipenuhi sekaligus https://t.co/bgHtmwTbxZ","1963619093522919794","","apluswire","in","","0","0","0","https://x.com/undefined/status/1963619093522919794","1814244850084233216",
"1963618774487372185","Thu Sep 04 15:02:52 +0000 2025","0","Asal Usul 17+8 Tuntutan Rakyat Upaya Rangkum Aspirasi Masyarakat https://t.co/TJN4MW6BBV","1963618774487372185","","","in","","0","0","0","https://x.com/undefined/status/1963618774487372185","132078023",
"1963618473378242983","Thu Sep 04 15:01:40 +0000 2025","0","tiap di base ada yang nanya pembagian kelas kapan 17+8 tuntutan rakyat mulai terkabul satu-satu","1963618473378242983","","","in","","0","1","0","https://x.com/undefined/status/1963618473378242983","1376433684933275654",
"1963618206079488345","Thu Sep 04 15:00:37 +0000 2025","1","Dibayar beratusan juta 17+8 tuntutan aja sulit ngundurin diri aja. Kan dibayar rakyat rakyat request ya kalau gamau mundur.","1963618206079488345","","","in","","0","0","0","https://x.com/undefined/status/1963618206079488345","1277878382684827649",
"1963617630868443164","Thu Sep 04 14:58:20 +0000 2025","45","Reportnya Di Mana Pak?? Kan Rakyat Yang Meminta! Wiranto soal 17+8 Tuntutan Rakyat: Kalau Semua Dipenuhi Repot Penasihat Khusus Presiden Bidang Politik dan Keamanan Wiranto angkat bicara terkait kampanye 17+8 Tuntutan Rakyat yang bergema setelah rentetan aksi demonstrasi di https://t.co/UQaSGXVfW3","1963617630868443164","https://pbs.twimg.com/ext_tw_video_thumb/1963617600610734083/pu/img/Pwv4ZgPNx_nvoDCC.jpg","","in","","3","31","14","https://x.com/undefined/status/1963617630868443164","1875086359578472450",
"1962940380170895459","Thu Sep 04 14:57:59 +0000 2025","0","dan baru lagi kasus nadiem ditangkep. ditengah gencar2nya berita demo. strategi apa lgi ini yg dimainin antara owi dan wowo? ini udh pasti pengalihan isu biar publik fokus ke nadiem dan melupakan 17+8 tuntutan rakyat.","1963617544939704513","","rizkykaja","in","","0","1","0","https://x.com/undefined/status/1963617544939704513","307834486",
"1963558429382865336","Thu Sep 04 14:56:00 +0000 2025","0","@wonfeelmyhear @jombI0 @randomable_ Terima kasih atas penjelasannya kak memang kita harus kroscek beritanya terlebih dahulu. Ini diluar konteks berita tapi setelah ku baca tuntutan yg 17+8 itu seharusnya dari AWAL itu ya harus dilaksanakan karena tuntutannya itu ya bare minimum mereka sbg wakil rakyat","1963617044454117860","","wonfeelmyhear","in","","0","0","0","https://x.com/undefined/status/1963617044454117860","1484001683416162305",
"1963491796257734864","Thu Sep 04 14:54:40 +0000 2025","26","@markisamelon @mahrennn Kan memang buat pengalihan isu soal isu 17+8 tuntutan rakyat ","1963616711036604858","","markisamelon","in","","0","0","0","https://x.com/undefined/status/1963616711036604858","2446115528",
"1963615125539291305","Thu Sep 04 14:48:22 +0000 2025","0","Selain berantemin pemerintah semesta ini bikin aku berantem sama fans Ex CP yang gk move on padahal kapalku hasil delulu. YANG HARUS DI SERIUSIN ITU 17+8 TUNTUTAN RAKYAT BUKAN cuitan fans GOSH SHIPPP","1963615125539291305","","","in","","0","0","0","https://x.com/undefined/status/1963615125539291305","1876073138322345985",
"1963194302609199204","Thu Sep 04 14:44:25 +0000 2025","0","@sirenbue terimakasihh banyakk untukk kakakk anonn dann kakk sire yangg sudahh mengadakann GA nya! semogaa Indonesia segera membaik dengan di sahkannya 17+8 tuntutan rakyat dimana kita semua merasa didengar oleh mereka yang berkuasa :(( #ResetIndonesia","1963614131946492128","","sirenbue","in","","0","0","0","https://x.com/undefined/status/1963614131946492128","1921090879936397312",
"1963610547817009359","Thu Sep 04 14:39:26 +0000 2025","215","@tanyarlfes Udah yuk up berita ini terus fokus ke tujuan utamanya nder. Inget 17+8 tuntutan dari rakyat buat dibahas dpr","1963612876205408748","","tanyarlfes","in","","0","2","7","https://x.com/undefined/status/1963612876205408748","1941053335311994884",
"1963611596434891195","Thu Sep 04 14:34:21 +0000 2025","40","#SudutRajutSpecialChallenge #BravePinkHeroGreen Di tengah negara yg lagi ngga baik-baik aja sebisa mungkin tetep jaga kesehatan ya semuanya. Eat well drink water get a proper rest too. Semoga petinggi negara ini cepat berbenah. 17+8 Tuntutan Rakyat segera dipenuhi https://t.co/T8pHxemmCY","1963611596434891195","https://pbs.twimg.com/media/G0AmVwzbkAcGFBm.jpg","","in","","0","2","5","https://x.com/undefined/status/1963611596434891195","602042379",
"1963266179918975048","Thu Sep 04 14:33:46 +0000 2025","0","@untungsurapatih @UnitBerita Tren ganti profil pink-hijau ini simbol solidaritas rakyat Indonesia pasca demo 28 Agustus 2025. Brave Pink terinspirasi ibu berjilbab pink yang berani hadapi aparat sementara Hero Green wakili kepahlawanan. Bagian dari gerakan 17+8 Tuntutan Rakyat untuk perubahan sosial.","1963611449118658977","","untungsurapatih","in","","0","0","0","https://x.com/undefined/status/1963611449118658977","1720665183188922368",
"1963608761203134697","Thu Sep 04 14:32:00 +0000 2025","2","Peta topik pemberitaan media fokus pada Brave Pink Hero Green &amp; Tuntutan Rakyat . Media secara konsisten mengaitkan tren foto profil di medsos dengan gerakan 17+8 Tuntutan Rakyat serta figur inspirasi di baliknya. Apa contoh narasi positifnya? https://t.co/SP59wZCNpt","1963611005168054347","https://pbs.twimg.com/media/G0Alx27aIAANieu.jpg","DroneEmpritOffc","in","","0","1","2","https://x.com/undefined/status/1963611005168054347","1795626371735293952",
"1963608761203134697","Thu Sep 04 14:29:23 +0000 2025","2","TikTok menjadi platform kunci penyebaran gerakan. Konten paling viral berisi: 1) Tutorial membuat foto profil pink-hijau. 2) Video penjelasan makna simbolis. 3) Opini yang mengaitkan gerakan dengan 17+8 Tuntutan Rakyat . Kata-kata apa saja yang paling banyak digunakan? https://t.co/EmkNUhr4kp","1963610347006525735","https://pbs.twimg.com/media/G0AlNCtbkAkmlX9.jpg","DroneEmpritOffc","in","","0","1","2","https://x.com/undefined/status/1963610347006525735","1795626371735293952",
"1963610113346080953","Thu Sep 04 14:28:27 +0000 2025","19","Wkwkwk sehabis membaca opini lucu tuntutan 17+8 ini tuh gak masuk akal dan gak relevan Wooww negara lain turut membantu kita menyampaikan aspirasi warga negara sendiri mengkritik sesama rakyat yg sedang meminta hak mereka. Pantes negara gak maju2","1963610113346080953","","","in","","0","2","1","https://x.com/undefined/status/1963610113346080953","1567491254346448896",
"1963609747849875670","Thu Sep 04 14:27:00 +0000 2025","22","BEM UI Bakal Demo Lagi Pekan Ini Gaungkan Agenda Besar 17+8 Tuntutan Rakyat dari Suara Publik Badan Eksekutif Mahasiswa (BEM) Universitas Indonesia (UI) berencana menggelar aksi demonstrasi pekan ini. Aksi tersebut mengusung agenda besar bertajuk 17+8 Tuntutan Rakyat yang https://t.co/xIXdIIZ87M","1963609747849875670","https://pbs.twimg.com/amplify_video_thumb/1963507660571250688/img/D128Csv7OJTNxURj.jpg","","in","","1","3","10","https://x.com/undefined/status/1963609747849875670","124171593",
"1963609495562485914","Thu Sep 04 14:26:00 +0000 2025","10","Tokoh Masyarakat Minta Pemerintah Dengarkan 17+8 Tuntutan Rakyat https://t.co/jq9abjV5eO","1963609495562485914","","","in","","0","2","3","https://x.com/undefined/status/1963609495562485914","39677695",
"1963609366244086188","Thu Sep 04 14:25:29 +0000 2025","0","Mulai bisikan setan! Up. Presiden RI @prabowo ingat Demonstrasi blom usai suasana bathin Rakyat masih panas jgn ngibul! sok berpolitik kek Wiranto. 17+8 wajib dipenuhi. Wiranto soal Tuntutan 17+8 ke Prabowo: Kalau Semua Dipenuhi Repot https://t.co/jk1Fn4ZZ51","1963609366244086188","","","in","","0","0","0","https://x.com/undefined/status/1963609366244086188","389336140",
"1963607833586667759","Thu Sep 04 14:24:48 +0000 2025","0","@febbyansa Hahahah simbol solidaritas kak untuk 17+8 tuntutan rakyat","1963609193132470700","","febbyansa","in","","0","0","0","https://x.com/undefined/status/1963609193132470700","1925469525870514176",
"1963609176279847122","Thu Sep 04 14:24:44 +0000 2025","1","BAM Akan Serahkan Langsung Dokumen 17+8 Tuntutan Rakyat ke Pimpinan DPR https://t.co/AakLDaKcbZ","1963609176279847122","","","in","","0","0","1","https://x.com/undefined/status/1963609176279847122","848614550",
"1963608488472711580","Thu Sep 04 14:22:07 +0000 2025","0","intinya bukan beda pendapat dari banyaknya kepala di pemerintahan tapi bagaimana menyatukan tujuan yang benar-benar mewakilkan suara rakyat. maka semoga momen 17+8 tuntutan rakyat ini bisa mengubah sistem yang selama ini merugikan rakyat di Indonesia semoga...","1963608517505683953","","sukaengkaw","in","","0","0","0","https://x.com/undefined/status/1963608517505683953","1370878056299032576",
"1963607343092174875","Thu Sep 04 14:17:27 +0000 2025","1"," Wiranto Buka Suara Soal 17+8 Tuntutan Rakyat ! Klik untuk baca selengkapnya di Update Nusantara https://t.co/ucvnMeg4Ox #UpdateNusantara #BeritaTerkini #TuntutanRakyat #Prabowo #Wiranto #fblifestyle https://t.co/Zd6Xz24jzd","1963607343092174875","https://pbs.twimg.com/media/G0AieOnbQAA2dNj.jpg","","in","","0","0","0","https://x.com/undefined/status/1963607343092174875","1652953394573877253",
"1963607184954331165","Thu Sep 04 14:16:49 +0000 2025","1"," Deadline DPR Mepet! Baca Selengkapnya di Update Nusantara: https://t.co/u0ze2vZiUN #TuntutanRakyat #DPRRI #UpdateNusantara #BeritaTerkini #PolitikIndonesia #fblifestyl https://t.co/BkodKu0H3x","1963607184954331165","https://pbs.twimg.com/media/G0AiVATbkAI3eGj.jpg","","in","","0","0","0","https://x.com/undefined/status/1963607184954331165","1652953394573877253",
"1963606950156910884","Thu Sep 04 14:15:53 +0000 2025","0","Wakil Ketua MPR Pastikan 17+8 Tuntutan Rakyat Didengar-Ditindaklanjuti https://t.co/Tw8aeRxbjw","1963606950156910884","","","in","","0","0","0","https://x.com/undefined/status/1963606950156910884","1578222594",
"1963605815010730114","Thu Sep 04 14:11:22 +0000 2025","0","Wakil Kepala Staf Kepresidenan RI Muhamad Qodari berterima kasih pada Kolektif 17+8 yang sudah merangkumkan tuntutan-tuntutan yang beredar di masyarakat. Qodari juga menyebut isi dari tuntutan rakyat itu sama dengan keinginan Presiden Prabowo. Menurut Qodari akar dari segala https://t.co/16C3O3SJfS","1963605815010730114","https://pbs.twimg.com/amplify_video_thumb/1963605499959808002/img/953ih13EMUcIz8q4.jpg","","in","","0","0","0","https://x.com/undefined/status/1963605815010730114","132078023",
"1963603279222628490","Thu Sep 04 14:01:18 +0000 2025","0","Wiranto bukan presentasi dari @prabowo sehingga diabaikan saja! Kita tunggu saja besok apakah Presiden Prabowo dan seluruh pimpinan @DPR_RI bisa memenuhi 17+8 tuntutan rakyat.","1963603279222628490","","","in","","0","0","0","https://x.com/undefined/status/1963603279222628490","1934160002920628224",
"1963603036032700867","Thu Sep 04 14:00:20 +0000 2025","0","Prabowo Sudah Dengar 17 8 Tuntutan Rakyat Wiranto: Tentu Tidak Serentak Semua Dipenuhi https://t.co/hLimxktpN1 lewat @tribunnews #prabowo #tuntutanrakyat #wiranto #news","1963603036032700867","","","in","","0","0","0","https://x.com/undefined/status/1963603036032700867","483408930",
"1963602045291958649","Thu Sep 04 13:56:24 +0000 2025","0","lebih repot mana rakyat mogok bayar pajak or penuhi semua tuntutan 17+8 itu?","1963602045291958649","","","in","","0","1","0","https://x.com/undefined/status/1963602045291958649","1183039998104199168",
"1963601349783736439","Thu Sep 04 13:53:38 +0000 2025","1","Roman nya suara kita tak didengar. #RIPDemocracy 17+8 Tuntutan Rakyat","1963601349783736439","","","in","","0","0","0","https://x.com/undefined/status/1963601349783736439","1518291747851231233",
"1963601337259819446","Thu Sep 04 13:53:35 +0000 2025","0","Dibukakan Gerbang DPR Jerome Polin hingga Andovi Da Lopez Serahkan Tuntutan Rakyat 17+8 https://t.co/Wtdjt3TO4R https://t.co/ssPhLSIWsZ","1963601337259819446","https://pbs.twimg.com/media/G0AdAtJbkAI9Uri.jpg","","in","","0","1","0","https://x.com/undefined/status/1963601337259819446","171833463",
"1963531393637736711","Thu Sep 04 13:43:50 +0000 2025","0","@tempodotco Halah paling ini pengalihan isu tuntutan rakyat 17+8 besok kann terakhirr","1963598884787409357","","tempodotco","in","","0","0","0","https://x.com/undefined/status/1963598884787409357","98377583",
"1963597487610236951","Thu Sep 04 13:38:17 +0000 2025","0","jangankan 17 + 8 tuntutan rakyat beliau aja nggak bisa penuhi panggilan pengadilan HAM atas tindakan penculikan 9 aktivis tahun 98 yang dia lakukan ️","1963597487610236951","","","in","","0","0","0","https://x.com/undefined/status/1963597487610236951","1861383256580726789",
"1963595867790983659","Thu Sep 04 13:31:51 +0000 2025","189","Besok (5/09/25) adalah deadline tuntutan 17+8. Apa aja yang sudah dewan perwakilan rakyat checklist? #ResetIndonesia https://t.co/lLybBUjLq6","1963595867790983659","https://pbs.twimg.com/ext_tw_video_thumb/1963595750161747971/pu/img/RWxATL1daf5BYEDt.jpg","","in","","2","2","71","https://x.com/undefined/status/1963595867790983659","1486916778471333888",
"1963592099430818147","Thu Sep 04 13:16:52 +0000 2025","3","to my lovely fellow Dailys untuk final ep memoir of rati besok aku mohon maaf masih belum bisa ikut naikin ht since besok adalah deadline 17+8 tuntutan rakyat i'll be focusing on that first please send my love to aouboom and greatinn️","1963592099430818147","","","in","","0","0","1","https://x.com/undefined/status/1963592099430818147","1885670641141178368",
"1963591863572861134","Thu Sep 04 13:15:56 +0000 2025","0","The most ironic thing with tuntutan 17+8 adalah semua hal itu dipikirkan oleh rakyat solusi dari rakyat yg seharusnya semua solusi bernegara dipikirkan oleh pemerintah. Cause we re all paid them not for nothing. Panjang umur perjuangan.","1963591863572861134","","","in","","0","0","0","https://x.com/undefined/status/1963591863572861134","1220678718",
"1963591627865457084","Thu Sep 04 13:15:00 +0000 2025","10","Pink dan hijau jadi simbol keberanian perempuan melawan. 17+8 Tuntutan Rakyat disuarakan. Tuntutan jangka pendek dibatasi sampai 5 September 2025 harus dipenuhi. Apa yang akan dilakukan jika itu tak terjadi? Rosianna Silalahi mengundang: 1. Veronica Tan - Wakil Menteri https://t.co/bBjddsq5OB","1963591627865457084","https://pbs.twimg.com/amplify_video_thumb/1963554754761822208/img/iDs3KAtacgRJKHss.jpg","","in","","1","1","1","https://x.com/undefined/status/1963591627865457084","71436318",
"1963589570458517850","Thu Sep 04 13:06:49 +0000 2025","0"," hi kali aja disini ada cewek cewek yang punya band atau mau manggunh di acara gigs di pamulang. kalo ada yanh tertarik rep yaaa nanti aku dm untuk info lebih lanjut. btw gigsnya tema perlawanan soal 17+8 tuntutan rakyat. trimakasih","1963589570458517850","","","in","","0","0","0","https://x.com/undefined/status/1963589570458517850","971046235925774341",
"1963558429382865336","Thu Sep 04 13:05:11 +0000 2025","0","@firmanasnotu @randomable_ 17+8 Tuntutan Rakyat muncul dari demo Agustus 2025 desak reformasi pemerintah DPR polisi TNI &amp; ekonomi. 17 tuntutan jangka pendek (hingga 5 Sept 2025): Tarik TNI dari sipil investigasi korban demo beku kenaikan gaji DPR transparansi anggaran pecat kader tak etis ","1963589155512095155","","firmanasnotu","in","","0","0","0","https://x.com/undefined/status/1963589155512095155","1720665183188922368",
"1963588005291332074","Thu Sep 04 13:00:36 +0000 2025","13","Tanggapi 17+8 Tuntutan Rakyat Menko Polkam: Aspirasi Ditangani Bijaksana https://t.co/3flyIqhaUo","1963588005291332074","","","in","","0","51","0","https://x.com/undefined/status/1963588005291332074","388190238",
"1963587528247669202","Thu Sep 04 12:58:43 +0000 2025","0","Masih bilang bangsa kita bangsa yg santun...ya TUHAN kurang santun apa rakyat negri ini pak ....gua lagi nunggu pak @prabowo bilang semua pembantu itu ABS ( Asal Bapak Senang )....jika tuntutan 17+8 tdk bisa dijalankan...MELEDAK! https://t.co/900P1qwS9D","1963587528247669202","https://pbs.twimg.com/media/G0AQc0jbkAIutGj.jpg","","in","","0","0","0","https://x.com/undefined/status/1963587528247669202","1507008029556097028",
"1963586735389983156","Thu Sep 04 12:55:34 +0000 2025","0","Semenjak diinisiasi di era Presiden SBY dan masuk ke dalam '17+8 Tuntutan Rakyat' pemerintah menyerahkan tugas agar RUU Perampasan Aset segera dikebut DPR. Pasalnya RUU Perampasan Aset harus dibuat rencananya dan digelar RDPU untuk menampung pendapat berbagai pihak. Serta https://t.co/m6qRrH0HbP","1963586735389983156","https://pbs.twimg.com/ext_tw_video_thumb/1963586689613307904/pu/img/ZO4jY4G-qJOxAEZj.jpg","","in","","0","0","0","https://x.com/undefined/status/1963586735389983156","47596019",
"1963210434443669938","Thu Sep 04 12:52:59 +0000 2025","0","@tempodotco Buyan... bukan utk saat ini saja ko. seterusnya... Krn klean semua telah membuat hati dan kehidupan kami hancur percayalah ...saat ini TDK ada satupun rakyat yg percaya sama pemerintahan sebelum tuntutan 17+8 itu terwujud. Hanya koloni klean yg masih percaya..","1963586086795682276","","tempodotco","in","","0","0","0","https://x.com/undefined/status/1963586086795682276","1860519450812035072",
"1963585854741336413","Thu Sep 04 12:52:04 +0000 2025","0","Hi all kalian bisa pantau update 17+8 tuntutan rakyat yang bisa di cek secara berkala pada web ini (someone made this). Jujur UI/UX design nya cakep bahkan lebih kalcer daripada punya pemerintah. Yuk sama-sama mengawal #wargajagawarga #ResetIndonesia https://t.co/F5oqrNL6xL","1963585854741336413","","","in","","0","0","0","https://x.com/undefined/status/1963585854741336413","1474325222874513414",
"1963585597605364171","Thu Sep 04 12:51:02 +0000 2025","0","Si gundul harus serius nih mewujudkan 17+8 Tuntutan Rakyat kalo ngga --aduh tkt kena uu ite","1963585597605364171","","","in","","0","2","0","https://x.com/undefined/status/1963585597605364171","1183244730311696385",
"1963585000109920700","Thu Sep 04 12:48:40 +0000 2025","1455","Aktor/influencer Andovi Da Lopez kembali turun ke jalan untuk menyuarakan serta mengawal tuntutan rakyat 17+8. #demo #dpr #andovi #cut https://t.co/ahpJwoBKQL","1963585000109920700","https://pbs.twimg.com/amplify_video_thumb/1963575944654061569/img/Z1z1X3sYw5FIuBUR.jpg","","in","","7","16","524","https://x.com/undefined/status/1963585000109920700","23343960",
"1963558429382865336","Thu Sep 04 12:47:06 +0000 2025","0","@Vikry72350632 @randomable_ Ini tangkapan layar berita https://t.co/ULFjxfLZ2v tentang pernyataan Wiranto soal 17+8 Tuntutan Rakyat . Ia bilang kalau semua tuntutan dipenuhi bakal repot. 17+8 adalah 17 tuntutan jangka pendek (deadline 5/9/2025) dan 8 jangka panjang (31/8/2026) dari aktivis ke","1963584606952964364","","Vikry72350632","in","","0","1","0","https://x.com/undefined/status/1963584606952964364","1720665183188922368",
"1963576795686736354","Thu Sep 04 12:43:45 +0000 2025","2","@Reivolusi @Mdy_Asmara1701 Tuntutan 17+8 adalah aspirasi rakyat Indonesia dari aksi Agustus 2025 terdiri dari 17 tuntutan jangka pendek (dalam 1 minggu) &amp; 8 jangka panjang (dalam 1 tahun). Berikut detailnya berdasarkan sumber terverifikasi: **17 Tuntutan Pendek:** 1. Tarik TNI dari pengamanan sipil ","1963583762111033806","","Reivolusi","in","","1","0","1","https://x.com/undefined/status/1963583762111033806","1720665183188922368",
"1963583737288949945","Thu Sep 04 12:43:39 +0000 2025","4","Influencer hingga Masyarakat Sipil Dokumen 17+8 Tuntutan Rakyat ke DPR RI https://t.co/JhugdnybOg","1963583737288949945","","","in","","0","1","1","https://x.com/undefined/status/1963583737288949945","848614550",
"1963583307020632276","Thu Sep 04 12:41:56 +0000 2025","0","Para aktivis hingga influencer menyerahkan tuntutan rakyat 17+8 atau 17 tuntutan jangka pendek dan 8 tuntutan jangka panjang ke DPR RI. Penyerahan dilakukan oleh perwakilan Kolektif 17+8 Indonesia Berbenah. https://t.co/HF2QGnKoqf","1963583307020632276","https://pbs.twimg.com/media/G0AMiNBbUAAnlqd.jpg","","in","","0","0","0","https://x.com/undefined/status/1963583307020632276","1280104088311484416",
"1963583054502306149","Thu Sep 04 12:40:56 +0000 2025","0","1 hari lagi 17+8 tuntutan rakyat","1963583054502306149","","","in","","0","0","0","https://x.com/undefined/status/1963583054502306149","1883457152519696384",
"1963581894479556848","Thu Sep 04 12:36:19 +0000 2025","0","Bismillah semoga surat 17+8 tuntutan rakyat yang dibuat oleh seluruh perwakilan rakyat kolektif dari lembaga organisasi dan individu strategis di bidang kajian strategis publik lembaga hukum sosial politik dan akademisi jadi akar perubahan sistem konstitusi #ResetIndonesia","1963581894479556848","","","in","","0","0","0","https://x.com/undefined/status/1963581894479556848","227876177",
"1963580984147763695","Thu Sep 04 12:35:02 +0000 2025","0","Ketika sosial media berhasil digunakan untuk kemajuan dan kepentingan negara. Rakyat Indonesia kawal terus Tuntutan 17+8 https://t.co/b3119APXql","1963581570255618478","https://pbs.twimg.com/media/G0ALCAUbkAM8as0.jpg","yosuadarvino","in","","0","0","0","https://x.com/undefined/status/1963581570255618478","797757606",
"1963558429382865336","Thu Sep 04 12:33:40 +0000 2025","0","@BoyHota78755 @randomable_ 17+8 Tuntutan Rakyat adalah desakan reformasi di Indonesia. 17 pendek (deadline 5 Sept 2025): tarik TNI dari sipil investigasi korban kekerasan bekukan gaji DPR transparansi anggaran sanksi kader parpol bebaskan demonstran hentikan kekerasan polisi TNI ke barak upah","1963581225328836815","","BoyHota78755","in","","0","0","0","https://x.com/undefined/status/1963581225328836815","1720665183188922368",
"1963580677909324141","Thu Sep 04 12:31:29 +0000 2025","0","As much as I want 17+8 Tuntutan Rakyat terkabul tapi kelihatannya hal-hal tersebut unlikely terkabul satu per satu. deep down I know they don't want to work on that karena; 1. Presiden kita tone deaf 2. Wapresnya juga sama 3. They don't want to get RICO'd ","1963580677909324141","","","in","","0","1","0","https://x.com/undefined/status/1963580677909324141","4245318792",
"1963580664063693077","Thu Sep 04 12:31:26 +0000 2025","4","Semenjak diinisiasi di era Presiden SBY dan masuk ke dalam '17+8 Tuntutan Rakyat' pemerintah menyerahkan tugas agar RUU Perampasan Aset segera dikebut DPR. Pasalnya RUU Perampasan Aset harus dibuat rencananya dan digelar RDPU untuk menampung pendapat berbagai pihak. Serta https://t.co/3rHiszMeCa","1963580664063693077","https://pbs.twimg.com/ext_tw_video_thumb/1963580479182872576/pu/img/qy6uzdM29wMxyUPb.jpg","","in","","0","1","1","https://x.com/undefined/status/1963580664063693077","47596019",
"1963579752255488344","Thu Sep 04 12:27:49 +0000 2025","73","Sejumlah pegiat medsos hingga influencer menyerahkan tuntutan rakyat '17+8' ke perwakilan DPR Kamis (04/09). Mereka menuntut bukti konkret dan bukan janji semata. Apa itu aksi damai dan tuntutan 17+8? https://t.co/8EVgAWAS9n","1963579752255488344","","","in","","1","0","35","https://x.com/undefined/status/1963579752255488344","23772644",
"1963579335048048777","Thu Sep 04 12:26:09 +0000 2025","0","Setelah serangkaian aksi unjuk rasa Dewan Perwakilan Rakyat (DPR) RI akhirnya secara resmi menerima perwakilan mahasiswa untuk berdialog. Pertemuan ini bertujuan untuk membahas 17+8 tuntutan rakyat yang menjadi isu utama dalam demonstrasi yang terjadi di berbagai daerah. https://t.co/M4YiZuGYOa","1963579335048048777","https://pbs.twimg.com/media/G0AI-tabkAQzZO7.jpg","","in","","0","0","1","https://x.com/undefined/status/1963579335048048777","1726143628836499456",
"1963579114733842478","Thu Sep 04 12:25:17 +0000 2025","1","Demo udah jalan berhari-hari. 17+8 tuntutan rakyat bergema di sosial media. Salah satunya: sahkan &amp; tegakkan UU Perampasan Aset Koruptor. Nah inget nggak? Beberapa bulan lalu kita sempat dihebohkan kasus laptop pengadaan Kemendikbud Kasus ini bukti nyata kenapa rakyat muak.","1963579114733842478","","","in","","0","1","0","https://x.com/undefined/status/1963579114733842478","1734543509846458369",
"1963578403199631411","Thu Sep 04 12:22:27 +0000 2025","21","dari kami yang bersuara tolong tuntaskan 17+8 tuntutan rakyat. #ResetIndonesia https://t.co/jH3WPte2nW","1963578403199631411","https://pbs.twimg.com/media/G0AHeF7bAAAK7Hz.jpg","","in","","0","1","3","https://x.com/undefined/status/1963578403199631411","1823138992642228224",
"1963576795686736354","Thu Sep 04 12:16:04 +0000 2025","871","Tuntutan Rakyat 17+8 Pegiat Medsos Desak DPR &amp; Pemerintah Bertindak Nyata https://t.co/S7LpXLYEgz","1963576795686736354","https://pbs.twimg.com/ext_tw_video_thumb/1963576500294488069/pu/img/2g373rT2uQZ_AtFU.jpg","","in","","6","19","354","https://x.com/undefined/status/1963576795686736354","1334853481019056128",
"1963576094491086908","Thu Sep 04 12:13:17 +0000 2025","0","Tuntutan 17+8 baru di terima hari ini sedangkan besok deadlinenya emng bisa ngerjain secepat itu? Apakah bisa ngebut seperti merancang UU TNI aku sih ga percaya akan bisa cepet kalo yang request rakyat sendiri ","1963576094491086908","","","in","","0","0","0","https://x.com/undefined/status/1963576094491086908","782946523067711489",
"1963575810402537570","Thu Sep 04 12:12:09 +0000 2025","0","ini 02 voter kok malah pada fokus ke ibu hijab pink dah fokus kita sekarang kan harusnya ke pemerintah buat realisasiin 17+8 tuntutan rakyat ","1963575810402537570","","","in","","0","2","0","https://x.com/undefined/status/1963575810402537570","1334176720052600838",
"1963575706249818333","Thu Sep 04 12:11:44 +0000 2025","0","17+8 Tuntutan Rakyat - Bijak Memantau https://t.co/BGtcmFmhOZ","1963575706249818333","","","in","","0","0","0","https://x.com/undefined/status/1963575706249818333","2357311578",
"1963574342337417514","Thu Sep 04 12:06:19 +0000 2025","0","Daftar Influencer yang Datangi DPR RI Minta 17 8 Tuntutan Rakyat Jangka Pendek Selesai Besok https://t.co/130Wbrx6W6 lewat @tribunnews #influencer #dpr #andovidalopez #jeromepolin #tuntutanrakyat #Tuntutan178","1963574342337417514","","","in","","0","0","0","https://x.com/undefined/status/1963574342337417514","483408930",
"1963541652678873497","Thu Sep 04 12:06:00 +0000 2025","2","@Zuxhinnn @txtdrimedia 17 + 8 = 25. Dalam konteks ini 17+8 merujuk pada 17 tuntutan jangka pendek (hingga 5 Sep 2025) dan 8 tuntutan jangka panjang (hingga 31 Agt 2026) dari rakyat Indonesia fokus pada transparansi reformasi dan empati diserahkan ke DPR. Simbol dari 17 Agustus.","1963574264118087944","","Zuxhinnn","in","","0","0","0","https://x.com/undefined/status/1963574264118087944","1720665183188922368",
"1963574161575645371","Thu Sep 04 12:05:36 +0000 2025","2","Harusnya jangan demo. Dasar rakyat goblok. Udah tau influencer dan seleb sudah mewakilu kalian lewat 17+8 tuntutan rakyat malah tetep pengen demo! Tolong hargai keadaan. Kelas menengah sudah mulai tenang dan Negara udah mulai kompak sama mereka. Rakyat kecil tolong diam. Tunggu.","1963574161575645371","","","in","","0","0","0","https://x.com/undefined/status/1963574161575645371","1645599548",
"1963573792069857430","Thu Sep 04 12:04:08 +0000 2025","0","jktinfo &gt; Sejumlah pemengaruh musisi komunitas hingga jejaring organisasi masyarakat sipil yang tergabung dalam kelompok Kolektif 17+8 Indonesia Berbenah menyerahkan langsung dokumen fisik tuntutan rakyat 17+8 kepada DPR RI. https://t.co/lVVbF3Qk8z #jktinfo","1963573792069857430","","","in","","0","0","0","https://x.com/undefined/status/1963573792069857430","1015934791772921857",
"1963573310731817081","Thu Sep 04 12:02:13 +0000 2025","196","Sejumlah perwakilan masyarakat menyerahkan dokumen 17+8 Tuntutan Rakyat secara langsung ke Gedung DPR RI Senayan Jakarta Pusat Kamis (4/9/2025) sore. Penyerahan tersebut dilakukan di depan Gerbang Pancasila DPR RI oleh perwakilan yang berasal dari Kolektif 17+8 Indonesia https://t.co/IrPrk7cRVJ","1963573310731817081","https://pbs.twimg.com/amplify_video_thumb/1963573125591044104/img/o8I5nol86Xo7JZpG.jpg","","in","","1","11","136","https://x.com/undefined/status/1963573310731817081","1269826533096448001",
"1963572856257646950","Thu Sep 04 12:00:28 +0000 2025","0","17+8 Tuntutan Rakyat adalah suara kita bersama tentang transparansi reformasi dan empati. Berpihak pada rakyat bukan pada kepentingan segelintir. Tetap waspada. Tetap bersuara. Tetap melawan. #ResetIndonesia #WargaJagaWarga https://t.co/PvExLVjrvp","1963572870241542217","https://pbs.twimg.com/media/G0ADHVSaAAA_YE2.jpg","himapsikoUB","in","","0","1","0","https://x.com/undefined/status/1963572870241542217","1097856182805454849",
"1963572458931519849","Thu Sep 04 11:58:50 +0000 2025","3"," Kita ikuti semua saya sudah baca satu per satu 17+8 yang menjadi aspirasi dari berbagai kalangan terutama mereka yang turun ke jalan kemarin kata AHY. Klik untuk baca: https://t.co/uc9CexIHWj | #AHY https://t.co/su35Dgds4I","1963572458931519849","https://pbs.twimg.com/media/G0ACsxGbcAALerA.jpg","","in","","0","2","0","https://x.com/undefined/status/1963572458931519849","23343960",
"1963452725338734681","Thu Sep 04 11:50:16 +0000 2025","0","@Fr4nst @Jayabay19479190 Mestinya prabowo ngurus cepat tuntaskan krisis dalamm negeri penuhi tuntutan rakyat 17+8 dari pada ke Beijing dan ngutus si gibran kesana yang lebih kuat naik undakan spya sejajar Xi jin ping Vladimir Putin dan Kim jong un","1963570304950669480","","Fr4nst","in","","0","0","0","https://x.com/undefined/status/1963570304950669480","1829401555327688704",
"1963569472159322375","Thu Sep 04 11:46:58 +0000 2025","6","gua benci dah sm org org sok paling beda di twt gini nih... kaya orang ada inisiatif buat meringkas 17+8 tuntutan rakyat dibikinin simple eh ngamuk gara gara dianggap gak ada diskusi publik... ada website progress 17+8 ngamuk grgr dianggap sok corporate maunya apa sih jancok","1963569472159322375","","","in","","0","1","0","https://x.com/undefined/status/1963569472159322375","1323222421638275072",
"1963568650331275617","Thu Sep 04 11:45:57 +0000 2025","0","Makanya tuntutan rakyat 17+8 itu segera direalisasikan supaya aksi tolak bayar pajak tsb tidak makin berkembang luas..","1963569219108512087","","NurdinTeun43682","in","","0","0","0","https://x.com/undefined/status/1963569219108512087","1829401555327688704",
"1963568978216796445","Thu Sep 04 11:45:00 +0000 2025","1","TUNTUTAN RAKYAT (17+8) BERHASIL ATAU MUSTAHIL? INTERUPSI Bersama : Davie Pratama Narasumber: - Aryanto Sutadi - ⁠Muhammad Qadari - ⁠Muhamad Isnur - ⁠Okki Sutanto Kamis 4 September 20.00 WIB LIVE Hanya di iNews #inews #MNCGROUP #inewsmediagroup #interupsi https://t.co/e4baoKhQA5","1963568978216796445","https://pbs.twimg.com/amplify_video_thumb/1963552546225889280/img/QYwgofSdUVkmmkP9.jpg","","in","","0","0","0","https://x.com/undefined/status/1963568978216796445","132078023",
"1963568494609658185","Thu Sep 04 11:43:05 +0000 2025","0","Tahu sih soal berita Mas Mentri itu... tapi fokuuss... soal tuntutan masyarakat 17+8 itu apa kabarnya Bapak Ibu Wakil Rakyat?!","1963568494609658185","","","in","","0","0","0","https://x.com/undefined/status/1963568494609658185","59675333",
"1963566411055317142","Thu Sep 04 11:34:48 +0000 2025","0","Gaung 17+8 Tuntutan Rakyat Menggema Yusril: Pemerintah Respons Positif dan Tak Akan Abaikan Aspirasi Publik https://t.co/I7dotpTTrS","1963566411055317142","","","in","","0","0","0","https://x.com/undefined/status/1963566411055317142","86728042",
"1963565920086827154","Thu Sep 04 11:32:51 +0000 2025","0","ga berhenti-berhentinya salut sama bu rieke. krn selain nerima tuntutan 17+8 beliau tetap menempatkan diri sebagai rakyat dgn menambahkan 3 tuntutan tersendiri. respect bu!","1963565920086827154","","","in","","0","0","0","https://x.com/undefined/status/1963565920086827154","1369963731807997954",
"1963537558819819819","Thu Sep 04 11:31:33 +0000 2025","50","@tanyakanrl 7 hari itu batas wkt pemerintah buat menuhin tuntutan rakyat yg 17 nder. 1 thn itu batas wkt pemerintah menuhin tuntutan yg 8. Bukan penerapan atas tuntutannya klo penerapannya ya buat seterusnya. Baca lagi nder","1963565594713694348","","tanyakanrl","in","","0","0","2","https://x.com/undefined/status/1963565594713694348","1676117482896252929",
"1963565276965781760","Thu Sep 04 11:30:17 +0000 2025","135","Tiga Warna Simbol Perlawanan dalam Gerakan 17+8 Tuntutan Rakyat Makna Resistance Blue Brave Pink Hero Green https://t.co/GkzzVwtHFO","1963565276965781760","https://pbs.twimg.com/amplify_video_thumb/1963564161637781506/img/pQgAvoTu5MQLi8Pu.jpg","","in","","0","6","59","https://x.com/undefined/status/1963565276965781760","2395238000",
"1963564497840533896","Thu Sep 04 11:28:38 +0000 2025","0","@bugsandlotus Besok 5 September 2025 adalah deadline untuk 17 tuntutan jangka pendek dari 17+8 Tuntutan Rakyat. Selain itu ada rencana demo di Jakarta termasuk oleh BEM SI di depan DPR RI untuk mendesak pemenuhan tuntutan tersebut. Pantau update dari sumber resmi seperti Kompas atau","1963564860203225132","","bugsandlotus","in","","0","0","0","https://x.com/undefined/status/1963564860203225132","1720665183188922368",
"1963563825212371191","Thu Sep 04 11:24:31 +0000 2025","0","wkwkwkk di ganti merah putih? sekalian aja ganti jadi merah hitam biar kayak poster the conjuring tapi terserah mau merah putih kek kuning abu abu kek YANG PENTING 17+8 TUNTUTAN RAKYAT","1963563825212371191","","","in","","0","0","0","https://x.com/undefined/status/1963563825212371191","1596968799525216256",
"1963563234960523504","Thu Sep 04 11:22:11 +0000 2025","0","stop ngadi ngadi lu ya pemerintah besok deadline 17+8 tuntutan rakyat https://t.co/cfc5iNlnM9","1963563234960523504","https://pbs.twimg.com/media/Gz_6WX8bkAEvxOt.jpg","","in","","0","0","1","https://x.com/undefined/status/1963563234960523504","1493025747732090880",
"1963541629391843490","Thu Sep 04 11:22:03 +0000 2025","293","@TirtoID Seberat apa coba 17 tuntutan itu perasaan gampang aja kalau emang niat Kalau yang 8 emang agak sulit makanya rakyat berbaik hati kasih deadline 1 tahun Karyawan swasta aja udah biasa kok dikasih target gak masuk akal masak target masuk akal gini gak bisa?","1963563203499045288","","TirtoID","in","","1","1","26","https://x.com/undefined/status/1963563203499045288","1211087638288986113",
"1963563001472020948","Thu Sep 04 11:21:15 +0000 2025","0","iseng ngecek comsect nya jerome di ig yang 17+8 tuntutan rakyat itu skrng lagi banyak yg ngehate ngatain jerome anak abah jir lah kata gw trs kalo anak abah knp si ajgg","1963563001472020948","","","in","","0","0","0","https://x.com/undefined/status/1963563001472020948","1215895451892776961",
"1963562929032245751","Thu Sep 04 11:20:58 +0000 2025","2","Day 4 september hitam sampe 17+8 Tuntutan Rakyat. Transparansi. Reformasi. Empati. didengar dan dikerjakan oleh DPR RI terima kasih untuk kerjaan-kerjaan hari ini #ResetIndonesia https://t.co/aDjEtYQSJ6","1963562929032245751","https://pbs.twimg.com/media/Gz_6EfHbwAAECl5.jpg","","in","","0","0","0","https://x.com/undefined/status/1963562929032245751","3266632513",
"1963526147398144323","Thu Sep 04 11:18:28 +0000 2025","1","@IndoPopBase @SLAYJUBRAN terimakasih wakil rakyat kalian orang2 yang terlibat dalam memperjuangkan pengajuan tuntutan 17+8","1963562301438791814","","IndoPopBase","in","","0","0","0","https://x.com/undefined/status/1963562301438791814","1135372135826767872",
"1963561891730436579","Thu Sep 04 11:16:50 +0000 2025","1","beliau juga salah satu DPR yang nerima 17+8 tuntutan rakyat kan??","1963561891730436579","","","in","","0","0","0","https://x.com/undefined/status/1963561891730436579","1292836832846086144",
"1963561428465377519","Thu Sep 04 11:15:00 +0000 2025","36","Pink dan hijau jadi simbol keberanian perempuan melawan. 17+8 Tuntutan Rakyat disuarakan. Tuntutan jangka pendek dibatasi sampai 5 September 2025 harus dipenuhi. Apa yang akan dilakukan jika itu tak terjadi? Rosianna Silalahi mengundang: 1. Veronica Tan - Wakil Menteri https://t.co/nfKFgPYuKF","1963561428465377519","https://pbs.twimg.com/amplify_video_thumb/1963554582786969601/img/drePYOdwMYJNgZs8.jpg","","in","","0","1","11","https://x.com/undefined/status/1963561428465377519","71436318",
"1963560812078875127","Thu Sep 04 11:12:33 +0000 2025","2","Ferry Irwandi hingga Jerome Polin Datangi Gedung DPR Serahkan 17+8 Tuntutan Rakyat https://t.co/aaEXR6eCfI","1963560812078875127","","","in","","0","0","0","https://x.com/undefined/status/1963560812078875127","132078023",
"1963399715590152473","Thu Sep 04 11:12:27 +0000 2025","0","@CNNIndonesia Maksudnya gimana sih; 17 8 tuntutan rakyat pd demo kemaren ini? Aku maunya cuman gaji anggota dpr jangan berlebihan jg gaji semua pejabat negara. UMr pekerja kita yg mestinya dinaikkan. Dgn bgtu kesenjangan social antara pejabat &amp; rakyat tdk terlalu menyolok! https://t.co/rEKnygmexW","1963560786619764971","https://pbs.twimg.com/media/Gz_3upqacAAmIYJ.jpg","CNNIndonesia","in","","0","1","0","https://x.com/undefined/status/1963560786619764971","1525398473394524160",
"1963560563268894959","Thu Sep 04 11:11:34 +0000 2025","0","YaAllah temenku pas rakyat ngasih 17+8 tuntutan diem ajaa tapi pas tau inspirasi warna pink langsung nyocot banget","1963560563268894959","","","in","","0","0","0","https://x.com/undefined/status/1963560563268894959","1088969458545115136",
"1963527494130188631","Thu Sep 04 11:09:00 +0000 2025","10","@konmushroom @tanyakanrl Kak dari pada pusingin ini mending fokus ke 17+8 tuntutan rakyat yg harus di bahas di dpr nanti ngebahas ini mah kaga bakal selesai. Ada yang lebih penting daripada ngurusin tu ibu ibu","1963559917282873704","","konmushroom","in","","0","2","0","https://x.com/undefined/status/1963559917282873704","1941053335311994884",
"1963559378847486048","Thu Sep 04 11:06:51 +0000 2025","0","diunyeeek mulu masalah makar antek asing bla bla bla. noh tuntutan 17+8 tenggatnya besok wahai babunya rakyat RI","1963559378847486048","","","in","","0","0","0","https://x.com/undefined/status/1963559378847486048","1118928938867118080",
"1963558929000272146","Thu Sep 04 11:05:04 +0000 2025","0","Menko Yusril: Pemerintah Pasti Akan Merespons Positif 17+8 Tuntutan Rakyat https://t.co/rv8JDFlHKD https://t.co/7URur3QfV8","1963558929000272146","https://pbs.twimg.com/media/Gz_2cLca4AAP-6P.jpg","","in","","0","0","0","https://x.com/undefined/status/1963558929000272146","502140136",
"1963558583913861356","Thu Sep 04 11:03:42 +0000 2025","5","Yusril Menko Kumham Pastikan Pemerintah Respons Positif 17+8 Tuntutan Rakyat https://t.co/nQxDUAtD7e","1963558583913861356","","","in","","0","0","0","https://x.com/undefined/status/1963558583913861356","848614550",
"1963555305649852861","Thu Sep 04 11:00:36 +0000 2025","1","padahal yaudah aja si lagian cuma ga setuju sama simbol warna pink tujuan kita tetep sama. fokus kita ke tuntutan 17+8 ++. gaperlu lah bikin template/postingan untuk mengcounter video asli ibu kerudung pink cuma adu domba rakyat perihal receh simbol warna doang tai","1963557806797181142","","fikrispi","in","","0","0","1","https://x.com/undefined/status/1963557806797181142","1143481127056728066",
"1963557645270540339","Thu Sep 04 10:59:58 +0000 2025","90","Isi Lengkap '17+8 Tuntutan Rakyat' Diserahkan Sejumlah Tokoh Publik ke DPR Hari Ini https://t.co/HUN1pdSPxz","1963557645270540339","","","in","","1","9","21","https://x.com/undefined/status/1963557645270540339","71436318",
"1963556827246813320","Thu Sep 04 10:56:43 +0000 2025","0","habis reply vt yg kontra sama 17+8 tuntutan rakyat. lailahaillallah isi komentarnya lebih bikin speechless. si creator nya juga cuma like dan reply comment yg setuju sama dia atau yg nyindir 150jt cair? eh giliran yg comment pake argumen mah sepi woy ","1963556827246813320","","","in","","0","0","0","https://x.com/undefined/status/1963556827246813320","1107048534329573377",
"1963555964000330077","Thu Sep 04 10:53:17 +0000 2025","0","Bagus... ini tuntutan murni mahasiswa... tidak ada kepentingan politik.. Isi 17+8 Tuntutan Rakyat Bergema di Medsos dan Dibawa ke Aksi di DPR https://t.co/eY7IGvAEOT","1963555964000330077","","","in","","0","0","0","https://x.com/undefined/status/1963555964000330077","1486631613932834819",
"1963555785205801183","Thu Sep 04 10:52:34 +0000 2025","0","VIDEO: Dasco DPR Jawab 17+8 Tuntutan Rakyat Reformasi Total Parlemen: Dipimpin Ketua Puan Maharani https://t.co/6a8ulC40an","1963555785205801183","","","in","","0","0","0","https://x.com/undefined/status/1963555785205801183","456426648",
"1963554970093195456","Thu Sep 04 10:49:20 +0000 2025","20","Suarakan 17+8 Tuntutan Rakyat Artis Kini Jadi Corong Perlawanan https://t.co/Pv0IZYaMv4","1963554970093195456","","","in","","0","0","14","https://x.com/undefined/status/1963554970093195456","887743587579944960",
"1963554413584212428","Thu Sep 04 10:47:07 +0000 2025","302"," Kami belum puas dengan janji dengan rencana dengan kata-kata 'akan' dengan kata-kata 'meminta'. Kami ingin bukti konkret kata Abigail Limuria salah satu influencer yang menyerahkan tuntutan di Gerbang Pancasila Gedung DPR RI. https://t.co/J0m63zqFqk","1963554413584212428","","","in","","7","20","99","https://x.com/undefined/status/1963554413584212428","69183155",
"1963553878294856185","Thu Sep 04 10:45:00 +0000 2025","168","Tuntutan massa selama demonstrasi disatukan dalam gerakan 17+8 Tuntutan Rakyat. Warna pink dan hijau jadi simbol perlawanan. #TempoPlus https://t.co/otg151HAi8","1963553878294856185","","","in","","1","4","88","https://x.com/undefined/status/1963553878294856185","18129942",
"1963552801281511548","Thu Sep 04 10:40:43 +0000 2025","32","Gw sebenernya males bener tapi karena banyak sekali yg nanya ttg tuntutan 17+8 ini jadi terpaksa berkomentar. Untuk perbandingan liputan media saya rujuk dulu ini satu Lipsus Kumparan. Rakyat Menggugat: DPR Wakili Siapa? Aparat Lindungi Siapa? https://t.co/Cqb0kWUCBV","1963552801281511548","","","in","","1","1","7","https://x.com/undefined/status/1963552801281511548","753553855",
"1963552717206696118","Thu Sep 04 10:40:23 +0000 2025","28","Pink dan hijau jadi simbol keberanian perempuan melawan. 17+8 Tuntutan Rakyat disuarakan. Tuntutan jangka pendek dibatasi sampai 5 September 2025 harus dipenuhi. Apa yang akan dilakukan jika itu tak terjadi? Rosianna Silalahi mengundang: 1. Veronica Tan - Wakil Menteri https://t.co/Qc5oVRR3v1","1963552717206696118","https://pbs.twimg.com/media/Gz_wxyzbMAAesW-.jpg","","in","","2","5","8","https://x.com/undefined/status/1963552717206696118","71436318",
"1963552658440032727","Thu Sep 04 10:40:09 +0000 2025","2","17+8 knp ga dibuat simpel spt: 1. Cabut UU Ciptaker 2. Cabut UU ITE 3. Potong Gaji &amp; tunjgn sluruh pjbt tnggi negara &amp; BUMN. 3. Br ruang msyrkt smpaikn daftar pjbt tinggi &amp; BUMN brmslh 4.Proses poin.3 trmsk usuln mantn Jnderal. 5. Syahkn UU Perampsn Aset https://t.co/XZ3XiVS2D6","1963552658440032727","","","in","","0","0","0","https://x.com/undefined/status/1963552658440032727","280298505",
"1963551824759198133","Thu Sep 04 10:36:50 +0000 2025","0","Keeping both eyes on 17+8 tuntutan rakyat di luar itu nanti dulu dah anjir mau beli tuku","1963551824759198133","","","in","","0","0","0","https://x.com/undefined/status/1963551824759198133","909923491",
"1963551816882557146","Thu Sep 04 10:36:48 +0000 2025","0","Ga perlu sepintar Din Syamsudin utk tahu siapa yg ingin gulingkan. Lihat saja siapa yg paling diuntungkan. Siapa yg akan menggantikan. Asal jangan alihkan fokus rakyat dari 17+8 Tuntutan Rakyat. Rakyat Bersatu Tak Bisa Dikalahkan! https://t.co/45ZbDanhiw","1963551816882557146","","","in","","0","0","0","https://x.com/undefined/status/1963551816882557146","1919052750",
"1963551489751716320","Thu Sep 04 10:35:30 +0000 2025","2","17+8 TUNTUTAN RAKYAT !!! Pembalap No. 17 dan Rank 8 ini siap memasuki babak drafting. Pastinya Constructor yang paling berambisi juara adalah yang berhasil merekrutnya. #FFGP #ResetIndonesia https://t.co/UxvNBPE4aB","1963551489751716320","https://pbs.twimg.com/media/Gz_vqxkaUAA55ut.jpg","","in","","1","0","0","https://x.com/undefined/status/1963551489751716320","1739542561390501888",
"1963551398739509505","Thu Sep 04 10:35:09 +0000 2025","0","Kawal terus tuntutan rakyat sampai semua terpenuhi. 17+8 #ResetIndonesia https://t.co/atS3rqgSJr","1963551398739509505","https://pbs.twimg.com/ext_tw_video_thumb/1963551356196982785/pu/img/POaM1ixngO9dqvQj.jpg","","in","","0","0","0","https://x.com/undefined/status/1963551398739509505","1180858353494265862",
"1963550997768540241","Thu Sep 04 10:33:33 +0000 2025","0","17+8 TUNTUTAN RAKYAT https://t.co/oIm3Yi3aBK","1963550997768540241","https://pbs.twimg.com/media/Gz_vNaibkAEdVFY.jpg","","in","","0","1","0","https://x.com/undefined/status/1963550997768540241","1685650190173368320",
"1963550870953758776","Thu Sep 04 10:33:03 +0000 2025","26","kok masih banyak yg throw shades ke mereka ya? justru salut bgt karena mereka berani dan memperjelas tuntutan rakyat. fokus di tuntutannya aja emg ada yg salah dari 17+8 itu?","1963550870953758776","","","in","","0","1","1","https://x.com/undefined/status/1963550870953758776","2542980085",
"1963550445621899322","Thu Sep 04 10:31:21 +0000 2025","14","Penasihat Khusus Presiden Bidang Politik dan Keamanan Wiranto angkat bicara terkait kampanye 17+8 Tuntutan Rakyat yang bergema setelah rentetan aksi demonstrasi di berbagai daerah pada akhir Agustus 2025. Menurutnya Presiden Prabowo Subianto selalu mendengarkan aspirasi https://t.co/yRkdLj5Ige","1963550445621899322","https://pbs.twimg.com/amplify_video_thumb/1963550352072216576/img/ol1XsCDl5NLR1Cof.jpg","","in","","12","7","5","https://x.com/undefined/status/1963550445621899322","46693036",
"1963549889473700054","Thu Sep 04 10:29:09 +0000 2025","0","Sejumlah aktivis dan influencer menyerahkan 17+8 tuntutan rakyat ke DPR RI. Mereka menuntut bukti konkret atas janji pemerintah terkait reformasi-transparansi. https://t.co/HQeb2q8kU4","1963549889473700054","","","in","","0","0","0","https://x.com/undefined/status/1963549889473700054","852219145701793853",
"1963549216183349463","Thu Sep 04 10:26:28 +0000 2025","1","Sejumlah influencer menyerahkan tuntutan rakyat '17+8' (17 tuntutan jangka pendek dan 8 tuntutan jangka panjang) ke DPR RI Jakarta Kamis (4/9/2025). Mereka adalah Abigail Limuria Ferry Irwandi Andovi dan Jovial da Lopez Jerome Polin Afu hingga Fathia Izzati. https://t.co/0qad9v8dEo","1963549216183349463","https://pbs.twimg.com/amplify_video_thumb/1963549107332812804/img/7y_G2jBRwrL0H7jK.jpg","","in","","0","0","0","https://x.com/undefined/status/1963549216183349463","2393930923",
"1963548834161991798","Thu Sep 04 10:24:57 +0000 2025","1","Youngbin bersama 17+8 Tuntutan Rakyat https://t.co/RZKQFOhbTz","1963548834161991798","https://pbs.twimg.com/media/Gz_tP_YaYAAzxWW.jpg","","in","","0","0","0","https://x.com/undefined/status/1963548834161991798","1055220195210362880",
"1963547382043341041","Thu Sep 04 10:22:39 +0000 2025","0","Selama DPR pemerintah dan aparat lebih mementingkan kekuasaan daripada rakyat selama itu pula tuntutan 17+8 akan terus hidup di jalanan di ruang-ruang diskusi dan di hati rakyat. Sebab keadilan tidak pernah datang dengan sendirinya ia harus terus diperjuangkan.","1963548253414461504","","Jakampus_UIN","in","","0","1","0","https://x.com/undefined/status/1963548253414461504","234935816",
"1963547382043341041","Thu Sep 04 10:19:37 +0000 2025","0","Tuntutan 17+8 dan Tragedi Affan Jalan Panjang Melawan Ketidakadilan Hari ini kita dikejutkan dengan gelombang besar perlawanan rakyat yang dikenal dengan Tuntutan 17+8. Suara ini lahir dari rasa muak dan kecewa pada wajah negara yang semakin jauh dari rakyatnya.","1963547490910867826","","Jakampus_UIN","in","","0","1","0","https://x.com/undefined/status/1963547490910867826","234935816",
"1963546467991523382","Thu Sep 04 10:15:33 +0000 2025","11","Perwakilan Kolektif 17+8 Indonesia Berbenah menyerahkan 17 tuntutan jangka pendek dan 8 tuntutan jangka panjang rakyat Indonesia kepada DPR RI melalui Gerbang Pancasila Kompleks Parlemen Jakarta. Mewakili gerakan ini hadir Abigail Limuria Andovi da Lopez Jerome Polin https://t.co/JALZtwgmaF","1963546467991523382","https://pbs.twimg.com/amplify_video_thumb/1963546260088274944/img/dI1hPRgHMGFNAv4K.jpg","","in","","1","0","5","https://x.com/undefined/status/1963546467991523382","46693036",
"1963546328644145378","Thu Sep 04 10:15:00 +0000 2025","505","Asal Muasal Gerakan 17+8 https://t.co/lqX6NXW3gA","1963546328644145378","","","in","","1","6","187","https://x.com/undefined/status/1963546328644145378","18129942",
"1963533083132731631","Thu Sep 04 10:14:05 +0000 2025","0","@milnisoo Mari kawal 17+8 tuntutan rakyat! #ResetIndonesia","1963546099895210074","","milnisoo","in","","0","0","0","https://x.com/undefined/status/1963546099895210074","928064503505235968",
"1963482954211996073","Thu Sep 04 10:13:52 +0000 2025","0","@prabowo @ListyoSigitP @puanmaharani_ri @bang_dasco @smindrawatii https://t.co/zcJxrwHIdV Tuntutan rakyat 17+8 aspirasi warga sipil Andovi Jerome Polin dkk kpd pimpinan DPR Andre Rosiade @riekediahp #IndonesiaGelap #IndonesiaReset","1963546042810728488","","devi_pray","in","","0","0","0","https://x.com/undefined/status/1963546042810728488","1425292800",
"1963545217153257750","Thu Sep 04 10:10:35 +0000 2025","0","Beberapa tokoh agama dan masyarakat menyeru kerajaan Indonesia agar mendengar suara rakyat dengan memberi perhatian serius terhadap tuntutan yang digelar 17+8 Tuntutan Rakyat yang kini meluas dibicarakan di media sosial. #themerdekatimes #Indonesia https://t.co/1lFfctZTIN","1963545217153257750","","","in","","0","0","0","https://x.com/undefined/status/1963545217153257750","1539830140770758657",
"1963545153299501069","Thu Sep 04 10:10:20 +0000 2025","1","17+8 Tuntutan Rakyat.","1963545153299501069","","","in","","0","0","0","https://x.com/undefined/status/1963545153299501069","2307976735",
"1963526147398144323","Thu Sep 04 10:09:56 +0000 2025","0","@InvestorRitel @IndoPopBase Di foto pertama kelompok influencer dan aktivis seperti Jerome Polin Andovi da Lopez Jovial da Lopez Abigail Limuria Fathia Izzati dan Andhyta F. Utami tampak menyampaikan 17+8 Tuntutan Rakyat. Di foto kedua anggota DPR seperti Andre Rosiade Rieke Diah Pitaloka dan","1963545055131824463","","InvestorRitel","in","","0","0","0","https://x.com/undefined/status/1963545055131824463","1720665183188922368",
"1963544792484450396","Thu Sep 04 10:08:54 +0000 2025","0","Tanggapi Mencuatnya 17+8 Tuntutan Rakyat yang Bergema di Medsos Yusril: Pemerintah Respons Positif Mustahil Mengabaikan https://t.co/HTv6dWXf7r","1963544792484450396","","","in","","0","0","0","https://x.com/undefined/status/1963544792484450396","1426591205089898503",
"1963543945125708192","Thu Sep 04 10:05:32 +0000 2025","0","Wiranto Pastikan Presiden Prabowo Dengar 17 8 Tuntutan Rakyat https://t.co/Wk7AT14G97 via @InvestorID","1963543945125708192","","","in","","0","0","0","https://x.com/undefined/status/1963543945125708192","238091066",
"1963543076921594208","Thu Sep 04 10:02:05 +0000 2025","0","Boleh kaget dan ngata2in tp tetep inget tuntutan rakyat 17+8 ke DPR ya kawan","1963543076921594208","","","in","","0","0","0","https://x.com/undefined/status/1963543076921594208","1726991131672739840",
"1963389050288796033","Thu Sep 04 10:01:55 +0000 2025","1","@Loveinloveyz @kang___L Tegas dan Jelas bapak ini ngomong di Rakyat Bersuara... Wowo dan sirkelnya terlalu bodoh dan sombong untuk memahami kebutuhan rakyat... jangan ngarep deh sm wowo apa bedanya sm wiwi? Kecuali wowo memenuhi tuntutan 17+8 dan tuntutan rakyat lainnya dilakukan secara konkret ASAP! https://t.co/XZIfrZ8AAU","1963543037641916616","https://pbs.twimg.com/ext_tw_video_thumb/1963543016255492097/pu/img/6eMd9eZ2vf6ZyzlT.jpg","Loveinloveyz","in","","0","1","0","https://x.com/undefined/status/1963543037641916616","113004838",
"1963542508027236373","Thu Sep 04 09:59:49 +0000 2025","124","Kolektif 17+8 Indonesia Berbenah yang terdiri dari masyarakat sipil influencer musisi dan komunitas mendatangi Gerbang Pancasila Kompleks DPR RI di Senayan Jakarta Pusat Kamis (4/9/2025). Baca di sini: https://t.co/1XAiIW2QJe / #DPR https://t.co/Ox7OBx5JfS","1963542508027236373","https://pbs.twimg.com/media/Gz_nZktaYAAKk5k.jpg","","in","","1","6","35","https://x.com/undefined/status/1963542508027236373","23343960",
"1963540116892176585","Thu Sep 04 09:50:19 +0000 2025","1","Hari ini DPR resmi menggelar rapat dengan pimpinan fraksi membahas tuntutan 17+8 Rakyat 25 poin moral yang mendesak direspons cepat. Mulai dari kasus Affan Kurniawan keterlibatan TNI di urusan sipil hingga transparansi anggaran DPR dan evaluasi tunjangan. https://t.co/1K1QicD0Kq","1963540116892176585","https://pbs.twimg.com/media/Gz_lVE4aoAA0vfr.jpg","","in","","0","1","0","https://x.com/undefined/status/1963540116892176585","1935288244532559876",
"1963537817365348468","Thu Sep 04 09:43:24 +0000 2025","1","ain't read all that 17+8 tuntutan rakyat nya guys https://t.co/ixZrTk23eJ","1963538375522259374","","rushashes","in","","0","0","0","https://x.com/undefined/status/1963538375522259374","1353754493574389760",
"1963533083132731631","Thu Sep 04 09:41:13 +0000 2025","2","@fauvineyard Gak! Tetap kawal 17+8 Tuntutan Rakyat! ","1963537828979036591","","fauvineyard","in","","0","1","0","https://x.com/undefined/status/1963537828979036591","3457021992",
"1963537526691344723","Thu Sep 04 09:40:01 +0000 2025","0","Viral di Medsos! Menko Yusril Sebut Pemerintah Mustahil Abaikan 17 Plus 8 Tuntutan Rakyat https://t.co/H72y0eD2Qp","1963537526691344723","","","in","","0","0","0","https://x.com/undefined/status/1963537526691344723","4019321358",
"1963536293415260634","Thu Sep 04 09:39:35 +0000 2025","0","kita kawal terus sampai menang 17+8 tuntutan rakyat https://t.co/VviFishqVs","1963537416410574892","","wan_iwann8","in","","0","0","0","https://x.com/undefined/status/1963537416410574892","1280548072422928389",
"1963536979934707814","Thu Sep 04 09:37:51 +0000 2025","1","yg bikin tuntutan 17+8 bukan influencer ini Rakyat yang peduli dan juga yg punya akses ngontak mereka ini terbaik sebenernya semoga beneran ada hasilnya.. Kalau misal mereka dan tuntutan kita aja ga didenger dan di gubris apalagi kita masyarakat biasa","1963536979934707814","","","in","","0","0","0","https://x.com/undefined/status/1963536979934707814","1378908434",
"1963536767593975940","Thu Sep 04 09:37:00 +0000 2025","0","Sampai hari Kamis tgl 4 September 2025 jam 16.36 WIB 17+8 Tuntutan Rakyat ini belum ada peningkatan Naiknya angka 0 menjadi 1 susah dilakukan oleh 'terdakwa' Jika melihat di bagian bawahnya sudah ada proses pada beberapa bagiannya bisa cek pada link https://t.co/AtqZBV9hPW https://t.co/oFVjrKyP6h","1963536767593975940","https://pbs.twimg.com/media/Gz_hjslbwAAiZz9.jpg","","in","","0","0","0","https://x.com/undefined/status/1963536767593975940","282981664",
"1963535670364049414","Thu Sep 04 09:32:39 +0000 2025","2","Pasca serangkaian demonstrasi sjk 25/08 sd 01/09 yg berujung ricuh di berbagai kota sekelompok orang akhirnya melahirkan poin² yg ingin disampaikan ke pemerintah. Mek menamakan itu dg 17+8 Tuntutan Rakyat . Gerakan 17+8 Tuntutan Rakyat merupakan rangkuman dari pelbagai https://t.co/7LWH2PmIKM","1963535670364049414","https://pbs.twimg.com/media/Gz_hSSjacAAKbtL.jpg","","in","","0","1","0","https://x.com/undefined/status/1963535670364049414","175752154",
"1963534287573323799","Thu Sep 04 09:27:09 +0000 2025","254","Now they better work the due is tomorrow. Tugas kita sekarang kawal terus sampe 17+8 tuntutan rakyat ini beneran dipenuhin sama pemerintah jangan sampe cuma diterima doang tapi ga dikerjain. Bisa pantau webnya buat liat progres tuntutannya di https://t.co/0Cp5WeFnN8 https://t.co/nsRSjrqcWO","1963534287573323799","https://pbs.twimg.com/media/Gz_gBkmbkAIUrJI.jpg","","in","","6","0","196","https://x.com/undefined/status/1963534287573323799","1915780247553007616",
"1963532573121884347","Thu Sep 04 09:20:20 +0000 2025","0","Andre Rosiade Wakili DPR Terima 17+8 Tuntutan Rakyat: Akan Diserahkan ke Pimpinan Agar Cepat Prosesnya https://t.co/NkvyyJH0VD","1963532573121884347","","","in","","0","0","0","https://x.com/undefined/status/1963532573121884347","1578222594",
"1963532358549999813","Thu Sep 04 09:19:29 +0000 2025","9","17+8 tuntutan influencer adalah bukti lambannya gerakan mahasiswa merespons situasi. Kekosongan itu akhirnya harus mereka isi untuk mengakomodir kebutuhan rakyat. (cont)","1963532358549999813","","","in","","4","1","1","https://x.com/undefined/status/1963532358549999813","1822290090116419584",
"1963531963014455677","Thu Sep 04 09:17:55 +0000 2025","0","Yusril Tegaskan Pemerintah tak Akan Abaikan Tuntutan 17+8 Rakyat https://t.co/p7IgzBNdvm","1963531963014455677","","","in","","0","0","0","https://x.com/undefined/status/1963531963014455677","1632918924",
"1963530895530627562","Thu Sep 04 09:13:40 +0000 2025","0","Sebenernya apapun preferensi warnanya asal visinya sama untuk menyuarakan aspirasi rakyat dan kebenaran yaudah anjayy lu pada emang seneng bgt ngebelokin arah ngalihin fokus. Udah fokus sama 17+8 tuntutan rakyat! #septemberhitam","1963530895530627562","","","in","","0","0","0","https://x.com/undefined/status/1963530895530627562","1004177558089359360",
"1963530064433483949","Thu Sep 04 09:10:22 +0000 2025","3","Hati-hati terpecah fokusnya teman-teman. Tetap kawal 17+8 tuntutan rakyat","1963530064433483949","","","in","","1","0","5","https://x.com/undefined/status/1963530064433483949","1272572101229084673",
"1963527779255030095","Thu Sep 04 09:01:17 +0000 2025","145","Yusril Pastikan Pemerintah Akan Respons Positif 17+8 Tuntutan Rakyat https://t.co/yzgn91sBhi","1963527779255030095","","","in","","6","21","39","https://x.com/undefined/status/1963527779255030095","71436318",
"1963527633003536477","Thu Sep 04 09:00:42 +0000 2025","0","Geger nasional! 17+8 tuntutan rakyat siap mengguncang Indonesia. Apa saja isi tuntutan besar ini dan bagaimana respons pemerintah? https://t.co/xyQzc6TwiT","1963527633003536477","","","in","","0","0","0","https://x.com/undefined/status/1963527633003536477","1404018642",
"1963527548442235280","Thu Sep 04 09:00:22 +0000 2025","0","Tanggapi 17+8 Tuntutan Rakyat Wiranto: Presiden Responsif tapi Butuh Proses https://t.co/O9G0L8bLmO","1963527548442235280","","","in","","0","0","0","https://x.com/undefined/status/1963527548442235280","1578222594",
"1963526738618847704","Thu Sep 04 08:57:09 +0000 2025","1","fokusnya mending ke 17+8 tuntutan rakyat itu deh drpd mencoba mencari celah dari org yg turun aksi isi hati orang gaada yg tau tapi husnudzon kalau beliau smsm berjuang buat rakyat kayaknya gak bikin rugi kamu","1963526738618847704","","","in","","0","1","1","https://x.com/undefined/status/1963526738618847704","1675222165598371841",
"1963526332815450324","Thu Sep 04 08:55:32 +0000 2025","0","Influencer Serahkan Dokumen 17+8 Tuntutan Rakyat Secara Resmi ke DPR https://t.co/Eg1pRgbTyJ","1963526332815450324","","","in","","0","0","1","https://x.com/undefined/status/1963526332815450324","1578222594",
"1963526295553544704","Thu Sep 04 08:55:24 +0000 2025","6","ada partai kecil nawarin 8% suara di parlemen buat advokasi 17+8 Tuntutan Rakyat aktivis pergerakan bilek: https://t.co/cXbyglrjmB","1963526295553544704","https://pbs.twimg.com/media/Gz_YwoPbkAUcIOA.jpg","","in","","0","0","0","https://x.com/undefined/status/1963526295553544704","1422650072",
"1963462585434456338","Thu Sep 04 08:52:44 +0000 2025","2","@AnnangFireruzz @realfedinuril itu lho 17+8 tuntutan rakyat konkrit tinggal eksekusi.","1963525626855563650","","AnnangFireruzz","in","","0","0","0","https://x.com/undefined/status/1963525626855563650","3886880420",
"1963523869395869994","Thu Sep 04 08:45:45 +0000 2025","0","temen gua yg milih ni badut masih belum bersuara tentang 17+8 tuntutan rakyat. kek kenapa sih?! kita hidup di negara yang sama yang hampir hancur lohh","1963523869395869994","","","in","","0","0","0","https://x.com/undefined/status/1963523869395869994","1667720880204701698",
"1963523114106540422","Thu Sep 04 08:44:43 +0000 2025","0","@fasp4ge Ya berdasarkan info terkini ada rencana demo pada 5 September 2025 di Jakarta utamanya di depan DPR/MPR oleh mahasiswa dan kelompok sipil untuk 17+8 Tuntutan Rakyat. Pantau media resmi seperti Kompas atau Tempo untuk update dan keamanan. Tetap waspada!","1963523609504419920","","fasp4ge","in","","0","1","0","https://x.com/undefined/status/1963523609504419920","1720665183188922368",
"1963523350438805657","Thu Sep 04 08:43:41 +0000 2025","0","17 tuntutan jangka pendek 17+8 Tuntutan Rakyat harus dilakukan maksimal 5 September 2025. https://t.co/GSwKQWMiRr","1963523350438805657","","","in","","0","0","0","https://x.com/undefined/status/1963523350438805657","1948942508953841664",
"1963523099422310420","Thu Sep 04 08:42:42 +0000 2025","0","Kepala Bappisus dan BIN Dipanggil Presiden Prabowo ke Istana Soal 17 8 Tuntutan Rakyat? https://t.co/VuMn34u4PU","1963523099422310420","","","in","","0","0","0","https://x.com/undefined/status/1963523099422310420","1340908661418283008",
"1963519904667046252","Thu Sep 04 08:30:00 +0000 2025","3","Gerakan yang digaungkan aktivis hingga influencer ini sekarang lagi jadi sorotan publik. Menko Kumham Imipas Yusril Ihza Mahendra menegaskan pemerintah tidak akan mengabaikan suara rakyat. &gt;&gt; https://t.co/CVRrQG5LEs https://t.co/hDRza0SEbA","1963519904667046252","https://pbs.twimg.com/media/Gz_Hrs8bkAAE9tC.jpg","","in","","0","2","1","https://x.com/undefined/status/1963519904667046252","69183155",
"1963518792782549074","Thu Sep 04 08:25:35 +0000 2025","1","nunggu besok deadline karyawan kita(dpr) atas tuntutan rakyat 17+8️ mending sambil join reseller app premium aku cusss ahhh tanya tanya aja dulu siapa tau cocok ga akan di lindes kaya brimob koo https://t.co/W3mtYbrs47 #zonauang #zonajajan #zonaba","1963518792782549074","","","in","","0","0","0","https://x.com/undefined/status/1963518792782549074","1947947469490606080",
"1963515199970853277","Thu Sep 04 08:11:18 +0000 2025","0","Kencang Gaung 17+8 Tuntutan Rakyat di Medsos Yusril: Pemerintah Respons Positif Mustahil Mengabaikan https://t.co/0uVx6cjv33","1963515199970853277","","","in","","0","0","0","https://x.com/undefined/status/1963515199970853277","1548631251111751680",
"1963515025727131995","Thu Sep 04 08:10:37 +0000 2025","110","15.00 #SonoraUpdate Saat ini juga tengah berlangsung aksi damai di Gerbang Pancasila gedung DPR MPR aliansi rakyat beserta para Influencer ada Andovi Lopez bersaudara Jerome Polin dll menuntut 17+8 Tuntutan Rakyat. Via Live @KompasTV https://t.co/7BcA6PtHHj","1963515025727131995","https://pbs.twimg.com/ext_tw_video_thumb/1963514933381074944/pu/img/lG45Pwxo-ZAuUii_.jpg","","in","","2","0","51","https://x.com/undefined/status/1963515025727131995","180696019",
"1963513836599980379","Thu Sep 04 08:05:53 +0000 2025","25238","‼️ KONFERENSI PERS TUNTUTAN 17+8 ‼️ Kami tidak butuh nanti kami tidak butuh janji Kami ingin bukti konkret kami ingin progress yang nyata jadi kerjakan tuntutan tuntutan rakyat Abigail Muria. Setiap nyawa yang hilang setiap keluarga yang berduka Setiap warga yang https://t.co/jN7FrUmLH5","1963513836599980379","https://pbs.twimg.com/media/Gz_LwacbkAA2gU9.jpg","","in","","432","141","18384","https://x.com/undefined/status/1963513836599980379","1850558971779956736",
"1963513169118363784","Thu Sep 04 08:03:14 +0000 2025","3","orang-orang kaya lo ini lah yang bikin rakyat jadi pecah belah kita harusnya fokus sama 17+8 tuntutan rakyat bukan malah bikin konspirasi teori terus dilike banyak orang cuma karena pikiran-pikiran liar lo itu","1963513169118363784","","","in","","0","0","0","https://x.com/undefined/status/1963513169118363784","1069040647967977473",
"1963512956827660621","Thu Sep 04 08:02:23 +0000 2025","0","Indonesia ini tidak ada yg kelihatan untuk kepentingan banyak rakyat atau untuk kepentingan org tertentu. Tuntutan 17+8 itu sampah yg tidak akan berdampak untuk kebanyakan rakyat jika didalamnya masih dengan org yg lama dan tidak menyentuh kepalanya","1963512956827660621","","","in","","0","0","0","https://x.com/undefined/status/1963512956827660621","226049655",
"1963512688564212021","Thu Sep 04 08:01:19 +0000 2025","0","Pengen tanya ke tukang potong ayam Rawalumbu atau tukang parkir Gelarl Tebet atau mungkin bigboss perusahaan Family Chindo yakin sih pasti mereka gak tau tuntutan 17+8 itu apa. Pertanyaaanya: ini tuntutan rakyat Indonesia atau rakyat Online nesia?","1963512688564212021","","","in","","0","0","0","https://x.com/undefined/status/1963512688564212021","230434261",
"1963511505036402801","Thu Sep 04 07:56:37 +0000 2025","0","Menko Yusril: Pemerintah Respon Positif 17+8 Tuntutan Rakyat https://t.co/RKOxGTC73t","1963511505036402801","","","in","","0","0","0","https://x.com/undefined/status/1963511505036402801","980018905904136193",
"1963266179918975048","Thu Sep 04 07:52:53 +0000 2025","1","@ompom @Yongmaaaaa @09XII05 @UnitBerita Halo! Tren ganti profil pink-hijau simbol solidaritas dengan 17+8 Tuntutan Rakyat dari demo 28 Agustus 2025. Pink wakili Brave Pink (ibu berhijab pink bawa bendera) hijau Hero Green (sopir ojek Affan Kurniawan yg meninggal). Tujuannya dukung kebijakan pro-rakyat. Info dari","1963510564422127860","","ompom","in","","0","1","0","https://x.com/undefined/status/1963510564422127860","1720665183188922368",
"1963428415106597025","Thu Sep 04 07:46:41 +0000 2025","181","@sugar_6378 @komedigelaap Itu tren di medsos Indonesia untuk dukung Gerakan 17+8 Tuntutan Rakyat pasca-demo. Brave Pink simbol keberanian (dari ibu berhijab pink lawan aparat) Hero Green (ijo) simbol kepahlawanan. Merah mungkin netral atau dukung lain seperti bendera nasional. Banyak yang ganti profil","1963509003910353380","","sugar_6378","in","","0","1","3","https://x.com/undefined/status/1963509003910353380","1720665183188922368",
"1963403333760069870","Thu Sep 04 07:41:45 +0000 2025","0","@tanyabiartahu @salam4jari Update terkini 17+8 Tuntutan Rakyat (4 Sep 2025): DPR gelar rapat evaluasi besok (5 Sep deadline 17 tuntutan pendek). Pemerintah via Menko Yusril klaim respons positif termasuk cabut tunjangan DPR oleh Presiden Prabowo. Influencer serahkan tuntutan ke DPR hari ini; BEM SI","1963507761553314141","","tanyabiartahu","in","","0","0","0","https://x.com/undefined/status/1963507761553314141","1720665183188922368",
"1963507527485919255","Thu Sep 04 07:40:49 +0000 2025","0","Saya mendukung 17 + 8 Tuntutan Rakyat !!! #17+8tuntutanrakyat #berhentikankapolri https://t.co/ESlAVU3tsw","1963507527485919255","https://pbs.twimg.com/media/Gz_HsN5agAAk2RU.jpg","","in","","0","0","0","https://x.com/undefined/status/1963507527485919255","1401036736134668288",
"1963403333760069870","Thu Sep 04 07:35:45 +0000 2025","0","@tanyabiartahu @salam4jari Sedang kawal isu 17+8 Tuntutan Rakyat. 17 tuntutan jangka pendek (deadline 5 Sep 2025) meliputi: tarik TNI dari sipil bebaskan demonstran transparansi anggaran DPR upah layak buruh. DPR janji evaluasi besok. Pemerintah klaim sudah respons positif &amp; patuhi HAM. 8 tuntutan","1963506251087974710","","tanyabiartahu","in","","0","1","0","https://x.com/undefined/status/1963506251087974710","1720665183188922368",
"1963505671262851289","Thu Sep 04 07:33:26 +0000 2025","0","Pemerintah memastikan bakal merespons positif 17+8 Tuntutan Rakyat yg dirangkum usai unjuk rasa di Jkt &amp; berbagai daerah hingga akhir Agustus ungkap Menteri Koordinator Bidang Hukum HAM Imigrasi &amp; Pemasyarakatan Yusril Ihza Mahendra #17+8 https://t.co/YRvu0rK4B7","1963505671262851289","","","in","","0","0","0","https://x.com/undefined/status/1963505671262851289","159370592",
"1963504914220404788","Thu Sep 04 07:30:26 +0000 2025","64","Tak Lagi Bungkam Deddy Corbuzier Ikut Desak Pemerintah Realisasikan Tuntutan 17+8 Rakyat https://t.co/W6giEgNyE2","1963504914220404788","","","in","","0","0","29","https://x.com/undefined/status/1963504914220404788","887743587579944960",
"1963503987031945353","Thu Sep 04 07:26:45 +0000 2025","30","Menteri Koordinator (Menko) Bidang Hukum HAM Imigrasi dan Pemasyarakatan (Kumham Imipas) Yusril Ihza Mahendra buka suara terkait 17+8 tuntutan rakyat yang menggema di media sosial. Dia mengatakan pemerintah merespons positif apa yang menjadi tuntutan di dalamnya. Dia https://t.co/JlYK31XyC1","1963503987031945353","https://pbs.twimg.com/media/Gz_EdstaQAA6_0s.jpg","","in","","2","31","6","https://x.com/undefined/status/1963503987031945353","55507370",
"1963503696454541497","Thu Sep 04 07:25:36 +0000 2025","0","17+8 Tuntutan Rakyat Dibahas DPR RI Hari ini Apa Saja Isinya? https://t.co/OtLKSqUqKB","1963503696454541497","","","in","","0","0","0","https://x.com/undefined/status/1963503696454541497","892240159",
"1963501942132675016","Thu Sep 04 07:18:37 +0000 2025","1","Apa Saja 17+8 Tuntutan Rakyat? PR Prabowo dan DPR yang Harus Dipenuhi 5 September https://t.co/nly79wvxyY","1963501942132675016","","","in","","0","1","1","https://x.com/undefined/status/1963501942132675016","388190238",
"1963431901479534728","Thu Sep 04 07:08:46 +0000 2025","5","@AmalaNovi @IndoPopBase Berdasarkan info terkini hingga 4 September 2025 pemerintah melalui Menko Yusril Ihza Mahendra menyatakan respons positif terhadap 17+8 Tuntutan Rakyat termasuk jaminan demonstrasi damai penegakan hukum transparan dan pemantauan HAM. Presiden Prabowo telah cabut tunjangan","1963499461180887422","","AmalaNovi","in","","0","0","0","https://x.com/undefined/status/1963499461180887422","1720665183188922368",
"1963499286588788829","Thu Sep 04 07:08:04 +0000 2025","12","Pemerintah Janji Tindak Lanjuti 17+8 Tuntutan Rakyat https://t.co/yVeNnBbvCC","1963499286588788829","","","in","","0","1","2","https://x.com/undefined/status/1963499286588788829","990237626",
"1963088301944144259","Thu Sep 04 07:04:59 +0000 2025","1","@SIPALINGIY @coyquet Gerakan 17+8 adalah kumpulan tuntutan rakyat Indonesia yang muncul dari demonstrasi Agustus 2025. Angka 17+8 merujuk pada 17 Agustus (Hari Kemerdekaan) dan bulan 8 (Agustus) simbol perlawanan. Tuntutan meliputi investigasi kerusuhan penindakan korupsi penarikan TNI dari sipil ","1963498510785073464","","SIPALINGIY","in","","0","0","1","https://x.com/undefined/status/1963498510785073464","1720665183188922368",
"1963498497250132078","Thu Sep 04 07:04:56 +0000 2025","693","Kenapa Rakyat Marah pada Polri? Mari kita simak dalam isi 17+8 Tuntutan Rakyat #ResetIndonesia #ResetKepolisian #ReformasiPolri #KenapaRakyatMarah https://t.co/7u3zI3q0Hy","1963498497250132078","https://pbs.twimg.com/media/Gz-83gtbkAI63HI.jpg","","in","","5","5","467","https://x.com/undefined/status/1963498497250132078","93775761",
"1963496493563731973","Thu Sep 04 06:56:58 +0000 2025","0","Yusril Respons 17+8 Tuntutan Rakyat Menggema di Medsos: Mustahil Pemerintah Abaikan https://t.co/aHdX281AAj","1963496493563731973","","","in","","0","0","0","https://x.com/undefined/status/1963496493563731973","132078023",
"1963495509085069441","Thu Sep 04 06:53:04 +0000 2025","11","rakyat sudah berhari2 bersuara sampe nyusun 17+8 tuntutan yg rinci &amp; jelas. tapi DPR baru rapat sekarang setelah tekanan makin besar. jgn sampe rapat ini cuma formalitas. kita udah bosan dgn janji. kalo DPR benar mewakili rakyat tunjukkan dgn aksi nyata bukan cuma wacana.","1963495509085069441","","","in","","0","0","0","https://x.com/undefined/status/1963495509085069441","1864173068589125633",
"1963431901479534728","Thu Sep 04 06:40:07 +0000 2025","0","@IbnuNasir8 @IndoPopBase Dari analisis sumber beragam per 4 Sep 2025 berikut status 17+8 tuntutan rakyat (deadline 17: 5 Sep 2025; 8: 31 Agt 2026): - Terealisasi: Pembekuan tunjangan DPR (sejak 30 Agt per Presiden &amp; DPR). - Dalam proses: Investigasi independen kekerasan demo (tim bentukan pemerintah ","1963492251176505624","","IbnuNasir8","in","","0","1","0","https://x.com/undefined/status/1963492251176505624","1720665183188922368",
"1963488840942862371","Thu Sep 04 06:34:35 +0000 2025","0","pengen gw jawab Saya mendoakan keadilan bagi seluruh rakyat Indonesia tanpa memandang agama manapun. Semoga para pemangku kebijakan dapat membuka mata dan hatinya terhadap 17+8 tuntutan rakyat serta tidak lagi semena-mena dalam mengambil keputusan demi keuntungan pribadinya.","1963490859036323901","","kkimkayii","in","","0","1","0","https://x.com/undefined/status/1963490859036323901","725572097414582272",
"1963490583516795091","Thu Sep 04 06:33:29 +0000 2025","0","Akhirnya 17+8 Tuntutan Rakyat ke Pemerintah kita di respon oleh DPR RI GUYSSS #tuntutanrakyat #DPR #fyp sc : ig/dpr_ri https://t.co/GuBp1DhjaB","1963490583516795091","https://pbs.twimg.com/amplify_video_thumb/1963490496392957953/img/Fy9tz0iZMbTfWPYX.jpg","","in","","0","0","0","https://x.com/undefined/status/1963490583516795091","1274185250663358470",
"1963399715590152473","Thu Sep 04 06:32:10 +0000 2025","1","@untukkloningan @CNNIndonesia @bang_dasco Menurut berita CNN dan sumber lain rapat DPR bahas 17+8 tuntutan rakyat dijadwalkan hari ini tapi jam mulai nggak disebut spesifik. Ada acara penyerahan simbolis tuntutan jam 13.00 WIB di Gedung DPR. Cek update resmi DPR atau dari bang_dasco ya!","1963490249600057436","","untukkloningan","in","","0","0","0","https://x.com/undefined/status/1963490249600057436","1720665183188922368",
"1963488916360847489","Thu Sep 04 06:26:52 +0000 2025","189","Menanggapi 17+8 Tuntutan Rakyat yang merupakan aspirasi dan desakan rakyat atas respon terhadap situasi negara saat ini kami sangat apresiasi dan juga berterima kasih atas kepeduliannya. Tuntutannya sendiri terdiri dari 17 tuntutan jangka pendek dan 8 tuntutan jangka panjang https://t.co/Codbox2cEw","1963488916360847489","https://pbs.twimg.com/media/Gz-2VetbkAAWn-u.jpg","","in","","10","7","75","https://x.com/undefined/status/1963488916360847489","22365191",
"1963488487362973743","Thu Sep 04 06:25:09 +0000 2025","1","https://t.co/NMn20jJl07 05 September 2025 Deadline 17+8 Tuntutan Rakyat.","1963488487362973743","","","in","","0","0","0","https://x.com/undefined/status/1963488487362973743","1726429887194628096",
"1963485386321400000","Thu Sep 04 06:12:50 +0000 2025","7","ini keren bgt udh ada web yg bantu track and update tentang 17+8 tuntutan rakyat&lt;3 go check it guys.. pantau terus progressnya!","1963485386321400000","","","in","","0","0","0","https://x.com/undefined/status/1963485386321400000","1939724994218795079",
"1963483749439737913","Thu Sep 04 06:06:20 +0000 2025","1","https://t.co/wXG9B2j61q 17+8 TUNTUTAN RAKYAT","1963483749439737913","","","in","","0","0","0","https://x.com/undefined/status/1963483749439737913","1726429887194628096",
"1963482702692151660","Thu Sep 04 06:02:10 +0000 2025","1","Tuntutan Rakyat 17+8 Menjadi Viral di Media Sosial hasteg 17+8 Tuntutan Rakyat ramai diperbincangkan karena mencerminkan aspirasi yang mengemuka dalam demonstrasi. Mohon dikawal BEM UI","1963482702692151660","","","in","","0","0","0","https://x.com/undefined/status/1963482702692151660","2245209264",
"1963482437897576671","Thu Sep 04 06:01:07 +0000 2025","0","Pemerintah Respons Positif 17+8 Tuntutan Rakyat https://t.co/jE3Gz0LUBb https://t.co/KVssKq93yc","1963482437897576671","https://pbs.twimg.com/media/Gz-w3ysbcAAHKTX.png","","in","","0","0","0","https://x.com/undefined/status/1963482437897576671","1518941373113585664",
"1963482407794876494","Thu Sep 04 06:01:00 +0000 2025","3"," Sebagai tuntutan rakyat pemerintah yang mendapat amanat rakyat tentu akan merespons positif apa yang menjadi tuntutan dan keinginan rakyatnya. Mustahil Pemerintah mengabaikan ujar Menteri Yusril kepada wartawan. https://t.co/CVRrQG5LEs","1963482407794876494","","","in","","1","1","0","https://x.com/undefined/status/1963482407794876494","69183155",
"1963482288941142513","Thu Sep 04 06:00:32 +0000 2025","1","Gibran Rakabuming dan Pemerintah Indonesia juga digugat 17+8 Tuntutan Rakyat.","1963482288941142513","","","in","","0","0","0","https://x.com/undefined/status/1963482288941142513","58649920",
"1963482194074071380","Thu Sep 04 06:00:09 +0000 2025","0","17+8 Tuntutan Rakyat deadlinenya besok. Gimana progressnya??","1963482194074071380","","","in","","0","0","0","https://x.com/undefined/status/1963482194074071380","1721339453992820736",
"1963481295222116633","Thu Sep 04 05:56:35 +0000 2025","0","#esai 17+8 Tuntutan (Naif) Rakyat Fabrikasi. Stagnasi. Apati. Brave Pink Hero Green Indonesia: Demo Amarah Tuntutan (Naif) Rakyat dan Kedunguan yang Tak Kunjung Usai https://t.co/CYHWK1pkfZ","1963481295222116633","","","in","","0","0","0","https://x.com/undefined/status/1963481295222116633","1427022828503666693",
"1963480783118626852","Thu Sep 04 05:54:33 +0000 2025","71","Demo 4 September di DPR: Abigail Limuria Pimpin Penyerahan Simbolis 17+8 Tuntutan Rakyat https://t.co/JuKGoPDaIH","1963480783118626852","","","in","","0","0","36","https://x.com/undefined/status/1963480783118626852","887743587579944960",
"1963480245757006187","Thu Sep 04 05:52:24 +0000 2025","1","aneh tiap ngeshare postingan ttg tuntutan rakyat 17+8 view igstorynya ga nambah sama sekali","1963480245757006187","","","in","","0","2","0","https://x.com/undefined/status/1963480245757006187","77993038",
"1963477495904088432","Thu Sep 04 05:41:29 +0000 2025","0","Yusril pastikan pemerintah respons 17+8 Tuntutan Rakyat jamin hak demonstrasi damai tegakkan hukum transparan dan junjung tinggi HAM. https://t.co/ayHT9uUeHE","1963477495904088432","","","in","","0","0","0","https://x.com/undefined/status/1963477495904088432","1404018642",
"1963477278802813375","Thu Sep 04 05:40:37 +0000 2025","4","Yusril memastikan pemerintah menegakkan serta menjalankan hukum dengan adil transparan dan menjunjung tinggi HAM. #yusril #hukum #adil #transparan #ham #tuntutanrakyat https://t.co/XrEZlO3q1P https://t.co/hupbRCDUZ6","1963477278802813375","https://pbs.twimg.com/media/Gz-r4K9a4AAiuD-.jpg","","in","","0","0","0","https://x.com/undefined/status/1963477278802813375","18071520",
"1963477161089929313","Thu Sep 04 05:40:09 +0000 2025","0","17+8 Tuntutan Rakyat Digaungkan Bisa Dipantau Lewat Situs Ini #uzoneID https://t.co/iraSp0zbIQ","1963477161089929313","","","in","","0","0","0","https://x.com/undefined/status/1963477161089929313","1675707294",
"1963477128059482461","Thu Sep 04 05:40:01 +0000 2025","0","Yusril Ihza Mahendra memastikan pemerintah bakal merespons positif 17+8 Tuntutan Rakyat yang dirangkum usai unjuk rasa di Jakarta dan berbagai daerah hingga akhir Agustus lalu.https://t.co/sR0YHuOWjt","1963477128059482461","","","in","","0","0","0","https://x.com/undefined/status/1963477128059482461","423220305",
"1963476472204542242","Thu Sep 04 05:37:25 +0000 2025","0","Yusril Sebut Pemerintah Respons Positif 17+8 Tuntutan Rakyat https://t.co/zjl5mmiuM1 #JagaKeutuhanIndonesia Waspada Provokator Pemecah","1963476472204542242","","","in","","0","2","0","https://x.com/undefined/status/1963476472204542242","509946051",
"1963476403351163145","Thu Sep 04 05:37:08 +0000 2025","0","Yusril Tegaskan Pemerintah tak Akan Abaikan Tuntutan 17+8 Rakyat https://t.co/sLnDE0R7Gs","1963476403351163145","","","in","","0","0","0","https://x.com/undefined/status/1963476403351163145","1632918924",
"1963473565908414880","Thu Sep 04 05:25:52 +0000 2025","0","Yusril Pastikan Pemerintah Respons Positif 17+8 Tuntutan Rakyat https://t.co/86nIC47dlm","1963473565908414880","","","in","","0","0","0","https://x.com/undefined/status/1963473565908414880","1578222594",
"1963472358033019313","Thu Sep 04 05:21:04 +0000 2025","0","Menko @Yusrilihza_Mhd menegaskan bahwa Pemerintah merespons positif 17+8 Tuntutan Rakyat yang dirangkum usai aksi unjuk rasa di Jakarta dan berbagai daerah hingga akhir Agustus lalu. https://t.co/FCxhpbOjVd","1963472358033019313","","","in","","0","0","0","https://x.com/undefined/status/1963472358033019313","56711044",
"1963470145667383646","Thu Sep 04 05:12:16 +0000 2025","0","Gak usah nimbrung dikeributan yg fana ini fokus sama tuntutan 17+8. Jan kasih mereka bisa perdaya kekuatan rakyat hari ini. Sampe hilang akal mereka balik ke cara VOC ah lampau sekali. Hahaa","1963470145667383646","","","in","","0","0","0","https://x.com/undefined/status/1963470145667383646","1827898499608018946",
"1963468314157412696","Thu Sep 04 05:05:01 +0000 2025","1","Kami yg speak up 17+8 tuntutan rakyat ga lebih hebat ga lebih pintar ga lebih tinggi drpda mereka yg tidak kami manusia biasa yg menjalankan perannya sebagai wni yg punya kebebasan untuk bersuara di negara demokrasi yg menjunjung tinggi Pancasila.","1963468317739327556","","babicihuahua","in","","0","1","1","https://x.com/undefined/status/1963468317739327556","489985225",
"1963467168487805270","Thu Sep 04 05:00:27 +0000 2025","2","Sosok salah satu inspirator dari para pelopor 17+8 TUNTUTAN RAKYAT Apakah ini AI? Yang pura-pura tuli buta dan alergi fakta pasti mengira ini AI Kita Merah Putih!!🇮🇩 https://t.co/d0XMMqcfUE","1963467168487805270","https://pbs.twimg.com/ext_tw_video_thumb/1963467135814115328/pu/img/5qwgbKBhKa496x71.jpg","","in","","0","0","0","https://x.com/undefined/status/1963467168487805270","1555527950744752129",
"1963421132268109989","Thu Sep 04 04:54:05 +0000 2025","3","@Piyusaja2 Tuntutan sebagian rakyat 17+8 itu gak ada buat pemakzulan wapres semua sepakat fokus pada penegakan hukum perlindungan pekerja dan perampasan aset koruptor justru isu kaya gini yang bikin sebuah gerakan rakyat seperti ditunggangi politik tertentu","1963465567010263269","","Piyusaja2","in","","0","1","0","https://x.com/undefined/status/1963465567010263269","1154157421",
"1963465271118893521","Thu Sep 04 04:52:54 +0000 2025","1","Keren bgt ini yg mau lihat progress 17+8 tuntutan rakyat bisa dicek secara berkala https://t.co/WTOZyN3AL7","1963465271118893521","","","in","","0","0","1","https://x.com/undefined/status/1963465271118893521","48972598",
"1963464385126699501","Thu Sep 04 04:49:23 +0000 2025","0","pak udh tgl 04 inget 17+8 tuntutan rakyat pak. deadlinenya tgl besok! @prabowo","1963464385126699501","","","in","","0","0","1","https://x.com/undefined/status/1963464385126699501","1571408852033351681",
"1963463955751567485","Thu Sep 04 04:47:41 +0000 2025","0","17+8 Tuntutan Rakyat Viral di Media Sosial Ini Isi Lengkapnya https://t.co/25ron77RtM","1963463955751567485","","","in","","0","0","0","https://x.com/undefined/status/1963463955751567485","817669043792420864",
"1963463403932184931","Thu Sep 04 04:45:29 +0000 2025","3","Tapi udah biasa kok di suatu pergerakan bakal ada pembunuhan karakter seseorang yg ditokohkan dalam sebuah aksi pergerakan. Tetap fokus kawal 17+8 Tuntutan Rakyat. #ResetIndonesia","1963463405819347359","","aishiteRIE2124","in","","0","0","1","https://x.com/undefined/status/1963463405819347359","3230892668",
"1963462441955659911","Thu Sep 04 04:41:40 +0000 2025","3","Kalian juga harus Pahami yang Isi dari 17+8 Tuntutan Rakyat agar Indonesia jadi lebih baik lagi. Headline News INDONESIA AMAN DAMAI #ResetIndonesia #DariRakyatUntukRakyat Guru Menteri Agama CONGRATULATIONS BTS Xi Jinping BEM UI DPR Minta Maaf","1963462441955659911","","","in","","0","0","1","https://x.com/undefined/status/1963462441955659911","1782740271677235200",
"1963462354840228062","Thu Sep 04 04:41:19 +0000 2025","1","Isi 17+8 Tuntutan Rakyat: Gelombang Aspirasi untuk Pemerintahan Prabowo-Gibran Menggema di Medsos https://t.co/DsFDT3K8sC","1963462354840228062","","","in","","0","0","0","https://x.com/undefined/status/1963462354840228062","381923504",
"1963461538842644834","Thu Sep 04 04:38:04 +0000 2025","1","Kita butuh 17+8 tuntutan itu segera dilakukan Kita tidak butuh basa basi Kita butuh kerja kalian wahai karyawan rakyat.","1963461538842644834","","","in","","0","0","0","https://x.com/undefined/status/1963461538842644834","2763847983",
"1963460763625894238","Thu Sep 04 04:35:00 +0000 2025","0","Jadi intinya... DPR sepakat reformasi menyeluruh dipimpin Ketua DPR Puan Maharani. Reformasi ini menanggapi tuntutan demonstrasi 17+8 Tuntutan Rakyat. DPR akan evaluasi tunjangan dan transparansi serta rapat fraksi. https://t.co/avJBMNxYjc","1963460763625894238","https://pbs.twimg.com/media/Gz-dFRhbkAAYEO3.jpg","","in","","0","0","0","https://x.com/undefined/status/1963460763625894238","817363727607472128",
"1963460228592406649","Thu Sep 04 04:32:52 +0000 2025","1","klo kt presiden sy ada antek antek asing yg berusaha mengadu domba sy udh khatam bgt ini diadu domba. gini bayangin aja rakyat demo-in dpr eh pemerintah media parcok parjo ribet berantem salah2an cari dalang kerusuhan dibanding menuhin tuntutan 17+8.","1963460228592406649","","","in","","0","1","0","https://x.com/undefined/status/1963460228592406649","1566036765340667905",
"1963459616261722297","Thu Sep 04 04:30:26 +0000 2025","19","Inilah Isi dari 17+8 Tuntutan Rakyat yang Versi Bahasa Inggris-nya. Juga harus Anda Pahami maksudnya! Headline News INDONESIA AMAN DAMAI #ResetIndonesia #DariRakyatUntukRakyat Guru Menteri Agama CONGRATULATIONS BTS Xi Jinping BEM UI DPR Minta Maaf","1963459616261722297","","","in","","0","1","5","https://x.com/undefined/status/1963459616261722297","1782740271677235200",
"1963196866503246046","Thu Sep 04 04:21:18 +0000 2025","0","@singwit_merah Aktivis kembali dibungkam bebaskan mereka rakyat Indonesia. Segerakan 17+8 Tuntutan Rakyat !!! #PolisiPembunuhRakyat #WargaBantuWarga #ResetIndonesia #DPR #Prabowo","1963457318190031245","","singwit_merah","in","","0","0","0","https://x.com/undefined/status/1963457318190031245","1429023837765529609",
"1963456436228256030","Thu Sep 04 04:17:48 +0000 2025","0","Ada yang memilih tidak hadir seperti BEM se-UI karena mosi tidak percaya pada DPR ada juga yang tetap datang membawa aspirasi. Bagi yang ingin tahu ini 17+8 tuntutan rakyat yang dibawa mahasiswa hari ini. Cek poinnya sob gimana menurutmu? https://t.co/kKb7eStNP1","1963456436228256030","https://pbs.twimg.com/media/Gz-ZN8ebkAA46O-.jpg","","in","","0","0","0","https://x.com/undefined/status/1963456436228256030","1734396729490071552",
"1963455971121869064","Thu Sep 04 04:15:57 +0000 2025","63","Tokoh revolusi modern kita!! Aku bangga banget makasiiiih yaa @bijakmemantau Website buat memantau 17+8 Tuntutan Rakyat nya bagus bangetttt gasabar pengen nge-cut pelayan masyarakat ini setelah makan gaji buta https://t.co/DnvlRwPsRo https://t.co/dR6wkNePmm","1963455971121869064","https://pbs.twimg.com/amplify_video_thumb/1963455833850908672/img/bv0UHv2-0wpFx6Bc.jpg","","in","","4","1","30","https://x.com/undefined/status/1963455971121869064","1393479981552988162",
"1963154091082711150","Thu Sep 04 04:15:53 +0000 2025","3","@kaboooyyy Ada yang memilih tidak hadir seperti BEM se-UI karena mosi tidak percaya pada DPR ada juga yang tetap datang membawa aspirasi. Bagi yang ingin tahu ini 17+8 tuntutan rakyat yang dibawa mahasiswa hari ini. Cek poinnya sob gimana menurutmu? https://t.co/zG9vSDtnQm","1963455954206290106","https://pbs.twimg.com/media/Gz-YO8LbQAAwm02.jpg","kaboooyyy","in","","0","0","0","https://x.com/undefined/status/1963455954206290106","1734396729490071552",
"1963453494834204764","Thu Sep 04 04:06:07 +0000 2025","0","Mahasiswa hadir di Gedung DPR membawa 17+8 tuntutan rakyat telah beredar di masyarakat cek poin-poin yang disampaikan para mahasiswa disini sob! Kalau menurut kamu gimana sob? https://t.co/4GghoIiPhp","1963453494834204764","https://pbs.twimg.com/media/Gz-Wej7bkAIuaVf.jpg","","in","","0","0","0","https://x.com/undefined/status/1963453494834204764","1734396729490071552",
"1963452925147046026","Thu Sep 04 04:03:51 +0000 2025","17","Actually 17+8 tuntutan rakyat tuh bare minimum. BARE MINIMUM!!! Karena kita tinggal di negara yg pemerintahannya yg tidak berpihak ke rakyat jadinya rakyat lagi yang harus dorong-dorong mereka. Maunya didorong terus pintu indomart lu?","1963452925147046026","","","in","","0","1","14","https://x.com/undefined/status/1963452925147046026","1501171067913916419",
"1963451314710745488","Thu Sep 04 03:57:27 +0000 2025","0","Ini adalah tuntutan dari kami semua rakyat Indonesia. Sudah dirangkum dan didetailkan 17 tuntutan jangka pendek dan 8 tuntutan jangka panjang lengkap dengan deadline. Kami menunggu. Buktikan suara rakyat didengar. Teman-teman kita fokus pada poin-poin ini ya! Mari kita kawal https://t.co/5dJ3RJk2iI","1963451314710745488","https://pbs.twimg.com/media/Gz-Uj-6bkAYq-TN.jpg","","in","","0","0","0","https://x.com/undefined/status/1963451314710745488","1795184009577947138",
"1963436867262845272","Thu Sep 04 03:51:55 +0000 2025","0","@ARSIPAJA Penuhi 17+8 tuntutan rakyat atau disahronikan https://t.co/kNadPlFab7","1963449923795661183","https://pbs.twimg.com/media/Gz-TSHkbwAALa2k.jpg","ARSIPAJA","in","","0","0","0","https://x.com/undefined/status/1963449923795661183","61203621",
"1963446688141771101","Thu Sep 04 03:39:04 +0000 2025","0","Terserah pak mau bilang makar mau bilang asing mau bilang asal usul warna ga baik. Yang jelas tuntutan 17+8 itu valid dan pro rakyat","1963446688141771101","","","in","","0","0","0","https://x.com/undefined/status/1963446688141771101","148675483",
"1963445926800081007","Thu Sep 04 03:36:02 +0000 2025","0","bsok deadline 17+8 tuntutan rakyat dri dprnya sndiri apa aja yg udh di sahin?","1963445926800081007","","","in","","0","0","0","https://x.com/undefined/status/1963445926800081007","1304027500591288320",
"1963444853846806904","Thu Sep 04 03:31:46 +0000 2025","0","17+8 TUNTUTAN RAKYAT DAN PENTINGNYA AKSESIBILITAS DESAIN Jika Prabowo dan Puan itu memiliki keterbatasan dalam hal penglihatan mereka berhak untuk tidak mengindahkan 17+8 Tuntutan Rakyat Maksudnya? Simak selengkapnya di blogpostku terbaru di sini: https://t.co/DsR3zJWen6","1963444853846806904","","","in","","0","0","0","https://x.com/undefined/status/1963444853846806904","33714824",
"1963443273625997687","Thu Sep 04 03:25:30 +0000 2025","0","seenggaknya kalau mau bayiin presiden lu itu jangan nirempati deh masa iya di tiktok tuntutan 17+8 di bilang gak jelas. lagian tuntutan 17+8 udah mewakili seluruh rakyat eh mereka malah tanya rakyat mana yang di wakili kita gak ngerasa di wakili anjing kata gua sih","1963443273625997687","","","in","","0","0","0","https://x.com/undefined/status/1963443273625997687","1427861139661070338",
"1963442185300554237","Thu Sep 04 03:21:10 +0000 2025","0","17+8 Tuntutan Rakyat Tugas Berat Harus Diwujudkan Jika Ingin Mengembalikan Kepercayaan Rakyat https://t.co/IY6fZv5N7e","1963442185300554237","","","in","","0","0","0","https://x.com/undefined/status/1963442185300554237","23786106",
"1963441606444683271","Thu Sep 04 03:18:52 +0000 2025","0","Dear @DPR_RI Soft reminder terkait 17+8 Tuntutan Rakyat. Mohon kirimkan update dan progress perhari ini. ditunggu eod. Sincerely Rakyat (Atasan Kalian)","1963441606444683271","","","in","","1","0","0","https://x.com/undefined/status/1963441606444683271","1513749313393868802",
"1963439807700549746","Thu Sep 04 03:11:43 +0000 2025","1","Ternyata besok deadline tuntutan rakyat 17+8. Ke depan harusnya syarat utk menjadi wakil rakyat atau pejabat itu: bisa bekerja di bawh tekanan deadline rakyat.","1963439807700549746","","","in","","0","0","0","https://x.com/undefined/status/1963439807700549746","1806469063985725440",
"1963073469366882516","Thu Sep 04 03:10:33 +0000 2025","0","@cruwsl Hai terima kasih atas niat baiknya @grettyae semoga kakak selalu sehat dan lancar semua urusannya! Semoga rakyat kita juga selalu sehat aman dan tidak ada lagi korban jiwa. Semoga semua tuntutan 17+8 dapat segera terpenuhi. Cepat sembuh Indonesiaku! ","1963439514484978107","","cruwsl","in","","0","0","0","https://x.com/undefined/status/1963439514484978107","809701929592836096",
"1963438032117231669","Thu Sep 04 03:04:40 +0000 2025","3","Bapak @prabowo Terima kasih sudah mau mendesak DPR untuk membahas 17+8 Tuntutan semoga semua dikabulkan untuk Indonesia lebih baik amin saya bukan buzer cuma senang aja setelah demo panjang pemerintah mau dengerin suara rakyat. https://t.co/UOZNs7WScB","1963438032117231669","https://pbs.twimg.com/media/Gz-IdmyWEAAPcy0.jpg","","in","","0","0","0","https://x.com/undefined/status/1963438032117231669","1933364652161052677",
"1963184752732848213","Thu Sep 04 03:03:15 +0000 2025","1","@KeplaBapakKau @Nov_Rto @kastratofe Mjb barusan nonton intinya dia cuma ngomongin tangkep yg nyebar isu makar ke presiden Udah. Malah kaga ngomongin betapa keselnya rakyat ke DPR gak ngomongin 17+8 tuntutan. Malah bahas presiden. Rada lucu sih Ini temen kampusnya kaga ngomelin dia kah di kelas???","1963437676801016274","","KeplaBapakKau","in","","0","1","0","https://x.com/undefined/status/1963437676801016274","624360189",
"1963435356142928305","Thu Sep 04 02:54:02 +0000 2025","0","Deadline 17+8 Tuntutan Rakyat jatuh pada pada Jumat (5/9/2025). https://t.co/FDMUz0BIsV","1963435356142928305","","","in","","0","0","1","https://x.com/undefined/status/1963435356142928305","103551225",
"1963093090530656727","Thu Sep 04 02:40:30 +0000 2025","2","@h4rZX1n4 Simbol solidaritas terkait gerakan 17+8 Tuntutan Rakyat yg muncul pasca-aksi demonstrasi pada 28 Agustus 2025 Warna pink yg disebut Brave Pink terinspirasi dari sosok seorang ibu berhijab pink yg dgn berani berdiri di barisan depan menghadapi aparat saat demonstrasi CMIIW","1963431950292844927","","h4rZX1n4","in","","0","1","0","https://x.com/undefined/status/1963431950292844927","1345197460474318848",
"1963429313107345816","Thu Sep 04 02:30:01 +0000 2025","1","LIVE - Salsa Erwina Blak-blakan soal 17+8 Tuntutan Rakyat | Obrolan Ne... https://t.co/XDny5GRV33 via @YouTube","1963429313107345816","","","in","","0","0","1","https://x.com/undefined/status/1963429313107345816","66169750",
"1963424806751408260","Thu Sep 04 02:13:56 +0000 2025","0","@seulvousmevoyez Ya berdasarkan info terkini ada rencana demo di depan Istana Merdeka Jakarta besok sore terkait 17+8 tuntutan rakyat. Tapi belum semua detail konfirmasi pantau berita resmi seperti Kompas atau Tempo untuk update. Tetap aman!","1963425265272721662","","seulvousmevoyez","in","","0","0","0","https://x.com/undefined/status/1963425265272721662","1720665183188922368",
"1963423849749627298","Thu Sep 04 02:11:40 +0000 2025","0","Stop bikin keributan sendiri stop ngeributin sesuatu yg ga perlu diributin. Fokus sama substansinya fokus sama isi 17+8 tuntutan rakyat biar semua orang tau biar makin rame. Ini malah ngeributin warna ga jelas lu edit aja sana sendiri warna ijo abu2 monyet","1963424695459709239","","coklatmintea","in","","0","0","0","https://x.com/undefined/status/1963424695459709239","1915780247553007616",
"1963424141740314758","Thu Sep 04 02:09:28 +0000 2025","0"," Suara rakyat semakin lantang! 17 tuntutan jangka pendek (deadline 5 Sept) &amp; 8 tuntutan jangka panjang (deadline 31 Agustus 2026) jadi ujian serius bagi DPR TNI partai politik dan seluruh pemimpin bangsa. Berita Selengkapnya : https://t.co/IQTNO5GpVL https://t.co/gUvCnACwkF","1963424141740314758","https://pbs.twimg.com/amplify_video_thumb/1963423065112748032/img/t16Mlw8YNW8z_RRk.jpg","","in","","0","0","0","https://x.com/undefined/status/1963424141740314758","1950418047392747520",
"1963422758916034765","Thu Sep 04 02:03:59 +0000 2025","3","Memahami asal-usul 17+8 tuntutan rakyat isi yang diajukan hingga respons pemerintah di tengah gelombang demonstrasi dan represi aparat. https://t.co/zvQVKmby2r","1963422758916034765","","","in","","0","0","1","https://x.com/undefined/status/1963422758916034765","1521159020",
"1963421438247145769","Thu Sep 04 01:58:44 +0000 2025","2","Dulu ada Tritura. Sekarang ada 17+8 Tuntutan Rakyat. https://t.co/JJaiQRReaD","1963421438247145769","https://pbs.twimg.com/media/Gz95YsVagAA25z9.jpg","","in","","0","0","0","https://x.com/undefined/status/1963421438247145769","46836134",
"1963419820558352404","Thu Sep 04 01:52:18 +0000 2025","0","Orang-orang kok punya banyak energi sih cuma buat ngeributin warna pink-hijau dan 17+8 Tuntutan Rakyat yang katanya gak ada diskusi publik. Hei ini negaramu udah mau hancur! ","1963419820558352404","","","in","","0","0","0","https://x.com/undefined/status/1963419820558352404","1826447719415832576",
"1963418042823791059","Thu Sep 04 01:45:14 +0000 2025","0","Aku juga tim Brave Pink ya tapi bukan yang versi merepresentasikan ibu-ibu yang bengak-bengok SARA dan ga rela akan kekalahan pilihannya ya. Nggak banget kalau soal itu karena kampanye ini soal 17+8 tuntutan rakyat.","1963418042823791059","","","in","","0","0","0","https://x.com/undefined/status/1963418042823791059","1505493600821719046",
"1963413089484681421","Thu Sep 04 01:25:33 +0000 2025","0","Apa yang Terjadi jika Pemerintah Tidak Penuhi 17+8 Tuntutan Rakyat? https://t.co/QfOrh2t4Qp","1963413089484681421","","","in","","0","0","0","https://x.com/undefined/status/1963413089484681421","749968962717310977",
"1963409110726222229","Thu Sep 04 01:09:45 +0000 2025","0","Mahasiswa UI Bakal Gelar Demo Besar-besaran Pekan Ini Bertajuk '17+8 Tuntutan Rakyat' Berikut Sederet Tuntutannya https://t.co/6nUebbY2Nl","1963409110726222229","","","in","","0","0","0","https://x.com/undefined/status/1963409110726222229","817669043792420864",
"1963408254463365150","Thu Sep 04 01:06:20 +0000 2025","44","17+8 tuntutan rakyat https://t.co/Yv0gKrl9iJ","1963408254463365150","https://pbs.twimg.com/ext_tw_video_thumb/1963407515947077637/pu/img/1wV-wHMi3WxY61a0.jpg","","in","","1","5","0","https://x.com/undefined/status/1963408254463365150","1066007379299393536",
"1963406541702533539","Thu Sep 04 01:00:42 +0000 2025","0","@iam_chive Berdasarkan berita terkini deadline 5 September 2025 untuk 17+8 Tuntutan Rakyat mendekat dengan isu reformasi dan transparansi. Ada indikasi demo di sekitar DPR pada 4-6 September tapi BEM SI batalkan aksi hari ini. Belum ada konfirmasi resmi untuk besok. DPR janji evaluasi.","1963406834553033011","","iam_chive","in","","0","0","0","https://x.com/undefined/status/1963406834553033011","1720665183188922368",
"1963392062474301894","Thu Sep 04 00:57:13 +0000 2025","0","@txtdrimedia ADA 17+8 TUNTUTAN RAKYAT KL TENGGAT WAKTU TIDAK DIREALISASIKAN LANGKAH SELANJUTNYA GIMANA?? KEDAULATAN MILIK RAKYAT RAKYAT TIDAK INGIN MAKAR RAKYAT HANYA INGI KEADILAN","1963405957796442172","","txtdrimedia","in","","0","0","0","https://x.com/undefined/status/1963405957796442172","1959865448625065984",
"1963404929491439964","Thu Sep 04 00:53:08 +0000 2025","2","Dasco Respons 17+8 Tuntutan Rakyat bakal Kumpulkan Fraksi DPR Hari Ini https://t.co/bdt33is3uj","1963404929491439964","","","in","","0","0","1","https://x.com/undefined/status/1963404929491439964","132078023",
"1963401625197846792","Thu Sep 04 00:40:00 +0000 2025","48","Tokoh masyarakat minta pemerintah dengarkan 17+8 Tuntutan Rakyat https://t.co/Z67OgztxfT","1963401625197846792","","","in","","3","2","34","https://x.com/undefined/status/1963401625197846792","121640063",
"1963194606968864955","Thu Sep 04 00:33:22 +0000 2025","20","@Reveriin @lalaloooooopy @senjatanuklir @barengwarga aku rasa AI ya soalnya perhatiin jari kaki si ibu di video ini. ini kuku dua jari kaki nyambung dan ga natural banget. kalo emg ini cacat asli berarti hrs diterima video ini bukan editan AI. tapi hal ini ttp tidak menodai satupun maksud dari 17+8 tuntutan rakyat 5 sept nanti. https://t.co/bM7Evn90zL","1963399954463969656","https://pbs.twimg.com/media/Gz9l2XzbkAE8jQb.jpg","Reveriin","in","","0","7","0","https://x.com/undefined/status/1963399954463969656","1457844170",
"1963399715590152473","Thu Sep 04 00:32:25 +0000 2025","1106","DPR Rapat Bahas 17+8 Tuntutan Rakyat Hari Ini https://t.co/hnDkD3QNzZ","1963399715590152473","","","in","","91","72","337","https://x.com/undefined/status/1963399715590152473","17128975",
"1963398056415731770","Thu Sep 04 00:25:49 +0000 2025","40","Tokoh Masyarakat Minta Pemerintah Dengarkan 17+8 Tuntutan Rakyat https://t.co/Mdvp4fsrov","1963398056415731770","","","in","","0","2","18","https://x.com/undefined/status/1963398056415731770","848614550",
"1963387036326637934","Wed Sep 03 23:42:02 +0000 2025","0","masi aja nemu di tiktok yg ngebelain pemerintah sampe ngereview 17+8 tuntutan rakyat. ","1963387036326637934","","","in","","0","0","0","https://x.com/undefined/status/1963387036326637934","319728521",
"1963384202855870898","Wed Sep 03 23:30:46 +0000 2025","0","Ramai di Medsos Apa Itu 17+8 Tuntutan Rakyat yang Disuarakan Influencer? https://t.co/iKmA7ZkUcv","1963384202855870898","","","in","","0","1","0","https://x.com/undefined/status/1963384202855870898","1578222594",
"1962821022870315160","Wed Sep 03 23:25:42 +0000 2025","0","@arsyeillaa 02 voters keep saying yang salah kan dpr &amp; polisinya kenapa presiden yang disalahin they re CONFUSED dan waktu gw send 17+8 tuntutan rakyat &amp; bilang kalo presiden kasih lampu ijo ke tni &amp; polisi buat nyakitin rakyat mereka cuman DIEM","1963382927477162494","","arsyeillaa","in","","0","0","0","https://x.com/undefined/status/1963382927477162494","1929869567914135552",
"1963379129853903085","Wed Sep 03 23:10:37 +0000 2025","2","guys semoga ini awalan yang baik ya kalian dpr ri sudah gapunya alasan kalo ga tau tuntutan rakyat 17+8. SEMANGAAAAT PERJUANGAN GUYS ‼️ KITA DESAK DAN KAWAL TERUS YA DEADLINE 5 SEPTEMBER 2025‼️ https://t.co/w2MyIM4UmD","1963379129853903085","https://pbs.twimg.com/media/Gz9S2YRaEAEU2BX.jpg","","in","","0","0","0","https://x.com/undefined/status/1963379129853903085","1505834376893906946",
"1963378992548864021","Wed Sep 03 23:10:04 +0000 2025","63"," in this situation selama lo gak tone deaf ikut bersuara dgn tujuan utama 17+8 tuntutan rakyat tanpa melanggar norma-norma. Udah gak peduli lo votters mana we are one...","1963378992548864021","","","in","","1","1","12","https://x.com/undefined/status/1963378992548864021","1371650588",
"1963373467468009605","Wed Sep 03 22:48:07 +0000 2025","6","Demo 4 September: Penyerahan Simbolis 17+8 Tuntutan Rakyat di DPR https://t.co/Gt3JWfkE3l","1963373467468009605","","","in","","0","0","1","https://x.com/undefined/status/1963373467468009605","1582972008479920129",
"1963350770558132555","Wed Sep 03 21:17:55 +0000 2025","3","Mereka juga tidak salah untuk menjadi begitu bersemangat dalam mendukung dan mengikuti aksi solidaritas ya kak. Apapun #ResetIndonesia kawal 17+8 tuntutan rakyat.","1963350770558132555","","","in","","0","2","2","https://x.com/undefined/status/1963350770558132555","875979041307738112",
"1961388338365276372","Wed Sep 03 19:06:11 +0000 2025","2","@qwerty1580698 @AvicennArif @RomeoWalker19 Saya periksa video ini. Footage dasarnya asli dari demo 28 Agustus 2025 di DPR menampilkan ibu berjilbab pink yang viral karena keberaniannya. Tidak ada tanda edit AI; lip sync dan gerakan alami. Namun ini montage dengan overlay teks seperti 17+8 Tuntutan Rakyat yang","1963317619647467700","","qwerty1580698","in","","0","0","0","https://x.com/undefined/status/1963317619647467700","1720665183188922368",
"1963316480269033715","Wed Sep 03 19:01:40 +0000 2025","0","di app sebelah lagi gencar banget bahas soal warna pink ijo biru. pada ga terima ibu ibu yang ikut demo kmrn dijadiin simbol warna di 17+8 tuntutan rakyat. pdhl yg jadi fokus kan spirit yg ga kenal tua/muda lelaki/wanita. adaaa aja celah buzzer ngalihin fokus masyarakat","1963316480269033715","","","in","","0","0","0","https://x.com/undefined/status/1963316480269033715","1241350783968219136",
"1963196554593866121","Wed Sep 03 18:29:41 +0000 2025","1","@zieepsss kayanya pada ikut menyuarakan aspirasi 17+8 tuntutan rakyat kakk. Meraka pake tone warna pink&amp;hijau gitu","1963308430891872626","","zieepsss","in","","0","0","0","https://x.com/undefined/status/1963308430891872626","1446146665220427780",
"1963295393686471087","Wed Sep 03 17:37:58 +0000 2025","0","Well sekarang gw lebih pengen kalian fokus ke 17+8 tuntutan rakyat n jangan lupain kalo demonstrasi ini banyak yang menunggangi Thanks for the attention I'll update after deadline pertama 5 sept","1963295418084892920","","makurimidesu","in","","0","0","0","https://x.com/undefined/status/1963295418084892920","1189675739915988994",
"1963293258454372821","Wed Sep 03 17:29:23 +0000 2025","0","IYA BANGET LAGI???? guys tolong please bgt PLEASE BGT kita fokuskan aja ke atas!!!!! ke pemerintah!!!! kawal 17+8 tuntutan. mau itu 01/02/03 voters WE ARE ALL IN THIS TOGETHER! if we burn YOU BURN WITH US. inituh RAKYAT vs KEKUASAAN bukan jadi rakyat vs rakyat. WAKE THE FUCK UP","1963293258454372821","","","in","","0","0","0","https://x.com/undefined/status/1963293258454372821","1526778033461694465",
"1963291838560993357","Wed Sep 03 17:23:45 +0000 2025","0","terus ada yang bilang tuntutan 17+8 ga didiskusikan dulu sama rakyat . HEH SAWI LAYU HARUSNYA LU GITU!!! KE DPR ANJIRRR kalo di 17+8 itu gaada tuntuan lo seenggaknya lo rasionalisasi tuntutan apa yang belum include disitu ?","1963291838560993357","","","in","","0","1","0","https://x.com/undefined/status/1963291838560993357","1136098884483133440",
"1963289151325049226","Wed Sep 03 17:13:04 +0000 2025","0","TRANSLATION: CUMA KAMI yg boleh jd PAHLAWAN RAKYAT yah jd kl ada Mahasiswa lain yg MENYAMPAIKAN 17+8 TUNTUTAN RAKYAT kpd DPR yg udh BERSEDIA membuka dialog maka itu BUKAN BAGIAN DARI KAMI YAH. Ok 17+8 TUNTUTAN RAKYAT *sudah* tersampaikan ke DPR THANKS TO THEM... klian ngapain? https://t.co/VR43eghfnE","1963289151325049226","https://pbs.twimg.com/tweet_video_thumb/Gz8BElbbkAAfvlR.jpg","","in","","0","0","0","https://x.com/undefined/status/1963289151325049226","1829397506431787008",
"1963288968172376556","Wed Sep 03 17:12:20 +0000 2025","1","Ganti mode dulu dari PP Peradaban &gt; PP Pink Hijau 17+8 Tuntutan Rakyat #tetapberisiksampaimenang #powerpink https://t.co/KkjbtIejUY","1963288968172376556","https://pbs.twimg.com/media/Gz8A6SAbkAA4w_D.jpg","","in","","0","0","0","https://x.com/undefined/status/1963288968172376556","1318500677895606272",
"1963199986726011353","Wed Sep 03 17:11:49 +0000 2025","5","@bung_zulzaman Buzzer mending diem. Rakyat mana yg dia wakili? DPR ga ngirim undangan resmi buat mahasiswa UI. Kenapa dia bisa tiba-tiba muncul terus ngomongin tuntutan rakyat? Sebelum tampil di forum harus ada kesepakatan bersama soal aspirasi yg disampaikan. 17+8 tuntutan aja ga ada tuh.","1963288835397455872","","bung_zulzaman","in","","0","1","0","https://x.com/undefined/status/1963288835397455872","1926624109057744896",
"1963282918291509550","Wed Sep 03 16:48:18 +0000 2025","0","Dalam Tuntutan Rakyat 17+8 Sudahkah tercantum Aspirasi Rakyat yang mengusulkan PEMAKZULAN GIBRAN + ADILI JOKOWI BESERTA KRONI KRONINYA ?? Kalau belum maka tuntutan Rakyat dirubah menjadi 17+8+2 sehingga menjadi angka keberuntungan berjumlah 9..!! @__AnakKolong @GunRomli https://t.co/etewf2vxan","1963282918291509550","https://pbs.twimg.com/media/Gz77XQKbkAUse8I.jpg","","in","","0","0","0","https://x.com/undefined/status/1963282918291509550","278039207",
"1963280453408096326","Wed Sep 03 16:38:30 +0000 2025","1","Bejir bro bisa fokus ke 17+8 tuntutan rakyat aja gak sih dibanding permasalahin warna pink hijau the main point is to DEMONSTRATE TO THE GOVERNMENT not the color ","1963280453408096326","","","in","","0","0","0","https://x.com/undefined/status/1963280453408096326","1412334015000891393",
"1963130295659454696","Wed Sep 03 16:37:33 +0000 2025","0","@rxzqx_ @Sahrulstaare @kegblgnunfaedh Iya bener. Emang intinya tuntutan 17+8 itu kak. Jadi ikut buat warna pink gitu ga apa2 bnget. Yg penting tetap kawal tuntutan rakyat ","1963280213498118303","","rxzqx_","in","","0","0","0","https://x.com/undefined/status/1963280213498118303","1824209453031600128",
"1963130295659454696","Wed Sep 03 16:20:10 +0000 2025","0","@merenunglagi @Sahrulstaare @kegblgnunfaedh oh iya emang bener gua juga rakyat gua juga ikut menyuarakan tuntutan kita ke pemerintah. tapi kalo simbolisnya warna pink karena ada ibu2 kerudung pink yang neriakin hal2 tsb gua gaikutan. karena tuntutan 17+8 itu bukan buat jadiin anies presiden kan kayak yg lu bilang","1963275837328826841","","merenunglagi","in","","0","1","0","https://x.com/undefined/status/1963275837328826841","1142627208969633792",
"1963275216727265452","Wed Sep 03 16:17:42 +0000 2025","148","udah mqf gunain waktu kalian buat istirahat. udah hampir seminggu sibuk ikut huruhara rakyat vs pemerintah. skrg dapet waktu istirahat pergunain dengan baik. inget masih ada tuntutan 17+8 yang harus kita kawal dengan maksimal. have a good night all ","1963275216727265452","","","in","","0","0","28","https://x.com/undefined/status/1963275216727265452","1254922651534897152",
"1963274883900797413","Wed Sep 03 16:16:22 +0000 2025","138","Mahasiswa ‍ Wartawan ‍️ ‍️: Diudang DPR u/ serap aspirasi kenapa tdk datang? ‍: Kami sdh tdk percaya DPR ‍️: Bagaimana rencana demo besok ? ‍: Besok turun ‍️: Agenda? ‍: Menyampaikan aspirasi 17+8 tuntutan rakyat ‍️: Lokasi? ‍: DPR ‍️: Lho katanya sdh tdk percaya? $@!?&gt;:&lt;","1963274883900797413","","","in","","3","12","52","https://x.com/undefined/status/1963274883900797413","24893875",
"1963274495411486961","Wed Sep 03 16:14:50 +0000 2025","0","masih mantau 17+8 TUNTUTAN RAKYAT #ResetIndonesia https://t.co/pcfw1zMgyI","1963274495411486961","https://pbs.twimg.com/media/Gz7zvqhasAAUqV2.jpg","","in","","0","0","0","https://x.com/undefined/status/1963274495411486961","2360240599",
"1963273892501262785","Wed Sep 03 16:12:26 +0000 2025","5","diluar 17+8 Tuntutan Rakyat isi dari semua percakapan mereka. ga tau kenapa aku suka bet liat kak jo segitunya ngeliatin andovi yg semangat banget wkwk lucuuuu banget kakak adik iniii","1963273892501262785","","","in","","0","0","0","https://x.com/undefined/status/1963273892501262785","1316649836104437760",
"1963147910142378120","Wed Sep 03 16:02:32 +0000 2025","0","@JengkolRujak @capekbner Untuk membahas mengenai hukum mati koruptur itu pasti akan melibatkan diskusi yang sangat panjang tapi 17+8 tuntutan rakyat ini mendesak!! Terutama yang 17 itu setau aku deadline nya 5 agustuss ya kakk?? {lanjut}","1963271401395425670","","disisaacs","in","","0","1","0","https://x.com/undefined/status/1963271401395425670","1948630363435401218",
"1963147910142378120","Wed Sep 03 16:00:52 +0000 2025","0","@JengkolRujak @capekbner Aku paham kok kondisi negara kt skrg gabaik dan penyebabnya korupsi dari banyak pejabat negara. Tapi esensi dari 17+8 tuntutan rakyat aku pandang sebagai awal mula perbaikan sistemika negara kt yg udah terlalu mengakar. {lanjut}","1963270980408930606","","disisaacs","in","","0","1","0","https://x.com/undefined/status/1963270980408930606","1948630363435401218",
"1963268153477328948","Wed Sep 03 15:49:38 +0000 2025","0","Kalau berdasarkan breakdown gaji DPR dari Krisdayanti tiap anggota dapat sekitar 450juta pertahun untuk dana aspirasi; mendengarkan dan menyampaikan aspirasi rakyat. Gak setuju sama tuntutan 17+8? Rapopo! Kalian masih berhak untuk menyampaikan harapan kalian ke anggota dewan!","1963268153477328948","","","in","","0","1","0","https://x.com/undefined/status/1963268153477328948","140732977",
"1963265875043406307","Wed Sep 03 15:40:34 +0000 2025","2","PBB Perintahkan 174 Kader DPRD Terima Tuntutan Rakyat 17+8 https://t.co/zJu0DOjeQE","1963265875043406307","","","in","","1","1","0","https://x.com/undefined/status/1963265875043406307","388190238",
"1963263897106067580","Wed Sep 03 15:32:43 +0000 2025","0","17+8 Tuntutan Rakyat https://t.co/Iam9F8bcO4","1963263897106067580","https://pbs.twimg.com/media/Gz7qG-zbYAA_n2O.jpg","","in","","0","0","0","https://x.com/undefined/status/1963263897106067580","1431126370499719169",
"1963262383423672579","Wed Sep 03 15:26:42 +0000 2025","2","Ngentot lu asu orang orang x. Apa apa lu salahin anjing artis nyanyi lagu Indonesia Jaya lu salahin ada orang bikin 17+8 tuntutan rakyat lu salahin. Udah miskin tolol diem lu anjing.","1963262383423672579","","","in","","0","1","0","https://x.com/undefined/status/1963262383423672579","1094844438315237376",
"1963256496625693019","Wed Sep 03 15:07:21 +0000 2025","0","j/ Rakyat udah kasih ultimatum lewat 17+8 Tuntutan. Kalau pemerintah masih cuek sejarah akan mencatat: rakyat lebih kuat dari kursi kekuasaan.","1963257514478166442","","itskiranahere","in","","0","0","0","https://x.com/undefined/status/1963257514478166442","1942564653202366464",
"1963256494574670156","Wed Sep 03 15:03:18 +0000 2025","3","Selain pengawalan digital Alissa bilang bahwa gerakan sipil juga tetap perlu mengawal aspirasi melalui dialog langsung dengan pengambil kebijakan. https://t.co/Qb9TiUkvoC","1963256494574670156","","","in","","0","0","0","https://x.com/undefined/status/1963256494574670156","214818815",
"1963255060814766575","Wed Sep 03 14:57:36 +0000 2025","1","jeng oniiee jgn lupa kerjain pr 17+8 tuntutan rakyat jeng","1963255060814766575","","","in","","0","0","0","https://x.com/undefined/status/1963255060814766575","1655571565990359041",
"1963253711293079564","Wed Sep 03 14:52:14 +0000 2025","0","Ansem bersama 17+8 tuntutan rakyat","1963253711293079564","","","in","","0","0","0","https://x.com/undefined/status/1963253711293079564","1797459197254344705",
"1963253546213908637","Wed Sep 03 14:51:35 +0000 2025","19","Warga ramai-ramai membagikan unggahan bertajuk 17+8 Tuntutan Rakyat di media sosial. Tuntutan tersebut diformulasikan oleh beberapa influencer termasuk jerome Polin dan Salsa Erwina sebagai rangkuman dari aspirasi masyarakat seiring maraknya aksi demonstrasi di tanah air. https://t.co/sF9kwZ9pvx","1963253546213908637","https://pbs.twimg.com/amplify_video_thumb/1963253258820214784/img/drVRKAeTiYnpWDqr.jpg","","in","","1","0","9","https://x.com/undefined/status/1963253546213908637","23343960",
"1963253424662704143","Wed Sep 03 14:51:06 +0000 2025","2","Kita masih menunggu respon Pemerintah dan DPR terkait 17+8 tuntutan rakyat sudah ramai kembali mengenai ucapan Menteri Agama Nasaruddin Umar terkait profesi guru. https://t.co/PHVYyAn2kF","1963253424662704143","","","in","","0","0","1","https://x.com/undefined/status/1963253424662704143","23786106",
"1963249795197267989","Wed Sep 03 14:36:41 +0000 2025","0","jangan lupa pantau 17+8 tuntutan rakyat guysss!!! https://t.co/RWvijYtooj","1963249795197267989","","","in","","0","0","0","https://x.com/undefined/status/1963249795197267989","1343509915432697856",
"1963246734844526678","Wed Sep 03 14:24:31 +0000 2025","231","Aliansi Perempuan Indonesia menggelar aksi Reset Indonesia di depan Gedung DPR pada Rabu (03/09). Mereka menuntut pemerintah dan DPR mewujudkan 17+8 Tuntutan Rakyat . https://t.co/6QYZkuNP9m","1963246734844526678","https://pbs.twimg.com/amplify_video_thumb/1963245643146653696/img/jJcYLIyRo5XzLZX9.jpg","","in","","2","6","84","https://x.com/undefined/status/1963246734844526678","23772644",
"1963246283428188386","Wed Sep 03 14:22:43 +0000 2025","0","Isi 17+8 Tuntutan Rakyat Bergema di Medsos dan Dibawa ke Aksi di DPR https://t.co/NtYy8imQFQ","1963246283428188386","","","in","","0","0","0","https://x.com/undefined/status/1963246283428188386","1670812400596180992",
"1963245491912630344","Wed Sep 03 14:19:35 +0000 2025","0","Tuntutan rakyat 17+8 itu adlh tuntutan yg wajar dan normal tdk sulit utk dijalankan dan https://t.co/1K5o6cWsi9 butuh kemampuan yg gmn2 gitu ya hanya dibtuhkan kemauan ya kemauan utk berubah jd lbh baik dan pro rakyat.Masalahnya di kemauan bkn https://t.co/WQBQkaF9qN sulit kok","1963245491912630344","","","in","","0","0","0","https://x.com/undefined/status/1963245491912630344","1777712243255492608",
"1963244804243923064","Wed Sep 03 14:16:51 +0000 2025","0","kalo ada yg bilang udah sih bukan masanya ngata²in 02 voters fokus sama tuntutan rakyat aja GAK BISA!!! bakal terus gua kata²in sambil tetep bersuara buat nuntut 17+8 ini. soalnya gara² 58% orang tolol ini jg negara jd begini. bisa²nya milih karena kasian sama penjahat HAM??","1963244804243923064","","","in","","0","1","0","https://x.com/undefined/status/1963244804243923064","238494146",
"1963244154126844178","Wed Sep 03 14:14:16 +0000 2025","3","guys ayo kawal dan pantau terus respons pemerintah terhadap 17+8 tuntutan kita (rakyat). gokil cong rakyat selucu dan sekreatif ini masih aja dijahati check n recheck on link belowww! https://t.co/1bx5Xl8jaF","1963244154126844178","","","in","","0","1","3","https://x.com/undefined/status/1963244154126844178","1191878672719863810",
"1963243321666720073","Wed Sep 03 14:10:57 +0000 2025","0","Kenapa gak dari dulu? Kenapa baru sekarang? Mau bilang syukurlah dari Pd enggak sama sekali pun mikir? Bukanya pendaftaran jg harus memenuhi segala aspek? Kalian semua gila!!! Semoga tuhan mengutuk segala ke dzolim man kalian!!! Salam 17+8 tuntutan rakyat !..","1963243321666720073","","","in","","0","1","0","https://x.com/undefined/status/1963243321666720073","1626966343814885376",
"1963242294993133866","Wed Sep 03 14:06:53 +0000 2025","2","Dasco Kumpulkan Pimpinan Fraksi DPR Besok Bahas 17+8 Tuntutan Rakyat @bang_dasco @DPR_RI #sufmidasco #DPR #tuntutanrakyat https://t.co/UeB1rwUy9C https://t.co/wBP96lQrwH","1963242294993133866","https://pbs.twimg.com/media/Gz7WTdmbkAASaN6.png","","in","","0","0","0","https://x.com/undefined/status/1963242294993133866","1899398008418217984",
"1963239774585856145","Wed Sep 03 13:56:52 +0000 2025","1","Halooo afgan raisa vidi cantika isyana mereka melantangkan 17+8 tuntutan rakyat dan mereka juga repost berita tentang saat ini. Mereka juga mengeluarkan rasa empati simpati terhadap keluarga korban yang di tinggalkan. Jangan merasa paling benar di dunia ini dah","1963239774585856145","","","in","","0","0","0","https://x.com/undefined/status/1963239774585856145","449377649",
"1963239240189522198","Wed Sep 03 13:54:44 +0000 2025","1"," abs or biceps? 17+8 Tuntutan Rakyat #ResetIndonesia","1963239240189522198","","","in","","0","0","0","https://x.com/undefined/status/1963239240189522198","41076347",
"1963238409310441889","Wed Sep 03 13:51:35 +0000 2025","0","let POWER PINK stand for feminine energy buat kalian bangkit dari negara yg udh chaos ini. stop using terms like 'ANAK ABAH' or 'BARISAN SAKIT HATI' our goal is the same: WE ALL WANT JUST JUSTICE. WITH 17+8 TUNTUTAN RAKYAT.","1963238444722962911","","anotherabdils","in","","0","1","0","https://x.com/undefined/status/1963238444722962911","495786769",
"1963237614355636468","Wed Sep 03 13:48:17 +0000 2025","0","BUKAN SOLUSI!! Tuntutan 17+8 Bisa Bikin 280 JUTA RAKYAT MENDERITA!! https://t.co/EtNgDuE2HZ lewat @YouTube","1963237614355636468","","","in","","0","0","0","https://x.com/undefined/status/1963237614355636468","548507095",
"1963235103863185640","Wed Sep 03 13:46:02 +0000 2025","0","@loeymafia Keknya sih begitu y biar rakyat teralihkan dari tuntutan 17+8 biar rakyat g ngomongin tunjangan dan segala macam hasil malakin rakyat buat memperkaya pejabat","1963237049257103692","","loeymafia","in","","0","1","0","https://x.com/undefined/status/1963237049257103692","1682060053996793856",
"1963235813728067660","Wed Sep 03 13:41:07 +0000 2025","2","Btw aku update bbrp draft yang udah aku buat ini dengan harapan semoga bisa menghibur kalian. Aku tau pasti kalian ngalamin burn out krn masalah bbrp hari ke belakang. Tapi tetep inget ya kita punya 17+8 Tuntutan Rakyat. Bisa dicek di sini https://t.co/dbJEPnfJEu","1963235813728067660","","","in","","0","0","0","https://x.com/undefined/status/1963235813728067660","1937134628583927808",
"1963233707050799158","Wed Sep 03 13:32:45 +0000 2025","1","mereka tuh ga sadar ya klo salah? udah dikasih tuntutan gitu malah bikin omongan baru udah deh mending diem fokus ke tuntutan rakyat 17+8 gausah malah menghindar atau cari topik lain keliatan bgt gabisa kerjanya","1963233707050799158","","","in","","0","1","0","https://x.com/undefined/status/1963233707050799158","903843376721563648",
"1963223912558493904","Wed Sep 03 12:53:50 +0000 2025","0","Viral Tuntutan Rakyat 17 8! Desak Prabowo dan DPR Bergerak Sebelum Tenggat Waktu Berakhir https://t.co/U2ryu9ODfA","1963223912558493904","","","in","","0","0","0","https://x.com/undefined/status/1963223912558493904","1550413916135514113",
"1962749654426398925","Wed Sep 03 12:52:37 +0000 2025","0","@Jefri444944 @alifadj_ Warna hijau dan pink yang lagi ramai di Indonesia melambangkan Brave Pink (keberanian perempuan berjilbab pink hadapi aparat saat demo 28 Agustus) dan Hero Green (pahlawan ojol berjaket hijau). Ini bagian dari gerakan 17+8 Tuntutan Rakyat simbol solidaritas dan perlawanan","1963223605262831958","","Jefri444944","in","","0","0","0","https://x.com/undefined/status/1963223605262831958","1720665183188922368",
"1962749654426398925","Wed Sep 03 12:51:32 +0000 2025","0","@Jefri444944 @alifadj_ @SuperGrok Warna pink dan hijau lagi ramai di Indo sebagai simbol Brave Pink (keberanian terinspirasi ibu berhijab pink yang berani demo) dan Hero Green (pahlawan/harapan dari ojol Gojek korban kekerasan). Ini bentuk solidaritas untuk 17+8 Tuntutan Rakyat pasca-demo 28 Agustus 2025 ","1963223333572641159","","Jefri444944","in","","0","0","0","https://x.com/undefined/status/1963223333572641159","1720665183188922368",
"1963123600392921500","Wed Sep 03 12:50:04 +0000 2025","1","@IndoPopBase Blunder lagiiii blunder lagiii. Ini pemerintah pada diem dulu ngga sih?! Mending fokus sama tuntutan 17+8 Tuntutan rakyat dikejar deadline nih!","1963222967183438301","","IndoPopBase","in","","0","0","0","https://x.com/undefined/status/1963222967183438301","1680994732405829633",
"1963222308082037066","Wed Sep 03 12:47:27 +0000 2025","1","GUYS GUYS GW INTINYA PUNYA ORDAL DAN DIA BILAJG KALAU DPR LAGI RAPAT TUNTUTAN RAKYAT (17+8) APAKAH USAHA KITA TIDAK SIA SIA??? GW SENENG BANGET SUMPAH AGAK TAKUT PHP TAPI TETEP SENENG #indotwt","1963222308082037066","","","in","","0","0","1","https://x.com/undefined/status/1963222308082037066","1311830666938523649",
"1963220140193149234","Wed Sep 03 12:38:50 +0000 2025","0","Pingin ikut tanda tangan 17+8 tuntutan rakyat...","1963220140193149234","","","in","","0","0","0","https://x.com/undefined/status/1963220140193149234","1349228417158242310",
"1963110463736275378","Wed Sep 03 12:35:32 +0000 2025","4","@vanilla_asr @nipkoledeon @sitsnoe YA GA HARUS NURUTIN SERUAN anies SI IBU ITU. PEKOK. inget tujuan awal dong tuntutan 17+8. Please belajar jadi rakyat yg cerdas. Mau kapan Indonesia merdeka dari pemerintah yg zolim kalo begini aja kalian ter-distrak?!","1963219306105417903","","vanilla_asr","in","","0","1","0","https://x.com/undefined/status/1963219306105417903","1716622302077685760",
"1963218001148182879","Wed Sep 03 12:30:24 +0000 2025","0","Rakyat dari 32 provinsi bersatu menyuarakan keresahan dalam 17+8 Tuntutan Rakyat. Aksi ini bukan sekadar amarah sesaat. Ia lahir dari akumulasi panjang: kebijakan yang timpang demokrasi yang melemah hingga ketidakpedulian terhadap jeritan rakyat. https://t.co/DKwD20X6ps","1963218016889647120","https://pbs.twimg.com/media/Gz7AYNZbYAAO0zg.jpg","HIMAKIT_STTT","in","","0","1","0","https://x.com/undefined/status/1963218016889647120","750857534",
"1963212777453187114","Wed Sep 03 12:29:04 +0000 2025","0","@soykizz aku tadi liat igs nya farhan jijima sih masih tapi ga sebanyak kemarin. soalnya tuntutan rakyat 17 + 8 samsek blm ada yg clear satu pun","1963217678887223322","","soykizz","in","","0","1","0","https://x.com/undefined/status/1963217678887223322","1655888090840584193",
"1963183273959633317","Wed Sep 03 12:22:05 +0000 2025","5","@FiersaBesari Mau pink merah kuning hijau itu bukan masalah disini kami tidak buta warna. Tidak perlu membahas hal hal yg tidak penting untuk menutupi ketidakadilan yg kami dapat. Tidak perlu mengajak kami untuk bodoh. Terus kawal 17+8 tuntutan rakyat pd pemeritah ini prioritas seharusnya.","1963215921788686591","","FiersaBesari","in","","0","0","1","https://x.com/undefined/status/1963215921788686591","1558445759170613248",
"1962841917290680492","Wed Sep 03 12:09:17 +0000 2025","0","17+8 TUNTUTAN RAKYAT (17tuntutan jangka pendek 8 tuntutam jangka panjang https://t.co/CqdYDxUNNb #ResetIndonesia https://t.co/3gUpM9Wj3p","1963212701934784649","https://pbs.twimg.com/media/Gz67g_dbMAAACPc.jpg","heldaao","in","","0","0","0","https://x.com/undefined/status/1963212701934784649","773898047671631872",
"1963212333591015876","Wed Sep 03 12:07:49 +0000 2025","1","17+8 tuntutan rakyat Semoga segera terlaksana. Karna sampai saat ini h-2 tapi belum ada satupun yg selesai dikerjakan dari 17 tuntutan tadi untuk deadline 5 September. https://t.co/vyeUIdziry https://t.co/esBE7ZLKkq","1963212333591015876","https://pbs.twimg.com/media/Gz67NOMbcAEIaH1.jpg","","in","","0","0","0","https://x.com/undefined/status/1963212333591015876","1909507332243177472",
"1963210982702068223","Wed Sep 03 12:02:27 +0000 2025","15","Fenomena ramainya foto profilnya menjadi nuansa pink dan hijau ini merupakan simbol solidaritas antarwarganet sebagai kampanye 17+8 Tuntutan Rakyat kepada pemerintah agar bisa memberikan kebijakan yang adil dan lebih berpihak pada rakyat. ↪Sumber: Kompascom ⁣⁣ https://t.co/NKO87c8y9D","1963210982702068223","https://pbs.twimg.com/media/Gz65-TMaYAAOJZi.jpg","","in","","0","0","1","https://x.com/undefined/status/1963210982702068223","1210780624035860480",
"1963210889147854866","Wed Sep 03 12:02:05 +0000 2025","6","emg pling bner gw gw ngampus offline... tolong ya pemerintah buruan kerja yg bener lakuin tuntutan rakyat 17+8 itu segera","1963210889147854866","","","in","","0","0","0","https://x.com/undefined/status/1963210889147854866","1468479108250144770",
"1963209439533478335","Wed Sep 03 11:56:19 +0000 2025","2","Tindaklanjuti Tuntutan 17+8 Ketum PBB Perintahkan Kader Terima Rakyat. #PBB #PartaiBulanBintang #GenerasiAlMaidah54 #MasyumiMuda https://t.co/HhA2wpel6k","1963209439533478335","","","in","","0","0","1","https://x.com/undefined/status/1963209439533478335","1073425152",
"1963207906385354810","Wed Sep 03 11:50:14 +0000 2025","1","BEM Se-UI Bakal Demo Pekan Ini Usung Agenda 17+8 Tuntutan Rakyat Agenda yg gini ini asli dari mahasiswa.... jangan sampai ditimpangi kepentingan politik... https://t.co/k9wyueC3Fj","1963207906385354810","","","in","","0","0","1","https://x.com/undefined/status/1963207906385354810","1486631613932834819",
"1963205784638280093","Wed Sep 03 11:41:48 +0000 2025","0","temen laki-laki di kelas ada yang bilang kenapa pada ganti ava jadi ada pink nya gitu sih? Terus gw bilang kan ya itu buat yang demo 17+8 tuntutan rakyat dia jawab lagi ya kenapa ada pink nya? gw cuma diem doang terus mikir yaallah sosmed ada yang bahas -","1963205784638280093","","","in","","0","1","0","https://x.com/undefined/status/1963205784638280093","1243022840024059906",
"1963029570283831677","Wed Sep 03 11:38:53 +0000 2025","2","@strawtangerine @0xhujan @mukalu_jauh @lilrwok Mereka upload ttg 17+8 tuntutan rakyat dan repost snap udah termasuk menyuarakan kayak masyarakat yg lain yg ga ikut demo ga sih kak? Apalagi dengan followers mereka yg jutaan sangat membantu menginfluance","1963205052103028847","","strawtangerine","in","","0","0","0","https://x.com/undefined/status/1963205052103028847","1746816388281630720",
"1963200876161409479","Wed Sep 03 11:22:18 +0000 2025","5","Isi 17+8 Tuntutan Rakyat Bergema di Medsos dan Dibawa ke Aksi di DPR - https://t.co/0qqkBBDdHL MENANTI TINDAK LANJUT https://t.co/NtXjTUB7mq","1963200876161409479","https://pbs.twimg.com/media/Gz6wyb9bQAAmgjB.jpg","","in","","0","0","0","https://x.com/undefined/status/1963200876161409479","869378846",
"1963198916746482067","Wed Sep 03 11:14:30 +0000 2025","2","BEM UI Bakal Demo Lagi Pekan Ini Gaungkan Agenda Besar 17+8 Tuntutan Rakyat dari Suara Publik #bemui #ui #demo https://t.co/JnbCRaMGRi","1963198916746482067","","","in","","0","0","0","https://x.com/undefined/status/1963198916746482067","1892110442090332162",
"1963197795763937611","Wed Sep 03 11:10:03 +0000 2025","0","Bukan Hanya Mahasiswa Deretan Artis Top Ikut Suarakan 17+8 Tuntutan Rakyat https://t.co/qBoMJfWzab https://t.co/1XzPd6pehu","1963197795763937611","https://pbs.twimg.com/media/Gz6t_OpbEAAASwM.jpg","","in","","0","0","0","https://x.com/undefined/status/1963197795763937611","1618989586499383298",
"1963197331735486864","Wed Sep 03 11:08:12 +0000 2025","0","Rewatch Gundala eh ternyata relate sama kalimat ini @jokoanwar Yuk @DPR_RI bisa yuk kerjain 17+8 Tuntutan Rakyat! https://t.co/5ohWpBxmEP","1963197331735486864","https://pbs.twimg.com/media/Gz6tkV2aAAE-4XX.jpg","","in","","0","0","0","https://x.com/undefined/status/1963197331735486864","396369993",
"1963193256768123073","Wed Sep 03 10:52:01 +0000 2025","33","Perwakilan BEM Trisakti Jili Collin menyampaikan 17+8 tuntutan rakyat yang kini banyak diposting warganet Indonesia di media sosial. Protes terhadap tunjangan anggota DPR jadi salah satu bagian aspirasi masyarakat yang disampaikan. . Dalam pertemuan bersama pimpinan DPR yang https://t.co/gIswWEradI","1963193256768123073","https://pbs.twimg.com/amplify_video_thumb/1963193123724734464/img/WsBPSixR6R5XBJIr.jpg","","in","","1","1","3","https://x.com/undefined/status/1963193256768123073","58880688",
"1963192563156037898","Wed Sep 03 10:49:16 +0000 2025","0","Pink dan hijau jadi simbol 17+8 Tuntutan Rakyat mewakili solidaritas keberanian sipil dan perlawanan damai dalam era digital. https://t.co/sObBbjBGHa #BravePinkHeroGreen","1963192563156037898","","","in","","0","0","0","https://x.com/undefined/status/1963192563156037898","1473964599955181571",
"1963190091360416220","Wed Sep 03 10:39:26 +0000 2025","1"," Mahasiswa suarakan aspirasi di depan DPR! BEM UI BEM Trisakti GMNI hingga HMI lantang menyuarakan 17+8 tuntutan rakyat yang ramai di medsos. #AksiMahasiswa #SuaraRakyat #DPR #RUUPerampasanAset #BEMUI #BEMTrisakti #GMNI #HMI https://t.co/jG4giQjxfi","1963190091360416220","https://pbs.twimg.com/amplify_video_thumb/1963189538765078528/img/tfqZUoYUTZqrw6y4.jpg","","in","","0","0","0","https://x.com/undefined/status/1963190091360416220","1916621676080517120",
"1963183273959633317","Wed Sep 03 10:22:19 +0000 2025","118","@FiersaBesari warna profil saya adalah bentuk mengawal 17+8 tuntutan rakyat kpd pemerintah itu saja filosofi warna sesuai kepercayaan masing2 apesnya ini jadi bahan untuk buzzer","1963185782975570344","","FiersaBesari","in","","0","1","5","https://x.com/undefined/status/1963185782975570344","1894661911410880512",
"1963088301944144259","Wed Sep 03 10:18:58 +0000 2025","12","@JHZ_ordinary @coyquet Jumlah tuntutan rakyat. 17 tuntutan jangka pendek 8 tuntutan jangka panjang","1963184937806569828","","JHZ_ordinary","in","","0","0","1","https://x.com/undefined/status/1963184937806569828","817069745367191554",
"1963184884392034684","Wed Sep 03 10:18:45 +0000 2025","1","Membedah 17+8 Tuntutan Rakyat: 25 Suara Perlawanan yang Mengguncang Indonesia https://t.co/keGasZnrMl","1963184884392034684","","","in","","0","0","0","https://x.com/undefined/status/1963184884392034684","89829226",
"1963182907452747994","Wed Sep 03 10:10:53 +0000 2025","0","Tindaklanjuti Tuntutan 17+8 Ketum PBB Perintahkan Kader Terima Rakyat https://t.co/WUIA5a5yv5","1963182907452747994","","","in","","0","0","0","https://x.com/undefined/status/1963182907452747994","1578222594",
"1963147910142378120","Wed Sep 03 10:07:10 +0000 2025","0","@gimlighost13173 @somayikanhiu @capekbner Ya berarti ada 2 tuntutan yang berbeda dan Agus salah kalo menyampaikan aspirasi rakyat sbg aspirasi BEM UI yaitu dimana: - Massa aksi secara umum: 17+8 tuntutan rakyat agar pemerintahan memperbaiki diri - BEM UI: sudah tidak percaya sama sekali dengan DPR entah apa solusinya","1963181971795747285","","gimlighost13173","in","","0","1","0","https://x.com/undefined/status/1963181971795747285","82550378",
"1963179791827538343","Wed Sep 03 09:58:31 +0000 2025","1","️BEM UI dan organisasi lain sampaikan 17+8 Tuntutan Rakyat ke DPR RI️ Sejumlah organisasi mahasiswa yaitu BEM Universitas Indonesia (BEM UI) BEM Universitas Trisakti Gerakan Mahasiswa Nasional Indonesia (GMNI) hingga Himpunan Mahasiswa Islam (HMI) menyampaikan berbagai https://t.co/SYj7VvyMPm","1963179791827538343","https://pbs.twimg.com/media/Gz6cyb3aAAAeFxe.jpg","","in","","1","0","1","https://x.com/undefined/status/1963179791827538343","786549338818224128",
"1963133491950027025","Wed Sep 03 09:58:17 +0000 2025","1","@Rahmah0845 Isi Seruan 17+8 Tuntutan Rakyat Serta Makna Warna Pink dan Hijau https://t.co/p2HYNeoKNT","1963179734650495321","","Rahmah0845","in","","0","0","0","https://x.com/undefined/status/1963179734650495321","1598532655011680256",
"1963147910142378120","Wed Sep 03 09:46:34 +0000 2025","4","@bukanjackdawsn @AkasyahArchyi @gimlighost13173 @somayikanhiu @capekbner Lah kalo tidak memercayai sistem berarti kontradiktif dengan isi 17+8 Tuntutan Rakyat dong. Jadi mana yg bener? Pengen pemerintah DPR POLRI dll menuruti tuntutan itu atau langsung revolusi total karena tidak percaya sama sekali thd sistem tersebut? ","1963176787405623298","","bukanjackdawsn","in","","0","3","0","https://x.com/undefined/status/1963176787405623298","82550378",
"1963175475209281785","Wed Sep 03 09:41:21 +0000 2025","0","BREAKING NEWS!! Terima kasih mahasiswa!! Sudah mengantar 17+8 Tuntutan Rakyat ke DPR. Yok bu @ketua_dprri KERJA!! #178tuntutanrakyat https://t.co/hJqhORZ1oH","1963175475209281785","https://pbs.twimg.com/media/Gz6Zr5yawAA5HVi.jpg","","in","","0","0","0","https://x.com/undefined/status/1963175475209281785","1426387096256737281",
"1963174592312406430","Wed Sep 03 09:37:51 +0000 2025","356","Indonesia Berbenah Indonesia bukan sekadar merdeka di bibir tapi harus jujur dalam pikir dan lahir. Rakyat bersuara di jalanan dengan tuntutan 17+8 bukan karena benci tapi karena cinta dan peduli. Jangan bangga dengan gedung menjulang jika nurani pemimpin dan wakil https://t.co/EH33lkmD4L","1963174592312406430","https://pbs.twimg.com/media/Gz6Y4lEb0AAJj6G.jpg","","in","","2","8","74","https://x.com/undefined/status/1963174592312406430","65067181",
"1963173833055338685","Wed Sep 03 09:34:50 +0000 2025","4","Breaking News! Pimpinan Dewan Perwakilan Rakyat Republik Indonesia (DPR RI) telah bertemu dengan perwakilan Aliansi BEM SI beserta beberapa organisasi mahasiswa lainnya. Dalam pertemuan tersebut BEM Trisakti juga menyampaikan tuntutan 17+8 dari masyarakat. https://t.co/YsXFHHqLxr","1963173833055338685","https://pbs.twimg.com/media/Gz6YJ2ba4AAkXwt.jpg","","in","","0","0","0","https://x.com/undefined/status/1963173833055338685","1950729524204974080",
"1963173547721056707","Wed Sep 03 09:33:42 +0000 2025","20","17+8 tuntutan rakyat harusnya jadi momen @prabowo bersih bersih #viral #rakyat #pemerintah #Indonesia https://t.co/RpNuNjwqV3","1963173547721056707","https://pbs.twimg.com/ext_tw_video_thumb/1963173342716055552/pu/img/5siXdJlbJmJb-aBN.jpg","","in","","0","0","9","https://x.com/undefined/status/1963173547721056707","1611772554326462465",
"1963171834708553959","Wed Sep 03 09:26:55 +0000 2025","0","segala warna beginian ada buzzernya woi uang pakak rakyat buat nggenepin 17+8 tuntutan ni malah sewa buzzer oon","1963171840211436014","","dokterminumteh","in","","0","0","0","https://x.com/undefined/status/1963171840211436014","1475815631551299585",
"1963147910142378120","Wed Sep 03 09:15:43 +0000 2025","1","@gimlighost13173 @somayikanhiu @capekbner Ya tau dari 17+8 tuntutan rakyat lah. Kirain kalian udah pada setuju sama substansi tuntutan itu. Giliran ada yg menyampaikan secara langsung malah masih aja dinyinyirin... ","1963169023673442723","","gimlighost13173","in","","0","6","0","https://x.com/undefined/status/1963169023673442723","82550378",
"1963110463736275378","Wed Sep 03 09:09:57 +0000 2025","0","@sitsnoe JANGAN TERJEBAK dgn warna biarkan saja jk ada yg tdk setuju menggunakan warna tsbt SELAMA ia memiliki ASPIRASI yg SAMA. Tanyakan kpd-nya apakah tetap mendukung TUNTUTAN RAKYAT 17+8 kl TIDAK berarti dia bermasalah (mungkin bgian dr sistem). TETAP FOKUS TUNTUTAN RAKYAT 17+8 !","1963167569931857927","","sitsnoe","in","","0","0","0","https://x.com/undefined/status/1963167569931857927","176110549",
"1963166482248122735","Wed Sep 03 09:05:37 +0000 2025","0"," 17+8 Tuntutan Rakyat jelas: tarik TNI usut korban demo stop represif transparansi DPR ratifikasi UU koruptor reformasi parpol &amp; aparat. Pemerintah harus dengar rakyat menuntut perubahan nyata! #17plus8 #TuntutanRakyat #Reformasi #HAM #PolitikIndonesia https://t.co/lKQfgSvX0z","1963166482248122735","https://pbs.twimg.com/media/Gz6RZAJbkAAsCe7.jpg","","in","","0","0","0","https://x.com/undefined/status/1963166482248122735","1430013618683219979",
"1963166297627517247","Wed Sep 03 09:04:53 +0000 2025","0","17+8 Tuntutan Rakyat disusun sebagai reaksi atas ketidakadilan dan insiden di lapangan dari kekerasan aparat hingga tunjangan DPR yang kontroversial. https://t.co/xkcR6jrqxC","1963166297627517247","https://pbs.twimg.com/media/Gz6RWDCaAAAp1zB.jpg","","in","","0","1","0","https://x.com/undefined/status/1963166297627517247","1934871575624601606",
"1963165361421074816","Wed Sep 03 09:01:10 +0000 2025","30","Sejumlah mahasiswa mengajukan aspirasi di hadapan pimpinan DPR BEM UI BEM Trisakti GMNI hingga HMI menyuarakan tuntutan rakyat yang kian ramai di medsos: 17+8 poin yang harus dijawab pemerintah. Mereka juga mendesak dibentuknya tim investigasi kerusuhan agar gerakan mahasiswa https://t.co/efykgvqngu","1963165361421074816","https://pbs.twimg.com/amplify_video_thumb/1963165290017234944/img/Ee9XhyIn7tRebf01.jpg","","in","","1","3","4","https://x.com/undefined/status/1963165361421074816","3177962862",
"1963164819114107390","Wed Sep 03 08:59:01 +0000 2025","5","Kelahiran 90an melewati kedar der doran peristiwa. 1. Kerusuhan 98 2. Selamat dari (isu) kiamat 2012 3. Covid 19 4. 17+8 tuntutan rakyat 5. Color pallete pink sahroni","1963164819114107390","","","in","","0","2","1","https://x.com/undefined/status/1963164819114107390","1685128066140704768",
"1963164094342508597","Wed Sep 03 08:56:08 +0000 2025","0","17 tuntutan jangka pendek 17+8 Tuntutan Rakyat harus dilakukan maksimal 5 September 2025. https://t.co/GSwKQWMiRr","1963164094342508597","","","in","","0","0","0","https://x.com/undefined/status/1963164094342508597","1948942508953841664",
"1963163996636553221","Wed Sep 03 08:55:45 +0000 2025","0","17+8 Tuntutan Rakyat - Transparansi. Reformasi. Empati. https://t.co/otX2uWpWah","1963163996636553221","","","in","","0","0","0","https://x.com/undefined/status/1963163996636553221","24521124",
"1963147910142378120","Wed Sep 03 08:54:23 +0000 2025","0","@zeropoint2starz @capekbner Lah kalo tidak memercayai sistem berarti kontradiktif dengan isi 17+8 Tuntutan Rakyat dong. Jadi mana yg bener? Pengen pemerintah DPR POLRI dll menuruti tuntutan itu atau langsung revolusi total karena tidak percaya sama sekali thd sistem tersebut?","1963163654771089755","","zeropoint2starz","in","","0","0","0","https://x.com/undefined/status/1963163654771089755","82550378",
"1963163009452277791","Wed Sep 03 08:51:49 +0000 2025","0","Mahasiswa UI Bakal Gelar Demo Besar-besaran Pekan Ini Bertajuk '17+8 Tuntutan Rakyat' Berikut Sederet Tuntutannya https://t.co/6nUebbXuXN","1963163009452277791","","","in","","0","0","0","https://x.com/undefined/status/1963163009452277791","817669043792420864",
"1963162064777564255","Wed Sep 03 08:48:04 +0000 2025","0","Tuntutan Rakyat 17+8: Upah Layak dan Langkah Darurat Cegah PHK Massal https://t.co/BIdiG6ds06","1963162064777564255","","","in","","0","0","1","https://x.com/undefined/status/1963162064777564255","47274731",
"1963161302488007076","Wed Sep 03 08:45:02 +0000 2025","0","17+8 Tuntutan Rakyat #1312 #ResetIndonesia https://t.co/qiynPbeif1 https://t.co/qtAOfgHaem","1963161302488007076","https://pbs.twimg.com/media/Gz6My5XasAAzKhO.jpg","","in","","0","0","1","https://x.com/undefined/status/1963161302488007076","1615537572394184705",
"1963106300260491513","Wed Sep 03 08:41:52 +0000 2025","1","@__AnakKolong @KemensetnegRI @puanmaharani_ri TIDAK USAH perdulikan aksi2 ginian asli atau palsu tapi FOKUS pada Tuntutan RAKYAT 17+8 mereka yg berKHIANAT atau penunggang gelap akan tersingkir dgn sendirinya. Jadi FOKUS.","1963160505163685927","","__AnakKolong","in","","0","0","0","https://x.com/undefined/status/1963160505163685927","176110549",
"1963110463736275378","Wed Sep 03 08:24:20 +0000 2025","1","@AdiAst7 @qwerty1580698 @sitsnoe Bukan ini video asli dari demo di Indonesia diedit dengan teks dan efek. Gerakan 17+8 adalah tuntutan rakyat nyata yang lagi viral. Kalau ada elemen deepfake aku nggak yakin 100% tapi kelihatannya autentik.","1963156090700648806","","AdiAst7","in","","0","0","0","https://x.com/undefined/status/1963156090700648806","1720665183188922368",
"1960289195374899648","Wed Sep 03 08:24:09 +0000 2025","0","@riekediahp Ayo Bu berdiri bersama rakyat dan Indonesia. Dukung tuntutan 17+8 agar Indonesia dapat berbenah. Saya percaya masih banyak orang baik dan berintegritas di negeri ini.","1963156045121179870","","riekediahp","in","","0","0","0","https://x.com/undefined/status/1963156045121179870","1278737081393545216",
"1961688422441259501","Wed Sep 03 08:24:01 +0000 2025","0","@riekediahp Ayo Bu berdiri bersama rakyat dan Indonesia. Dukung tuntutan 17+8 agar Indonesia dapat berbenah. Saya percaya masih banyak orang baik dan berintegritas di negeri ini.","1963156012950606160","","riekediahp","in","","0","0","0","https://x.com/undefined/status/1963156012950606160","1278737081393545216",
"1963155611887321485","Wed Sep 03 08:22:26 +0000 2025","1","yawdah kalau beneran ibu krudung pink itu rasis dan provokator ganti aja warna pink jadi celananya syahroni. bukan saatnya ributin warna bjir saatnya kita tuntut 17+8 tuntutan rakyat","1963155611887321485","","","in","","0","1","0","https://x.com/undefined/status/1963155611887321485","963025533691809792",
"1963154549725909312","Wed Sep 03 08:18:12 +0000 2025","91","Tuntutan sampe 17 + 8 aja nunjukin yg nyusun gak punya chemistry dgn rakyat. Rakyat kecil tuh cuma mau : 1.Harga² murah 2.Biaya pendidikan &amp; kesehatan murah/terjangkau. 3.keamanan terjamin buat org kerja/nyari duit. They don't even care about your f*cking democracy ideals.","1963154549725909312","","","in","","6","4","46","https://x.com/undefined/status/1963154549725909312","932827741061226497",
"1963154047755829300","Wed Sep 03 08:16:13 +0000 2025","0","Tagar Indonesia Berbenah Trending Simak 17 + 8 Tuntutan Rakyat @joswito https://t.co/MWA6TMUcqj #IndonesiaBerbenah #IndonesiaGelap","1963154047755829300","","","in","","0","0","0","https://x.com/undefined/status/1963154047755829300","216268968",
"1963151958862336168","Wed Sep 03 08:07:55 +0000 2025","0","Mahasiswa UI Gelar Demo Besar-besaran Pekan Ini Bertajuk '17+8 Tuntutan Rakyat' Berikut Sederet Tuntutannya https://t.co/Axq3kXcTm0","1963151958862336168","","","in","","0","0","0","https://x.com/undefined/status/1963151958862336168","817669043792420864",
"1963151464164995366","Wed Sep 03 08:05:57 +0000 2025","5","udah janji sama diri sendiri fullday serba hitam sampe 17+8 Tuntutan Rakyat. Transparansi. Reformasi. Empati. didengar dan dijalankan https://t.co/DdwHmKNnuV","1963151464164995366","https://pbs.twimg.com/media/Gz6D2M8awAAv6K0.jpg","","in","","0","0","0","https://x.com/undefined/status/1963151464164995366","3266632513",
"1963149123974259107","Wed Sep 03 07:56:39 +0000 2025","0","Udah ga perlu lagi masyarakat terpecah krn berdebat masalah warna ijo &amp; pink. Ini filosofi kedua warna tersebut. FOKUS KE 17+8 TUNTUTAN RAKYAT AJA! https://t.co/LfjrLsMiqR","1963149123974259107","https://pbs.twimg.com/media/Gz6Bt9OaQAAagi-.jpg","","in","","0","0","0","https://x.com/undefined/status/1963149123974259107","22511320",
"1963148747619332438","Wed Sep 03 07:55:09 +0000 2025","3","Halo Sahabat https://t.co/XbekOGvyEO Gelombang desakan publik terhadap pemerintah dan Dewan Perwakilan Rakyat (DPR) semakin luas. Secara serempak sejumlah influencer mengunggah pernyataan bersama bertajuk 17+8 Tuntutan Rakyat di Instagram sejak Minggu (31/8/2025). https://t.co/UOJol5i4oI","1963148747619332438","https://pbs.twimg.com/media/Gz6BJMvbcAAtWGf.jpg","","in","","0","0","0","https://x.com/undefined/status/1963148747619332438","23343960",
"1963089574302785739","Wed Sep 03 07:49:13 +0000 2025","0","@ARSIPAJA Berarti secara ga langsung @prabowo emang sengaja niat ngelelang Indonesia k negara lain lewat jalur pengadilan internasional sbg pelanggaran HAM terberat sepanjang abad! Bahkan tuntutan dari pihak PBB @UNHumanRights dan tuntutan rakyat 17+8 ga di gubris sama dia!! Amazing!!!","1963147254233227675","","ARSIPAJA","in","","0","0","0","https://x.com/undefined/status/1963147254233227675","1874058922493173762",
"1963147063685980362","Wed Sep 03 07:48:28 +0000 2025","0","ini 17+8 tuntutan rakyat gaada yg dikerjain satu pun??","1963147063685980362","","","in","","0","0","0","https://x.com/undefined/status/1963147063685980362","1375465035640631303",
"1963134927752634808","Wed Sep 03 07:45:31 +0000 2025","25","@TirtoID Wahai para karyawan rakyat mending lo urusin 17+8 tuntutan kita dah. Stop bacot bangsat!","1963146324238532748","","TirtoID","in","","0","0","0","https://x.com/undefined/status/1963146324238532748","1299973540481966082",
"1963144670739124436","Wed Sep 03 07:38:57 +0000 2025","0","#konteksinfo Belakangan ini media sosial seperti Instagram dan X/Twitter diramaikan unggahan warganet tentang 17+8 Tuntutan Rakyat. Topik ini menarik perhatian publik sekaligus memicu rasa penasaran. (zd) #Indonesia #TuntutanRakyat #Reformasi #Transparansi #Empati #JeromePolin https://t.co/syGC5etOJy","1963144670739124436","https://pbs.twimg.com/media/Gz59rEhbAAAsuae.jpg","","in","","0","1","0","https://x.com/undefined/status/1963144670739124436","1565270466238902274",
"1963140831436734558","Wed Sep 03 07:23:42 +0000 2025","6","BEM se-Universitas Indonesia berencana menggelar aksi demonstrasi dengan membawa agenda besar bertajuk 17+8 Tuntutan Rakyat pada pekan ini. Baca di sini: https://t.co/b9BLZGQudM / #UI #Mahasiswa #Demo https://t.co/QTjzfkZBsp","1963140831436734558","https://pbs.twimg.com/media/Gz56CH_bEAAtCVy.jpg","","in","","0","1","1","https://x.com/undefined/status/1963140831436734558","23343960",
"1963140700490670102","Wed Sep 03 07:23:11 +0000 2025","0","temen2 bisa pantau 17+8 tuntutan rakyat disini https://t.co/WOoS3U9Sh5","1963140700490670102","","","in","","0","0","0","https://x.com/undefined/status/1963140700490670102","1544870935404380160",
"1963136839193395376","Wed Sep 03 07:11:29 +0000 2025","0","@fordoubleU 17+8 Tuntutan Rakyat adalah daftar 25 tuntutan masyarakat Indonesia ke pemerintah viral di medsos sekitar Agustus 2025. 17+8 merujuk pada 17 Agustus (Hari Kemerdekaan) + total 25 poin. 17 tuntutan jangka pendek (deadline 5 Sep 2025): investigasi kekerasan demo bebas","1963137758417072588","","fordoubleU","in","","0","0","0","https://x.com/undefined/status/1963137758417072588","1720665183188922368",
"1963136839193395376","Wed Sep 03 07:08:51 +0000 2025","0","@fordoubleU 17+8 biasanya merujuk pada 17 Agustus Hari Kemerdekaan Indonesia karena Agustus adalah bulan ke-8. Saat ini istilah ini viral di medsos sebagai 17+8 Tuntutan Rakyat daftar tuntutan masyarakat terhadap pemerintah soal kebijakan seperti reformasi hukum dan ekonomi. Cek","1963137095582810164","","fordoubleU","in","","0","1","0","https://x.com/undefined/status/1963137095582810164","1720665183188922368",
"1963133961141629326","Wed Sep 03 06:59:32 +0000 2025","1","-nya ada oposisi ada yg mihak rakyat lah. jadi yh.. semoga saja tuntutan 17+8 itu bisa dilakukan segera..","1963134751583388051","","cheeztachio","in","","0","1","0","https://x.com/undefined/status/1963134751583388051","1845726634701467648",
"1963133865532465470","Wed Sep 03 06:56:01 +0000 2025","60"," Brave Pink Hero Green Simbol keberanian &amp; solidaritas dari rakyat untuk rakyat. Gerakan 17+8 Tuntutan Rakyat kini menyuarakan aspirasi panjang &amp; pendek bagi masa depan yang lebih adil. Tunjukkan dukunganmu Kini giliranmu! #BravePinkHeroGreen #17plus8TuntutanRakyat https://t.co/YZJa6Qeiuc","1963133865532465470","https://pbs.twimg.com/media/Gz5z1rsbsAIN6bF.jpg","","in","","3","4","25","https://x.com/undefined/status/1963133865532465470","58880688",
"1962787584901542364","Wed Sep 03 06:55:30 +0000 2025","0","@ARSIPAJA Mohon maaf adalah kata tdk bertanggung jawab segera berbenah ibu dan lkukan de-eskalasi dgn memperbaharui reformasi laksanakan tuntutan rakyat +8 17","1963133735295238614","","ARSIPAJA","in","","0","0","0","https://x.com/undefined/status/1963133735295238614","2735829146",
"1963130364488196542","Wed Sep 03 06:42:06 +0000 2025","0","17 + 8 Tuntutan Rakyat","1963130364488196542","","","in","","0","0","0","https://x.com/undefined/status/1963130364488196542","1245194353619828738",
"1963102517396742654","Wed Sep 03 06:39:34 +0000 2025","0","@assertndayy Amin nnti nunggu 17+8 tuntutan rakyat udh di acc Prabowo insyallah dpt partner nya ya ️","1963129725083431104","","assertndayy","in","","0","1","0","https://x.com/undefined/status/1963129725083431104","1743440893380857856",
"1963122460095873531","Wed Sep 03 06:36:35 +0000 2025","0","@bokevvvv @pppkguru Ya saran reformasi sistemik seperti kuatkan KPK &amp; transparansi APBN masuk ke tuntutan anti-korupsi di 17+8 (tuntutan rakyat viral 2025 spt RUU perampasan aset &amp; pengawasan). Ahli dari ICW Transparency Int'l &amp; aktivis sudah diskusikan serupa di media (CNN Kompas) pasca-demo","1963128974760153316","","bokevvvv","in","","0","0","0","https://x.com/undefined/status/1963128974760153316","1720665183188922368",
"1963120840301752625","Wed Sep 03 06:04:16 +0000 2025","0","Link Resmi Brave Pink Hero Green Lovable App lengkap Dengan 17+8 Tuntutan Rakyat https://t.co/PWXrTDBchj","1963120840301752625","","","in","","0","0","0","https://x.com/undefined/status/1963120840301752625","2714869507",
"1963120175714390137","Wed Sep 03 06:01:37 +0000 2025","0","17 + 8 Tuntutan Rakyat untuk Pejabat #IndonesiaBerbenah https://t.co/jzzlhi3kCT","1963120175714390137","https://pbs.twimg.com/media/Gz5nCAEaYAAKKat.jpg","","in","","0","0","0","https://x.com/undefined/status/1963120175714390137","1889083410",
"1963119767809667119","Wed Sep 03 06:00:00 +0000 2025","4","Viral di media sosial unggahan bertajuk 17+8 Tuntutan Rakyat yang disuarakan saat aksi demonstrasi belakangan ini. Pemerintah akhirnya buka suara terkait hal tersebut. &gt;&gt; https://t.co/k3Q2v8Ldns https://t.co/sbRTY8ELlS","1963119767809667119","https://pbs.twimg.com/amplify_video_thumb/1963080110548074496/img/JDT2PTDc9r32jCh8.jpg","","in","","0","0","2","https://x.com/undefined/status/1963119767809667119","69183155",
"1963118703815303312","Wed Sep 03 05:55:46 +0000 2025","0","Viral Diaspora RI Ramai-ramai Demo Bawa Tuntutan Rakyat 17+8 https://t.co/7ndmec5UTD","1963118703815303312","","","in","","1","0","0","https://x.com/undefined/status/1963118703815303312","847372542830444544",
"1963114844233883675","Wed Sep 03 05:44:45 +0000 2025","0","Tidak sampai sini saja ya kawan-kawan Tetap kawal 17+8 Tuntutan Rakyat","1963115929069330841","","beleftin","in","","0","0","0","https://x.com/undefined/status/1963115929069330841","1179325596255440896",
"1963115366537666670","Wed Sep 03 05:42:30 +0000 2025","0","Hal-hal yang sebenernya ga perlu dijadiin masalah di situasi ini: 1. Ava idol tidak disarankan pake filter pink hijau (NEW) 2. Kenapa harus warna pink hijau (-1) 3. Kenapa yang ngerangkum 17+8 tuntutan rakyat si A kenapa ga si B (-2)","1963115366537666670","","","in","","0","0","1","https://x.com/undefined/status/1963115366537666670","1498844576760885251",
"1963113702732988493","Wed Sep 03 05:35:54 +0000 2025","1","Mengenal 17+8 Tuntutan Rakyat yang Viral di Medsos dan Dibagikan Para Artis https://t.co/fP64ZENoZC","1963113702732988493","","","in","","0","0","0","https://x.com/undefined/status/1963113702732988493","864334585860980737",
"1963112973297398106","Wed Sep 03 05:33:00 +0000 2025","7","Tuntutan rakyat 17+8 viral di media sosial disampaikan oleh aktivis dan influencer. Tuntutan ini mencakup reformasi transparansi dan empati. https://t.co/moTV27Y6tu","1963112973297398106","","","in","","0","1","3","https://x.com/undefined/status/1963112973297398106","69183155",
"1963111691400655328","Wed Sep 03 05:27:54 +0000 2025","1","Sebab Tujuan Kita Mulia: Tuntutan Rakyat 17+8. https://t.co/4ZktszRySp","1963111691400655328","https://pbs.twimg.com/media/Gz5frePaQAA0MAi.jpg","","in","","0","0","2","https://x.com/undefined/status/1963111691400655328","396369993",
"1962850702377800134","Wed Sep 03 05:23:38 +0000 2025","1","@OposisiCerdas Mulai penggiringan opini pdhl tuntutan rakyat 17+8 performacenya kapolri jg nggk hebat2 amat malah bnyak skandal judol sambo pembunuhan gamma manipulasi kriminal oleh oknum isilop","1963110615658184949","","OposisiCerdas","in","","0","0","0","https://x.com/undefined/status/1963110615658184949","1750126614766329857",
"1963041178464772473","Wed Sep 03 05:22:19 +0000 2025","0","@NooGoodMan Fenomena pemasangan foto profil pink hijau ini berbarengan dengan kampanye 17+8 Tuntutan Rakyat di medsos. Kampanye tersebut muncul pasca rentetan aksi protes yang terjadi sejak akhir Agustus lalu.","1963110286002639261","","NooGoodMan","in","","0","1","0","https://x.com/undefined/status/1963110286002639261","1793359157711806464",
"1963106139488600555","Wed Sep 03 05:05:51 +0000 2025","0","Sebab Tujuan Kita Mulia: 17+8 Tuntutan Rakyat Indonesia! #wargajagawarga #tuntutanrakyat #ResetIndonesia https://t.co/Hma8LvCl4x","1963106139488600555","https://pbs.twimg.com/media/Gz5aSn2aoAA6xaS.jpg","","in","","0","0","0","https://x.com/undefined/status/1963106139488600555","396369993",
"1963099043254739340","Wed Sep 03 04:47:36 +0000 2025","0","@konstelaci Nunggu 17+8 tuntutan Rakyat dikabulin pemerentah kak baru dia keluar ","1963101550211190968","","konstelaci","in","","0","1","0","https://x.com/undefined/status/1963101550211190968","2199025087",
"1963098199163629931","Wed Sep 03 04:34:17 +0000 2025","51","Bersama rakyat tegakkan keadilan! IMASIP FIB UI 2025 mendukung penuh 17+8 Tuntutan Rakyat. #WargaJagaWarga #ResetIndonesia https://t.co/5KAWBjv2UB","1963098199163629931","https://pbs.twimg.com/media/Gz5TaIwbYAEkJrV.jpg","","in","","2","0","24","https://x.com/undefined/status/1963098199163629931","137576436",
"1963098032045707466","Wed Sep 03 04:33:38 +0000 2025","7","Mulai banyak serangan masif da terstruktur yang nyerang personal ke orang² yang ngerangkumin 17+8 tuntutan rakyat. Bener² harus gandengan tangan saling nguatin saling jaga. Jangan pernah ragu minta tolong/jujur sama perasaan sendiri kalo lagi capek/demotivasi.","1963098032045707466","","","in","","0","1","0","https://x.com/undefined/status/1963098032045707466","417048058",
"1963089574302785739","Wed Sep 03 04:32:19 +0000 2025","9","@ARSIPAJA Keputusan yg tdk bijaksana ktika memilih menjaga hubungan baik dgn org lain ktimbang menjaga hubungan baik dan memulihkan kepercayaan rakyatnya sendiri. 17+8 tuntutan rakyat dikacangin kaya martabak Ironis https://t.co/B5crGemjRT","1963097701509431613","https://pbs.twimg.com/media/Gz5S9M1bAAI0CDa.jpg","ARSIPAJA","in","","0","0","0","https://x.com/undefined/status/1963097701509431613","1735212687066615808",
"1963097135156756711","Wed Sep 03 04:30:04 +0000 2025","0","Pls yaa yg minim literasi ini mah simbol warna yg dipake dari tuntutan rakyat 17+8 tujuannya buat bersama KITA SEMUA. Buat apa ada istilah 'musyawarah untuk mufakat' jirrr kalo kalian aja gak mau bergerak untuk saling berbenah dan rangkul merangkul sebagai rakyat?!","1963097135156756711","","","in","","0","1","0","https://x.com/undefined/status/1963097135156756711","1786423919978913792",
"1963095393430077767","Wed Sep 03 04:23:08 +0000 2025","0","17+8 bukan sekadar angka. Ini tuntutan rakyat: Hentikan represifitas aparat Batalkan kenaikan gaji DPR Sahkan UU Perampasan Aset Saatnya berdiri di sisi rakyat! Baca di https://t.co/Xth3YMayOS #17Plus8 #UUPerampasanAset https://t.co/ho56KJ3dIb","1963095393430077767","https://pbs.twimg.com/media/Gz5Q21UbQAA09on.jpg","","in","","0","0","0","https://x.com/undefined/status/1963095393430077767","1142137706840875008",
"1963094409215672496","Wed Sep 03 04:21:25 +0000 2025","0","@gurataan 17+8 Tuntutan Rakyat adalah seruan aktivis pro-demokrasi Indonesia untuk reformasi. 17 tuntutan jangka pendek (hingga 5 Sep 2025) termasuk tarik TNI dari pengamanan sipil investigasi kekerasan demo bekukan kenaikan gaji DPR &amp; upah layak buruh. 8 tuntutan jangka panjang (hingga","1963094961160958237","","gurataan","in","","0","0","0","https://x.com/undefined/status/1963094961160958237","1720665183188922368",
"1963094409215672496","Wed Sep 03 04:19:14 +0000 2025","0","jelaskn secara rinci 17+8 tuntutan rakyat @grok","1963094409215672496","","","in","","0","1","0","https://x.com/undefined/status/1963094409215672496","1918536703738032128",
"1963093889361051652","Wed Sep 03 04:18:40 +0000 2025","0","@gurataan 17+9 Tuntutan Rakyat (kemungkinan merujuk 17+8 yang viral) ialah senarai tuntutan rakyat Indonesia kepada kerajaan Prabowo. 17 tuntutan jangka pendek (deadline 5 Sept 2025): Siasat kematian demonstran henti libat TNI/Polis dalam hal sivil bebaskan tahanan audit DPR sanksi","1963094267565646160","","gurataan","in","","0","0","0","https://x.com/undefined/status/1963094267565646160","1720665183188922368",
"1963094133767340197","Wed Sep 03 04:18:08 +0000 2025","1","Soal 17+8 Tuntutan Rakyat Tito Karnavian Pastikan Pemerintah Buka Ruang Komunikasi https://t.co/D1RD4utPDb lewat @Keuangan News https://t.co/CqZH8QQWju","1963094133767340197","https://pbs.twimg.com/media/Gz5PtdzbEAAgARx.jpg","","in","","0","0","1","https://x.com/undefined/status/1963094133767340197","1226436091617505281",
"1963090454146384089","Wed Sep 03 04:03:31 +0000 2025","34","Enggak bisa ikut turun ke jalan karena WFO tapi tetep ikutin dress code in solidarity. Kaos vest rambut masker kacamata syal armband dan celana hitam PENUHI 17+8 TUNTUTAN RAKYAT! HENTIKAN KEKERASAN NEGARA #ResetIndonesia #PerempuanMelawan https://t.co/yl2j7bFw4J","1963090454146384089","https://pbs.twimg.com/media/Gz5MXXCbUAAWmx6.jpg","","in","","0","3","3","https://x.com/undefined/status/1963090454146384089","1111950919195738113",
"1963089968437592546","Wed Sep 03 04:01:35 +0000 2025","1","Daripada 17+8 kenapa tidak Sepultura saja ... Sepuluh Tuntutan Rakyat","1963089968437592546","","","in","","0","2","0","https://x.com/undefined/status/1963089968437592546","1019018412",
"1963089208593236030","Wed Sep 03 03:58:34 +0000 2025","0","17+8 tuntutan rakyat kapan deadlinenya?","1963089208593236030","","","in","","0","0","0","https://x.com/undefined/status/1963089208593236030","84753422",
"1963087488702152877","Wed Sep 03 03:51:44 +0000 2025","0","Bukan tanpa alasan kedua warna pink hijau tersebut bahkan tertera dalam unggahan 17+8 tuntutan rakyat. https://t.co/OpKNlTS1bw lewat @tribunnews","1963087488702152877","","","in","","0","0","0","https://x.com/undefined/status/1963087488702152877","64635651",
"1963087196006797354","Wed Sep 03 03:50:34 +0000 2025","114","Tangs! kalo mau liat perkembangan dari 17 + 8 tuntutan rakyat bisa cek di link ini. kita pantau bareng bareng progressnya. https://t.co/tLlc5q892m","1963087196006797354","","","in","","0","1","119","https://x.com/undefined/status/1963087196006797354","1213508521540456448",
"1963050538276409364","Wed Sep 03 03:45:59 +0000 2025","0","@Mdy_Asmara1701 lg2 taktik mengelabui emosi masyarakat ges nanti ujung2 nya emosi masyarakat digunain lagi oleh buzzer provok (dari pemerintah) buat bikin chaos. Terus output nya seakan2 nanti goverment yang jadi pahlawan buat nenangin masyarakat. Ingat tujuan utama 17+8 Tuntutan Rakyat!","1963086040388010423","","Mdy_Asmara1701","in","","0","0","0","https://x.com/undefined/status/1963086040388010423","1243746211",
"1963029570283831677","Wed Sep 03 03:45:38 +0000 2025","1","@lilrwok Coba deh kamu ilangin mindset bitternya dulu dan liat sisi positifnya mereka afgan dan vidi dari kemarin sampai sekarang menyuarakan 17+8 tuntutan rakyat lewat feed instagram dan sg nya kita sesama rakyat bisa saling mendukung lewat apapun stop konflik horizontal gini","1963085952479375633","","lilrwok","in","","0","0","2","https://x.com/undefined/status/1963085952479375633","1421361526057799683",
"1963085514925605144","Wed Sep 03 03:43:53 +0000 2025","6","2 hari lagi menuju 17 + 8 tuntutan rakyat! Sampai jumpa ","1963085514925605144","","","in","","0","0","0","https://x.com/undefined/status/1963085514925605144","1611757476566929408",
"1963085236541260186","Wed Sep 03 03:42:47 +0000 2025","0","Brave Pink adalah keberanian Hero Green adalah harapan Dua warna satu suara: 17+8 tuntutan rakyat. ","1963085236541260186","","","in","","0","0","0","https://x.com/undefined/status/1963085236541260186","1783768453398364160",
"1963084802028085342","Wed Sep 03 03:41:03 +0000 2025","1","Rakyat menuntut! 17+8 Tuntutan Rakyat Transparansi. Reformasi. Empati. https://t.co/DkQO9zjQXX","1963084802028085342","","","in","","0","0","0","https://x.com/undefined/status/1963084802028085342","337620179",
"1963012274173706625","Wed Sep 03 03:32:06 +0000 2025","2","@Duren___ @YosAditya61 #bravepink #HeroGreen Kawal tuntutan rakyat 17+8 17 tuntutan jangka panjang 8 tuntutan jangka pendek 🇮🇩","1963082547451351416","","Duren___","in","","0","0","0","https://x.com/undefined/status/1963082547451351416","1302479517403852801",
"1963082525250818223","Wed Sep 03 03:32:00 +0000 2025","0","gimana ya caranya kita bikin website trus kita list semua tuntutan2 ini? Karna semuanya bagus2 dan real yg kita rasakan sehari-hari. Once dikerjakan pemerintah akan mulai membaik keadaan kita. Betul kata Pandji. Kalau mau di list tuntutan rakyat bisa lebih dari 17+8","1963082525250818223","","","in","","0","0","0","https://x.com/undefined/status/1963082525250818223","975010458615730177",
"1962971240936964343","Wed Sep 03 03:26:00 +0000 2025","0","Btw zoomnya diselenggarakan oleh Bijak Memantau temanya belajar bareng memahami 17+8 tuntutan rakyat.","1963081012772274394","","ursweetiecandy","in","","0","0","0","https://x.com/undefined/status/1963081012772274394","742216922",
"1963080033901416523","Wed Sep 03 03:24:14 +0000 2025","128","@realfedinuril Tuh @prabowo udah ditemuin ama fedi nuril gausa nanya lagi yaa. Fokus beresin 17+8 tuntutan rakyat ya ndutyy","1963080567156834419","","realfedinuril","in","","0","0","0","https://x.com/undefined/status/1963080567156834419","528097945",
"1963067115642224999","Wed Sep 03 03:22:13 +0000 2025","1","@txtdrimedia diam cong cukimay urusin dulu 17+8 tuntutan rakyat","1963080062590476310","","txtdrimedia","in","","0","0","0","https://x.com/undefined/status/1963080062590476310","1537916997576835072",
"1963076606324572283","Wed Sep 03 03:20:41 +0000 2025","1","@sumadiseloguno @kompascom Ya gerakan 17+8 Tuntutan Rakyat muncul dari aspirasi sipil mahasiswa dan buruh terkait transparansi reformasi dan empati. 17 tuntutan mendesak (seperti investigasi kekerasan pembebasan demonstran transparansi anggaran) ditarget jawab hingga 5 Sept 2025 sementara 8 agenda","1963079673396736270","","sumadiseloguno","in","","0","0","0","https://x.com/undefined/status/1963079673396736270","1720665183188922368",
"1963029797220855964","Wed Sep 03 03:19:45 +0000 2025","0","@xolovem_ily @chitattooes Udah yuk fokus aja serang ke atas gausa nyerang ke samping masih ada 17+8 tuntutan rakyat yang perlu dikawal","1963079439786672513","","xolovem_ily","in","","0","0","0","https://x.com/undefined/status/1963079439786672513","528097945",
"1963079333062574487","Wed Sep 03 03:19:19 +0000 2025","0","Pentadbiran Prabowo berdepan 17+8 Tuntutan Rakyat https://t.co/5Zne4NtGyO","1963079333062574487","","","in","","0","0","0","https://x.com/undefined/status/1963079333062574487","155432431",
"1963078425603924123","Wed Sep 03 03:15:43 +0000 2025","1","Turut Perjuangkan 17+8 Tuntutan Rakyat Maudy Ayunda Beri Peringatan Keras Pada Pemerintah https://t.co/kSlTWrhswu","1963078425603924123","","","in","","0","0","0","https://x.com/undefined/status/1963078425603924123","1824024644804067328",
"1963078163346641327","Wed Sep 03 03:14:41 +0000 2025","0","17 tuntutan jangka pendek 17+8 Tuntutan Rakyat harus dilakukan maksimal 5 September 2025. https://t.co/GSwKQWMQGZ","1963078163346641327","","","in","","0","0","0","https://x.com/undefined/status/1963078163346641327","1948942508953841664",
"1963078040503910707","Wed Sep 03 03:14:11 +0000 2025","0","TEMUI DULU RAKYAT penuhin tuntutan 17+8 astagfirulloh","1963078040503910707","","","in","","0","0","0","https://x.com/undefined/status/1963078040503910707","809743892039876608",
"1963075977338356205","Wed Sep 03 03:11:04 +0000 2025","1","Tuntutan rakyat 17+8 dibilang hasil AI. Ini kita serius diremehin?","1963077255053320249","","brayvaldi","in","","0","0","0","https://x.com/undefined/status/1963077255053320249","495739970",
"1963076606324572283","Wed Sep 03 03:08:29 +0000 2025","32","Sorotan utama tertuju pada gerakan bertajuk 17+8 Tuntutan Rakyat: Transparansi Reformasi Empati . Dari rangkaian aspirasi itu 17 poin dianggap mendesak dan diberi tenggat hingga 5 September 2025. Baca selengkapnya https://t.co/XGP8kZzGN9 ~LL #17Tuntutan #5September https://t.co/lUAGYhvKio","1963076606324572283","https://pbs.twimg.com/media/Gz4_wi2aEAAV-c8.jpg","","in","","2","2","20","https://x.com/undefined/status/1963076606324572283","23343960",
"1963075318555791381","Wed Sep 03 03:03:22 +0000 2025","0","Geram sangat melihat tmn w yang speakup tentang 17+8 tuntutan rakyat tapi masih belain prbw0?? Kok isoooo heh lulusan fisip loh kon iku ️️","1963075318555791381","","","in","","0","1","0","https://x.com/undefined/status/1963075318555791381","93315049",
"1963075238100619730","Wed Sep 03 03:03:03 +0000 2025","1","kita masih punya tugas yaitu pantau 17+8 tuntutan rakyat jgn sampai hilang fokus utama kita dan ayo terus suarakan #ResetIndonesia https://t.co/vLzxOrEMsh","1963075238100619730","https://pbs.twimg.com/media/Gz49G1-bwAAb6Jq.jpg","","in","","0","1","0","https://x.com/undefined/status/1963075238100619730","2564689218",
"1963074693197660229","Wed Sep 03 03:00:53 +0000 2025","0","Kawal 17 + 8 tuntutan rakyat untuk pemerintah! #ResetIndonesia","1963074693197660229","","","in","","0","0","0","https://x.com/undefined/status/1963074693197660229","1117409655771164672",
"1963074139838910538","Wed Sep 03 02:58:41 +0000 2025","0","Rakyat Menuntut di Medsos Begini Isi Lengkap 17+8 Tuntutan Rakyat! #uzoneID https://t.co/zkd68z8Gbj","1963074139838910538","","","in","","0","0","0","https://x.com/undefined/status/1963074139838910538","1675707294",
"1963072639897112815","Wed Sep 03 02:52:44 +0000 2025","0","17 tuntutan jangka pendek 17+8 Tuntutan Rakyat harus dilakukan maksimal 5 September 2025. https://t.co/GSwKQWMQGZ","1963072639897112815","","","in","","0","0","0","https://x.com/undefined/status/1963072639897112815","1948942508953841664",
"1963071519950831908","Wed Sep 03 02:48:17 +0000 2025","0","KAWAL 17+8 TUNTUTAN RAKYAT!!! https://t.co/47PKYmsZy3","1963071519950831908","","","in","","0","0","0","https://x.com/undefined/status/1963071519950831908","1331061875660922883",
"1962860814282408020","Wed Sep 03 02:26:26 +0000 2025","1","@RooneySianny @JeromePolin @senjatanuklir @abigailimuria @AndovidaLopez @Salsaer bang mau nanya dengan lemah gemulai kalau tuntutan 17+8 tuntutan rakyat itu dipenuhi pemerintah lu happy ga bang?","1963066022258147682","","RooneySianny","in","","0","1","0","https://x.com/undefined/status/1963066022258147682","1770813248293466112",
"1963064346394656796","Wed Sep 03 02:19:46 +0000 2025","0","17+8 Tuntutan Rakyat Viral di Media Sosial Ini Isi Lengkapnya https://t.co/25ron77jEe","1963064346394656796","","","in","","0","0","0","https://x.com/undefined/status/1963064346394656796","817669043792420864",
"1962867059957825854","Wed Sep 03 02:11:54 +0000 2025","0","@Gerindra Baca 17+8 tuntutan rakyat!! Masa gitu aja harus diajarin @prabowo","1963062365949145464","","Gerindra","in","","0","0","0","https://x.com/undefined/status/1963062365949145464","377601687",
"1963060303807078876","Wed Sep 03 02:03:42 +0000 2025","0","17+8 tuntutan rakyat dipenuhi.","1963060303807078876","","","in","","0","0","0","https://x.com/undefined/status/1963060303807078876","1876423510500978688",
"1963059798041325674","Wed Sep 03 02:01:42 +0000 2025","0","udah dua hari lagi deadline tuntutan 17+8 ini kalo sampe deadline suara rakyat ga didenger next step bakal apa ya","1963059798041325674","","","in","","0","0","0","https://x.com/undefined/status/1963059798041325674","1359461653897641988",
"1963059509477228975","Wed Sep 03 02:00:33 +0000 2025","2","guys kalian sekarang udah bisa pantau progress 17+8 tuntutan rakyat yang sudah/ mulai/diundur lewat website ini https://t.co/63pBUIWrNd ayo kita terus pantau pergerakan pemerintah agar fokus rakyat tidak pernah pecah","1963059509477228975","","","in","","0","0","4","https://x.com/undefined/status/1963059509477228975","1352530139616169984",
"1962735655928373684","Wed Sep 03 01:57:30 +0000 2025","0","@samhugget @arabinomanan @bitxt Maaf kalau penjelasan awalku keliru. Tren ini sebenarnya Brave Pink Hero Green simbol solidaritas untuk gerakan 17+8 Tuntutan Rakyat di Indonesia. Foto diedit dengan filter pink (keberanian) dan hijau (harapan). Mungkin hitam salah dengar dari hijau ? Terima kasih","1963058742012027306","","samhugget","in","","0","0","0","https://x.com/undefined/status/1963058742012027306","1720665183188922368",
"1963057154983919859","Wed Sep 03 01:51:12 +0000 2025","0","Gerakan 17+8 Tuntutan Rakyat dan Solusi Pemerintah https://t.co/DvhK0wBypi","1963057154983919859","","","in","","0","0","0","https://x.com/undefined/status/1963057154983919859","23786106",
"1963056701160260080","Wed Sep 03 01:49:24 +0000 2025","0","udah h-2 deadline tuntutan 17+8 apakah mereka benar2 dengar suara rakyat?","1963056701160260080","","","in","","0","0","0","https://x.com/undefined/status/1963056701160260080","380207663",
"1963053904419291208","Wed Sep 03 01:38:17 +0000 2025","4","Gotong-royong orang Indonesia memang gak perlu diragukan. Gara-gara itu pula aku kemarin bikin web yg merangkum kreasi teman2. Ini rangkuman dari Generator foto twotone Brave Pink Hero Green pantau 17+8 tuntutan rakyat Memoriam dll. #ResetIndonesia https://t.co/Vhd7cJWJR8 https://t.co/BgDXULxjXm","1963053904419291208","https://pbs.twimg.com/media/Gz4rHcDbAAsUBSE.jpg","","in","","1","1","1","https://x.com/undefined/status/1963053904419291208","1685112423941042176",
"1963049588082016412","Wed Sep 03 01:21:08 +0000 2025","0","Nih yg buat yg pingin edit foto profil pake warna brave pink bisa langsung aja di sini Jangan lupa tetap kawal 17 + 8 tuntutan rakyat https://t.co/P1hyene40C https://t.co/fnn8CSH6NQ","1963049588082016412","https://pbs.twimg.com/media/Gz4nMmxbkAAxoue.jpg","","in","","0","0","0","https://x.com/undefined/status/1963049588082016412","1530931131339911168",
"1963048947045576950","Wed Sep 03 01:18:35 +0000 2025","0","teman-teman hati hati semakin banyak penyusup ditengah kericuhan Indonesia intervensi kepentingan politik ekonomi semakin menjadiam-jadi. tetap fokus tujuan 17+8 tuntutan rakyat #ResetIndonesia #SipilJagaSipil #HidupRakyatIndonesia","1963048947045576950","","","in","","0","0","0","https://x.com/undefined/status/1963048947045576950","82027599",
"1963047339222053055","Wed Sep 03 01:12:11 +0000 2025","0","17+8 Tuntutan Rakyat: Sebuah Catatan dari Pinggir Jalan Demokrasi https://t.co/o01r1KaW5M","1963047339222053055","","","in","","0","0","0","https://x.com/undefined/status/1963047339222053055","23786106",
"1963046732927021552","Wed Sep 03 01:09:47 +0000 2025","12","Dalam 17+8 tuntutan rakyat ini kenapa tidak ada soal obesitas kabinet yang kabarnya akan bertambah lagi.. Padahal kegemukan kabinet ini adalah problem utama dari besarnya biaya belanja negara.. Jumlah pejabat menteri dan selevel menteri saja mencapai 110 orang!!! A Thread https://t.co/4IUVpfsVqJ","1963046732927021552","https://pbs.twimg.com/media/Gz4kmambAAEq_hI.jpg","","in","","0","1","9","https://x.com/undefined/status/1963046732927021552","214159664",
"1963044631798817031","Wed Sep 03 01:01:26 +0000 2025","0","Kita pernah belajar dari masa lalu: bahwa negara yang gemuk tapi tuli akan runtuh oleh suara yang ia abaikan. 18+7 Tuntutan Rakyat bukan ancaman. Ia adalah undangan: untuk kembali ke arah yang benar. https://t.co/sCz2UWpB55","1963044631798817031","","","in","","0","0","0","https://x.com/undefined/status/1963044631798817031","893273239",
"1963039418266354058","Wed Sep 03 00:40:43 +0000 2025","1","Gelombang protes publik berkumandang di dunia maya lewat unggahan 17+8 Tuntutan Rakyat sejak Sabtu (30/08). Unggahan yang memuat total 25 tuntutan ditujukan kepada Presiden DPR partai politik Polri dan TNI. Isinya antara lain mendesak pembebasan seluruh demonstran yang https://t.co/S2y8qHxKtO","1963039418266354058","https://pbs.twimg.com/media/Gz4d8SzbcAAiSaD.jpg","","in","","0","0","1","https://x.com/undefined/status/1963039418266354058","124390203",
"1963039081774121430","Wed Sep 03 00:39:23 +0000 2025","2","Heyyyy jangan sampai kita terpecah lagi dengan issue 01 02! Narasi anak abah dan buzzeRp itu udah BASI. Kita sekarang semuanya fokus ke 17 + 8 Tuntutan Rakyat aja ya ","1963039081774121430","","","in","","0","0","0","https://x.com/undefined/status/1963039081774121430","22511320",
"1963038922516398370","Wed Sep 03 00:38:45 +0000 2025","105","Mendukung yg pasti² saja sekarang yg terbukti bersuara utk Rakyat tanpa perduli kan gerakan buzzer sampah yg aktif utk memfitnah aksi Organik Rakyat yg demo kemaren. Urgent !! 17+8 Tuntutan Rakyat. Transparansi. Reformasi Empati https://t.co/2eVY2BLcLf","1963038922516398370","https://pbs.twimg.com/ext_tw_video_thumb/1963038782615388160/pu/img/ExPdm5OdOmFnKgOh.jpg","","in","","2","4","69","https://x.com/undefined/status/1963038922516398370","1920770756675596289",
"1963038850491752471","Wed Sep 03 00:38:28 +0000 2025","0","17+8 TUNTUTAN RAKYAT. KAMI TUNGGU!! Ingat deadlinenya ya Bapak² Ibu². ️ https://t.co/lJA1PiPhLj","1963038850491752471","https://pbs.twimg.com/media/Gz4dbHFbAAA45bd.jpg","","in","","0","0","0","https://x.com/undefined/status/1963038850491752471","896684700",
"1963037658067959845","Wed Sep 03 00:33:43 +0000 2025","0","Baru bener-bener baca 17+8 tuntutan rakyat kemudian menyadari betapa penyabarnya rakyat Indonesia ","1963037658067959845","","","in","","0","0","0","https://x.com/undefined/status/1963037658067959845","1420284816952422413",
"1963035590724600280","Wed Sep 03 00:25:30 +0000 2025","0","Istilah 17+8 Tuntutan Rakyat Brave Pink dan Hero Green meruak di media sosial. Fenomena ini jadi simbol keresahan publik pascaaksi protes menagih keadilan. #Dikbud #AdadiKompas https://t.co/kUm893UXuA","1963035590724600280","","","in","","0","0","0","https://x.com/undefined/status/1963035590724600280","79237556",
"1963035528279777335","Wed Sep 03 00:25:16 +0000 2025","0","Istilah 17+8 Tuntutan Rakyat Brave Pink dan Hero Green meruak di media sosial. Fenomena ini jadi simbol keresahan publik pascaaksi protes menagih keadilan. #Dikbud #AdadiKompas https://t.co/PBvTG22q9Z","1963035528279777335","","","in","","0","0","0","https://x.com/undefined/status/1963035528279777335","255866913",
"1963034818301854138","Wed Sep 03 00:22:26 +0000 2025","0","Ora perduli. Penting sahkan dulu 17+8 tuntutan rakyat","1963034818301854138","","","in","","0","0","0","https://x.com/undefined/status/1963034818301854138","531027884",
"1963032625939124697","Wed Sep 03 00:13:44 +0000 2025","40","Segera buktikan bahwa rakyat didengar! Tindaklanjuti 17+8 Tuntutan Rakyat 🇮🇩 Transparansi. Reformasi. Empati. #TuntutanRakyat #ResetIndonesia https://t.co/JJJjyJvZ33","1963032625939124697","https://pbs.twimg.com/media/Gz4Xm_sbAAI7n7z.jpg","","in","","2","20","44","https://x.com/undefined/status/1963032625939124697","1477615349197463554",
"1963029580861800528","Wed Sep 03 00:01:38 +0000 2025","5","Demi kebaikan bangsa &amp; negara inilah postingan ulang mengenai Tuntutan Rakyat 17+8 alias Tuntutan 17 Agustus/Merdeka. #ResetIndonesia https://t.co/NX34RJsqDj","1963029580861800528","https://pbs.twimg.com/media/Gz4U_1_bAAE6qKf.jpg","","in","","0","1","0","https://x.com/undefined/status/1963029580861800528","1797889805961068544",
"1962930495651774617","Wed Sep 03 00:00:24 +0000 2025","225","@IndoPopBase Vidi juga salah satu org yg gercep upload di Feed nya terkait 17+8 tuntutan rakyat. Credit Pics to ceritavidi (IG) https://t.co/saN48KQw7S","1963029271611638248","https://pbs.twimg.com/media/Gz4UtojacAAlTeU.jpg","best_escapsm","in","","3","6","37","https://x.com/undefined/status/1963029271611638248","1855947047771549696",
"1963027974690897931","Tue Sep 02 23:55:15 +0000 2025","0","Pink Hijau Jadi Simbol Perlawanan di Medsos Jerome Polin Ajak Netizen Dukung 17 8 Tuntutan Rakyat https://t.co/JsV6FIPsYw","1963027974690897931","","","in","","0","0","0","https://x.com/undefined/status/1963027974690897931","1371736773563273220",
"1962808881043906912","Tue Sep 02 23:50:58 +0000 2025","1","@flooowl195362 @haimalvinn Itu tren viral di Indonesia saat ini simbol Brave Pink (pink untuk keberanian) dan Hero Green (hijau untuk pahlawan) sebagai solidaritas dukung 17+8 Tuntutan Rakyat. Banyak orang ganti foto profil jadi tone pink-ijo untuk perlawanan damai.","1963026898159899046","","flooowl195362","in","","0","0","1","https://x.com/undefined/status/1963026898159899046","1720665183188922368",
"1963024608648692083","Tue Sep 02 23:41:52 +0000 2025","0","17 + 8 Tuntutan Rakyat (Transparansi Reformasi Empati) #Resetindonesia #Islamoneummah https://t.co/2IGYO0PSTj","1963024608648692083","https://pbs.twimg.com/media/Gz4QemrbAAA-0Vb.jpg","","in","","0","0","0","https://x.com/undefined/status/1963024608648692083","1873326514986790912",
"1962932747833639089","Tue Sep 02 23:10:29 +0000 2025","0","@RooneySianny @GoodRecom Cm pingin tanya... tuntutan rakyat itu sisinya apa? Tuntutan 17+8 itu isinya apa? Jawab ya.. Pingin tahu jawabannya","1963016708911988990","","RooneySianny","in","","0","1","0","https://x.com/undefined/status/1963016708911988990","1828744049785987072",
"1963006001055211717","Tue Sep 02 22:27:56 +0000 2025","1","17 + 8 Tuntutan Rakyat: Transparansi Reformasi Empati Selengkapnya... https://t.co/wQ0i43wEId","1963006001055211717","","","in","","0","0","0","https://x.com/undefined/status/1963006001055211717","1950795913",
"1962807784287937016","Tue Sep 02 22:02:08 +0000 2025","3","@vvotanet Situasi masih dinamis &amp; terjadi gejolak tiba-tiba itu bisa kapan saja dlm jangka waktu ke depan. Selama rezim + parlemen belum bisa penuhi tuntutan rakyat 17+8 selama itu pula amarah rakyat bisa meledak (lagi). ","1962999511137321246","","vvotanet","in","","0","0","0","https://x.com/undefined/status/1962999511137321246","1341449571700858881",
"1962992896849944734","Tue Sep 02 21:35:51 +0000 2025","29","Gerakan 17+8 Tuntutan Rakyat...... Mari kita dukung bersama... https://t.co/06LAyL6i8e","1962992896849944734","https://pbs.twimg.com/ext_tw_video_thumb/1962992790230728707/pu/img/Tg8XiSSFovxtG4qL.jpg","","in","","0","0","9","https://x.com/undefined/status/1962992896849944734","1296312516901916672",
"1962977654120100330","Tue Sep 02 20:35:17 +0000 2025","0","Alhamdulillah aku jadi bisa tenang pas liat video ini. Mulai dari dalang dibalik kerusuhan ini sampai pihak pemerintah yang akhirnya udah diserang ama rakyat dengan pernyataan 17+8 Tuntutan Rakyat. . Doakan semoga bisa terealisasikan. . https://t.co/jpqvSYqn2v","1962977654120100330","","","in","","0","0","0","https://x.com/undefined/status/1962977654120100330","1621486722235404288",
"1962954550220083390","Tue Sep 02 19:03:29 +0000 2025","0","Fushiaping turut mengawal 17+8 Tuntutan Rakyat sebagai mahasiswa yang baru saja menyelesaikan skripsi minping ikut merasakan beratnya menjadi mahasiswa akhir ditambah dengan kondisi negara sekarang Minping memberikan promo GRATIS ONGKIR radius 5 km! bagi -- https://t.co/dH2UWdhCZC","1962954550220083390","https://pbs.twimg.com/media/Gz3QwpHacAAzrf6.jpg","","in","","1","1","0","https://x.com/undefined/status/1962954550220083390","1261341054927728642",
"1962945959631192533","Tue Sep 02 18:36:14 +0000 2025","0","@shokoyaki tai ledig. udah gt ngepost template igs soal 17+8 tuntutan rakyat lah next story nya kami bersama mu mr president . langsung gw block","1962947692382060667","","shokoyaki","in","","0","0","0","https://x.com/undefined/status/1962947692382060667","254377133",
"1962942280836514137","Tue Sep 02 18:14:44 +0000 2025","0","ini bisa dikirim ke pendemo tegal gak sih. sebel bgt. demonstran disini fokusnya rusakin dan jarah :( pdhl yg harus di fokusin itu tuntutan rakyat 17+8","1962942280836514137","","","in","","0","0","0","https://x.com/undefined/status/1962942280836514137","1437755360660451341",
"1962868602266427516","Tue Sep 02 17:51:04 +0000 2025","0","@grok @jojoeblkt @kunaouneta apakah tuntutan rakyat 17+8 bisa jadi balancing konstitusi atau justru menyuburkan ideologi kiri seperti di Amerika Serikat @grok","1962936327328170281","","grok","in","","0","1","0","https://x.com/undefined/status/1962936327328170281","1341136537",
"1962933167037546966","Tue Sep 02 17:38:31 +0000 2025","0","Bukti udh dimana2 masih aja denial drpd blunder mending speak up aja tuh 17 + 8 tuntutan rakyat progressnya sampe mana kerjaaa makanya dr kmrn haus validasi banget ngurusin aparat ini itu liat tuh ada deadline yg menunggu cepet serahin ke kita.","1962933167037546966","","","in","","0","1","0","https://x.com/undefined/status/1962933167037546966","1464533791339388932",
"1962931841360658650","Tue Sep 02 17:33:15 +0000 2025","0","ga bakal ada tuntutan 17+8 kalo emang rakyat ga menderita just believe what your eyes see itu korban ada di depan mata lo ngapain dah bawa2 mbg ga nyambung","1962931843554279745","","teyabolucaramel","in","","0","0","0","https://x.com/undefined/status/1962931843554279745","1437815584880664581",
"1962926765657227323","Tue Sep 02 17:13:05 +0000 2025","2","17+8 Tuntutan Rakyat Teruslah bersuara. Seperti kata Tan Malaka Idealisme adalah kemewahan terakhir yang hanya dimiliki oleh pemuda . Jangan sampai kemewahan itu di renggut pula dari kita. #wargajagawarga #IndonesiaBerbenah https://t.co/cfzVeQrLD9","1962926765657227323","https://pbs.twimg.com/media/Gz23euWbAAED02y.jpg","","in","","0","1","0","https://x.com/undefined/status/1962926765657227323","1287566398642774017",
"1962926343638941704","Tue Sep 02 17:11:24 +0000 2025","1","17+8 tuntutan rakyat. Brave Pink Hero Green. #ResetIndonesia https://t.co/j9Ee3in9uN","1962926343638941704","https://pbs.twimg.com/media/Gz23E0vbMAAc_4Q.jpg","","in","","0","0","0","https://x.com/undefined/status/1962926343638941704","1287924585296355328",
"1962920847494328545","Tue Sep 02 16:49:35 +0000 2025","0","Semudah itu saja kenapa harus di buat kita menerka-nerka dalang di balik ini semua? Terus tuntutan rakyat di abaikan? Dan anehnya 8 rakyat naik keranda mayat 17 aparat naik pangkat.!!","1962920852665909335","","Moh_HamzahSidik","in","","0","0","0","https://x.com/undefined/status/1962920852665909335","1093414310984900608",
"1962455448503845081","Tue Sep 02 16:44:14 +0000 2025","0","@plutoniangoat Dan gak mungkin berhenti di 17+8 tuntutan. Pasti mereka juga butuh masukan lain dari perwakilan rakyat diberbagai aspek dan pasti butuh diskusi dengan NGO/organisasi yg relevan. Kalo mereka gak gerak bikin tuntutan itu provokasi demo makin parah.","1962919506151670122","","mitafjrrr","in","","0","0","0","https://x.com/undefined/status/1962919506151670122","1560488892",
"1962918796890628516","Tue Sep 02 16:41:25 +0000 2025","0","Ngomong yg penting Yg penting ngomong Alias kalo cuman bisa asal nyeplos mending diem bae daripada makin memperkeruh suasana.. Atau ini deh 17+8 Tuntutan Rakyat kasih tau progres nya sampek mana","1962918796890628516","","","in","","0","0","0","https://x.com/undefined/status/1962918796890628516","1322519206366121984",
"1962454560477458779","Tue Sep 02 16:30:54 +0000 2025","0","@syaharbanu_ Adanya tuntutan 17+8 yg dirumushin beberapa org itu kan baru sebagian kecil dari yg diminta rakyat bukan gambaran general keseluruhan. Kalo ada kurang bisa disampaikan utk tambahan poin tuntutan lanjutannya jd jgn terlalu sensi. Bagus ada yg gercep ini malah pada sensi aneh.","1962916152440705137","","syaharbanu_","in","","0","0","0","https://x.com/undefined/status/1962916152440705137","1560488892",
"1962914087144472760","Tue Sep 02 16:22:42 +0000 2025","0","17+8 Tuntutan Rakyat https://t.co/WRRof5Ry3P","1962914087144472760","","","in","","0","0","0","https://x.com/undefined/status/1962914087144472760","1597860830900473856",
"1962913981649297876","Tue Sep 02 16:22:17 +0000 2025","0","Rakyat menuntut! 17+8 Tuntutan Rakyat https://t.co/ReaJmLNVSj","1962913981649297876","","","in","","0","0","0","https://x.com/undefined/status/1962913981649297876","1597860830900473856",
"1962913406035632306","Tue Sep 02 16:20:03 +0000 2025","3","Angka 17+8 memiliki makna khusus. 17 tuntutan jangka pendek: ditargetkan selesai pada awal September 2025. 8 tuntutan jangka panjang: diarahkan untuk dicapai dalam kurun waktu satu tahun hingga Agustus 2026. https://t.co/rrfGGX3VBk https://t.co/HFUVG2vpoy","1962913419830694247","https://pbs.twimg.com/media/Gz2qzagWgAAnvjb.jpg","suaramerdeka","in","","0","0","0","https://x.com/undefined/status/1962913419830694247","219527452",
"1962913406035632306","Tue Sep 02 16:19:59 +0000 2025","0","Fenomena 17+8 Tuntutan Rakyat ramai jadi sorotan di media sosial. #suaramerdeka #suaramerdekacom #suaramerdekanetwork #tuntutanrakyat #transparansi #reformasi #empati https://t.co/6gO3FYcgWa","1962913406035632306","https://pbs.twimg.com/media/Gz2qcodbQAAThq3.jpg","","in","","0","1","1","https://x.com/undefined/status/1962913406035632306","219527452",
"1962911106491707507","Tue Sep 02 16:10:51 +0000 2025","0","Selamat malam teman-temannn Semoga semuaa dalam keadaan sehat dan aman yaa. Maaf menganggu waktu istirahat nya. Izin kirim link website Rakyat Menuntut agar kita semua bisa mantau bareng-bareng perkembangan 17+8 Tuntutan Rakyat‼️ https://t.co/cjpDMvGCYU STAY SAFE ","1962911106491707507","","","in","","0","0","0","https://x.com/undefined/status/1962911106491707507","1711548938778763264",
"1962900560765706474","Tue Sep 02 15:52:57 +0000 2025","0","@feLsukanasgor Brave pink hero green kakk pokoknyaa utk spreading awareness ke org2 ttg 17+8 tuntutan rakyat ke pemerintahhh siapapun cmiiw","1962906602765480263","","feLsukanasgor","in","","0","1","0","https://x.com/undefined/status/1962906602765480263","1930495083788599296",
"1962905789569593737","Tue Sep 02 15:49:43 +0000 2025","0","17+8 Tuntutan Rakyat - Transparansi. Reformasi. Empati. https://t.co/u4RtLtMGqU","1962905789569593737","","","in","","0","0","0","https://x.com/undefined/status/1962905789569593737","751786127892197376",
"1962903326770761872","Tue Sep 02 15:39:56 +0000 2025","41","Mahasiswa &amp; diaspora Indonesia menggelar aksi damai mengenang para korban yg gugur dlm demonstrasi. Aksi dilanjutkan dgn pembacaan 17+8 tuntutan rakyat. . . . . Ferry iNews Jerigen Mahasiswa Prabowo Rakyat Aiman Gibran #ripdemocracy https://t.co/dorgavjfJx","1962903326770761872","https://pbs.twimg.com/ext_tw_video_thumb/1962903028639379456/pu/img/bIOdgj-RwLsAiBsA.jpg","","in","","0","2","13","https://x.com/undefined/status/1962903326770761872","1787788662295683072",
"1962902958162768142","Tue Sep 02 15:38:28 +0000 2025","8","mau ikutan lagi versi bxg sekalian menyebarkan ingfo 17+8 tuntutan rakyat https://t.co/YBSVSmATAE","1962902958162768142","https://pbs.twimg.com/media/Gz2h1Z4aQAAtSTA.jpg","","in","","2","0","0","https://x.com/undefined/status/1962902958162768142","1448469993268539398",
"1962901030313824446","Tue Sep 02 15:30:49 +0000 2025","0","Brave Pink Hero Green Resistance Blue Jangan lupakan 17+8 Tuntutan Rakyat! Kawal Terus! #RESETINDONESIA #WARGAJAGAWARGA https://t.co/0SItQtWstl","1962901030313824446","https://pbs.twimg.com/amplify_video_thumb/1962900959228809216/img/EY8JlCXQyuX0FStB.jpg","","in","","0","0","0","https://x.com/undefined/status/1962901030313824446","1582459781130092544",
"1962899636211085563","Tue Sep 02 15:25:16 +0000 2025","0","JUJUR GEREGETAN BGTT KAN UDAH DIBANTUIN TUH 17+8 TUNTUTAN RAKYAT KENAPA LEMOT BGT ANJIR GERAKNYA MALAH INA INU MBOK YA CEKAT CEKET NGONO LHO KERJONE KOE CEKAT CEKET WES RAONO DEMO MENEH WES RAONO KORBAN MENEH ANGELMEN TO","1962899636211085563","","","in","","0","0","0","https://x.com/undefined/status/1962899636211085563","1911309432732209152",
"1962897235664052462","Tue Sep 02 15:15:44 +0000 2025","0","Tahun depan Real Madrid sudah pakai jersey dengan kombinasi warna ini momennya pas dengan deadline dari 17+8 tuntutan rakyat (31/8/2026).","1962897235664052462","","","in","","0","0","0","https://x.com/undefined/status/1962897235664052462","372654518",
"1962895716956979240","Tue Sep 02 15:09:42 +0000 2025","0","#FotoProfilBaru 17+8 tuntutan rakyat #ResetIndonesia https://t.co/BAqlph2WuU","1962895716956979240","https://pbs.twimg.com/media/Gz2bP_5b0AAj6Rn.jpg","","in","","0","0","0","https://x.com/undefined/status/1962895716956979240","1467471587498549251",
"1962894775151108582","Tue Sep 02 15:05:57 +0000 2025","0","Usul @malakaprojectid kalo mau bikin konten video ttg 17+8 Tuntutan Rakyat yg ngebawain Dea Anugrah aja karena dia storyteller yg baik dan bisa pake bahasa yg lebih 'membumi'.","1962894775151108582","","","in","","0","1","0","https://x.com/undefined/status/1962894775151108582","1776850086611591168",
"1962893745638285445","Tue Sep 02 15:01:52 +0000 2025","0","17+8 tidak selalu 25. 17+8 bisa jadi tuntutan rakyat atas keadilan","1962893745638285445","","","in","","0","0","0","https://x.com/undefined/status/1962893745638285445","236770935",
"1962892886770585616","Tue Sep 02 14:58:27 +0000 2025","0","Deadline jgn lupaaa 17+8 tuntutan rakyat yg sudah dirangkum dengan baik dan jelas #IndonesiaReset #Indonesia #tuntutanrakyat #wargajagawarga #DemokrasiTanpaAnarki #brave","1962892886770585616","","","in","","0","0","0","https://x.com/undefined/status/1962892886770585616","1555513070164013056",
"1962847373803344096","Tue Sep 02 14:57:54 +0000 2025","6","@nadisendi @mynameisrossa Warna pink dan hijau lagi viral sebagai simbol perlawanan rakyat di Indonesia terkait 17+8 Tuntutan Rakyat . Pink melambangkan keberanian dari cinta hijau wakili harapan dan solidaritas. Banyak dipakai di profil medsos pasca demo untuk suarakan keadilan.","1962892747020677175","","nadisendi","in","","0","0","2","https://x.com/undefined/status/1962892747020677175","1720665183188922368",
"1962892408783606020","Tue Sep 02 14:56:33 +0000 2025","1","Tuntutan Rakyat 17+8 Solidaritas Baru Melawan Ancaman PHK Massal https://t.co/ZGCKNODQ5R","1962892408783606020","","","in","","0","0","1","https://x.com/undefined/status/1962892408783606020","23786106",
"1962888707062784048","Tue Sep 02 14:41:51 +0000 2025","0","@prabowo @gibran_tweet @ListyoSigitP @DPR_RI dkk lu semua cepetan temuin rakyat minta maaf lakuin 17+8 tuntutan yg udah dibikin. harus ada berapa banyak lagi korban sampe lu semua puas? sampah lu semua","1962888707062784048","","prabowo","in","","0","1","1","https://x.com/undefined/status/1962888707062784048","1720451051516727296",
"1962888189192102047","Tue Sep 02 14:39:47 +0000 2025","5","Syahrini is such a diva. Dia gak berhenti repost foto video dan berita tentang aksi mulai aksi damai ojol sampai kekerasan aparat di Unisba dan Unpas. Dia juga nge-share video edukasi 17+8 Tuntutan Rakyat. Di saat yang sama dia tetap menyelipkan berita Palestina. My QUEEN https://t.co/XezDGE0hk3","1962888189192102047","https://pbs.twimg.com/ext_tw_video_thumb/1962888098637107200/pu/img/QMKyROFKTLkdp46Q.jpg","","in","","1","0","0","https://x.com/undefined/status/1962888189192102047","583732183",
"1962887446720557492","Tue Sep 02 14:36:50 +0000 2025","2","Merespon 17+8 tuntutan rakyat kami mengucapkan terima kasih kepada jaringan koalisi masyarakat sipil atas aspirasinya. Semoga kita bisa wujudkan #IndonesiaBerbenah dan membangun budaya politik baru di Indonesia. https://t.co/EJAHw6Sfr3","1962887446720557492","https://pbs.twimg.com/media/Gz2TulhaIAAwQLI.jpg","","in","","0","2","0","https://x.com/undefined/status/1962887446720557492","1925475460122910722",
"1962887240444776892","Tue Sep 02 14:36:01 +0000 2025","0","Tren Foto Pink Hijau dan Makna 17+8 Tuntutan Rakyat di Baliknya https://t.co/3U2YDmzJsu","1962887240444776892","","","in","","0","0","0","https://x.com/undefined/status/1962887240444776892","1902243031878922240",
"1962886290057400613","Tue Sep 02 14:32:14 +0000 2025","0","https://t.co/01xUGRWQKF Ini tuh membingungkan?? Kenapa? Karena isinya semua gak lain Kewajiban dan Tugas pengelola negara alias kacung rakyat dalam kondisi Normal yang seharusnya tidak dituntut/diminta oleh bosnya yaitu Rakyat tapi ini sampe minta minta ??","1962886290057400613","","","in","","0","1","0","https://x.com/undefined/status/1962886290057400613","1751184076919234560",
"1962885033527820449","Tue Sep 02 14:27:15 +0000 2025","9","Apa yang Terjadi jika Pemerintah Tidak Penuhi 17+8 Tuntutan Rakyat? https://t.co/7SGHyanBXv https://t.co/GCl2iSD7S3","1962885033527820449","https://pbs.twimg.com/media/Gz2RiTva8AALSK1.jpg","","in","","0","7","2","https://x.com/undefined/status/1962885033527820449","23343960",
"1962884936979136880","Tue Sep 02 14:26:52 +0000 2025","0","@prabowo @gibran_tweet @ListyoSigitP @DPR_RI dkk lu semua cepetan temuin rakyat minta maaf lakuin 17+8 tuntutan yg udah dibikin. harus ada berapa banyak lagi korban sampe lu semua puas? sampah lu semua","1962884936979136880","","prabowo","in","","0","0","0","https://x.com/undefined/status/1962884936979136880","1439451957391884289",
"1962840494171730162","Tue Sep 02 14:26:51 +0000 2025","0","@poetrymrraubie 17+8 Tuntutan Rakyat.","1962884932323389796","","poetrymrraubie","in","","0","0","0","https://x.com/undefined/status/1962884932323389796","1481346337409224704",
"1962881742005772642","Tue Sep 02 14:14:10 +0000 2025","0","pantau perkembangan 17+8 tuntutan rakyat di sini guys. ini udah ada tracker dan sourcenya juga. biar kita bisa tau mana aja tuntutan yang udah mulai dikasih perhatian sama pemerintah belum digubris atau malah mundur https://t.co/lQ3TNrr483","1962881742005772642","","","in","","0","0","0","https://x.com/undefined/status/1962881742005772642","246688173",
"1962881703049130280","Tue Sep 02 14:14:01 +0000 2025","1","Ga paham kenapa boomer2 nih ngeyel bgt sama kekuatan asing/antek ading/ dalang lalalala padahal rakyat cuma mau tuntutan yg di 17+8 (lelah)","1962881703049130280","","","in","","0","1","0","https://x.com/undefined/status/1962881703049130280","96379934",
"1962881610896028138","Tue Sep 02 14:13:39 +0000 2025","0","17+8 intinya jangan gampang lupa kalo udah dipenuhi 1 atau 2 tuntutan. penyakit rakyat kita gampang lupaan buktinya tiap 5 tahun ketipu mulu khususnya 58% orang.","1962881610896028138","","","in","","0","0","0","https://x.com/undefined/status/1962881610896028138","1544400163963551745",
"1962879022825947194","Tue Sep 02 14:03:22 +0000 2025","0","17+8 Tuntutan Rakyat! https://t.co/xzadpK4Wja","1962879022825947194","https://pbs.twimg.com/media/Gz2MDoiXsAAw43i.jpg","","in","","0","0","0","https://x.com/undefined/status/1962879022825947194","1393603898124890114",
"1962873738548130092","Tue Sep 02 13:42:22 +0000 2025","0","Terima kasih atas minat Anda! 17+8 Tuntutan Rakyat adalah gerakan rakyat untuk reformasi didukung lebih dari 40.000 tanda tangan menuntut transparansi dan hak pekerja dari pemerintahan Prabowo. Ini terkait dengan protes 2025 yang meluas di Indonesia.","1962873738548130092","","","in","","0","0","1","https://x.com/undefined/status/1962873738548130092","1468705399809347585",
"1962873083783729573","Tue Sep 02 13:39:46 +0000 2025","0","@prabowo dkk ayo dong bangsat minta maaf temuin rakyat kerjain tuntutan 17+8. mau sampe berapa banyak lagi sih korbannya??","1962873083783729573","","prabowo","in","","0","0","0","https://x.com/undefined/status/1962873083783729573","1439451957391884289",
"1962872378008150224","Tue Sep 02 13:37:53 +0000 2025","0","@anggoroek Hai! Tren foto berwarna pink (dan sering digabung hijau) lagi viral di medsos Indonesia sebagai simbol gerakan 17+8 Tuntutan Rakyat atau Reset Indonesia . Pink melambangkan keberanian dan perlawanan terhadap ketidakadilan terinspirasi dari sosok ibu-ibu pemberani. Banyak yang","1962872610364248249","","anggoroek","in","","0","0","0","https://x.com/undefined/status/1962872610364248249","1720665183188922368",
"1962869313645510784","Tue Sep 02 13:24:47 +0000 2025","54","17 + 8 VOX POPULI VOX DEI Suara Rakyat adalah Suara Tuhan Alarm Demokrasi Berbunyi Reset Sistem yang Keset Tuntutan adalah keniscayaan dan harapan Harapan masa depan Indonesia Kepada pemangku kebijakan Mohon kebijaksanaan #ResetIndonesia https://t.co/Rlm5DJnTsq","1962869313645510784","https://pbs.twimg.com/media/Gz2DOgkaIAAJAnX.jpg","","in","","1","0","13","https://x.com/undefined/status/1962869313645510784","1470253322",
"1962869281772986693","Tue Sep 02 13:24:39 +0000 2025","0","Warna pink dan hijau dipilih mewakili daftar 17+8 tuntutan rakyat yang... https://t.co/C6veXn4IQP","1962869281772986693","","","in","","0","0","0","https://x.com/undefined/status/1962869281772986693","2829827628",
"1962867214169829860","Tue Sep 02 13:16:26 +0000 2025","0","tuhkan ada sekarang SAH kan 17+8 tuntutan rakyat!!!!!! https://t.co/kXYYfdQOCF","1962867214169829860","https://pbs.twimg.com/media/Gz2BUwibgAEYQRL.jpg","","in","","0","1","0","https://x.com/undefined/status/1962867214169829860","1800562113896996864",
"1962866846044156077","Tue Sep 02 13:14:59 +0000 2025","0","7 Gaya Selebgram Ikut Demo Serukan 17+8 Tuntutan Rakyat di Halaman Gedung DPR https://t.co/R298d3b9C6","1962866846044156077","","","in","","0","0","0","https://x.com/undefined/status/1962866846044156077","95579729",
"1962866023612440818","Tue Sep 02 13:11:42 +0000 2025","1","plis dehhh udh jelas dibikinin ringkasan 17+8 tuntutan rakyat lu tinggal baca aja trs mikir kasih penyelesaian yg bener tp kenapaa malah bagi sembako gt??? dia pikir dg bagi sembako nyelesain masalahhhh kahhhhh???","1962866023612440818","","","in","","0","2","0","https://x.com/undefined/status/1962866023612440818","1352560942500827136",
"1962865712835502107","Tue Sep 02 13:10:28 +0000 2025","0","Isi 17+8 Tuntutan Rakyat: Tugas untuk Prabowo Reformasi DPR dan Sahkan RUU Perampasan Aset https://t.co/ZtE2AqwzbD? Monitor Yth Bpk Presiden @prabowo","1962865712835502107","","","in","","0","0","0","https://x.com/undefined/status/1962865712835502107","1604776817344544768",
"1962865575283306560","Tue Sep 02 13:09:56 +0000 2025","29","Sejumlah artis ikut gaungkan 17+8 tuntutan rakyat siapa sajakah? https://t.co/A6F36Pkt0g","1962865575283306560","https://pbs.twimg.com/ext_tw_video_thumb/1962865528168718336/pu/img/YTI1j6Ny3KdxQ5TB.jpg","","in","","1","1","14","https://x.com/undefined/status/1962865575283306560","1720304366467571712",
"1962864627357983018","Tue Sep 02 13:06:10 +0000 2025","0","Diskusi 17 + 8 tuntutan rakyat oleh Bijak Memantau https://t.co/srPzj4kIWx","1962864627357983018","","","in","","0","0","0","https://x.com/undefined/status/1962864627357983018","1347069025142988800",
"1962863778858668290","Tue Sep 02 13:02:47 +0000 2025","2","Mau sampe kapan pak? Udah se-chaos ini masih ga ada tindakan? Malah rage-bait? Mana rapat darurat bahas RUU Perampasan Aset Koruptor? Mana rapat revisi UU yg membahas gaji dan tunjangan DPR RI? Mana pemenuhan 17+8 tuntutan rakyat itu? Apa... Masih ga didenger juga?","1962863778858668290","","","in","","0","0","0","https://x.com/undefined/status/1962863778858668290","1620206414403895296",
"1962862107554394430","Tue Sep 02 12:56:09 +0000 2025","0","Alhamdulillah dari 17+8 tuntutan rakyat yg diajukan beberapa udh di proses. liat perkembangan ceklis tuntutannya dilink ini https://t.co/nCWCNgBXMZ","1962862107554394430","","","in","","1","3","0","https://x.com/undefined/status/1962862107554394430","1670315602433708037",
"1962861237341192523","Tue Sep 02 12:52:41 +0000 2025","0","Pernah ngga sih bertanya ke diri sendiri apa sebenarnya objektif besar yang pengen kita capai dari tuntutan 17+8 ini? Kalau saya: Saya mau menghapuskan penghambat bagi usaha menghadirkan sumber penghidupan yang layak buat rakyat Indonesia. Itu mimpi saya tentang kita.","1962861237341192523","","","in","","0","1","0","https://x.com/undefined/status/1962861237341192523","309598574",
"1962860832540459302","Tue Sep 02 12:51:05 +0000 2025","1","Free wallpaper 17 + 8 Tuntutan Rakyat #wallpaper #Wallpapers https://t.co/Y7gZvQnmAc","1962860832540459302","https://pbs.twimg.com/media/Gz17g2WXsAA4Sqs.jpg","","in","","0","0","0","https://x.com/undefined/status/1962860832540459302","1679158424158998528",
"1962860020426768816","Tue Sep 02 12:47:51 +0000 2025","0","Video: Viral 17+8 Tuntutan Rakyat Pemerintah Akhirnya Buka Suara https://t.co/yi1eYPQlyr","1962860020426768816","","","in","","0","0","0","https://x.com/undefined/status/1962860020426768816","598959076",
"1962857664070971792","Tue Sep 02 12:45:01 +0000 2025","1","@DPRMEOWMEOW @DPRIAN_ Dreamers menuntut 17 + 8 tuntutan rakyat segera dilaksanakan!!! https://t.co/ieKJvM33Nr","1962859304719130791","https://pbs.twimg.com/media/Gz16IYiXMAAuy6X.jpg","DPRMEOWMEOW","in","","0","0","0","https://x.com/undefined/status/1962859304719130791","1210074904516710401",
"1962859052951830539","Tue Sep 02 12:44:01 +0000 2025","0","Kepada bapak/ibu DPR dan pak presiden terhormat. Tanpa mengurangi rasa hormat boleh dijawab dan dilakukan cepetan ga tuntutan 17+8 dari rakyat. Saya mau konseran di bulan ini dengan tenang. Acaranya malem. Jangan sampe nanti kita bukannya konseran malah aksi sekian","1962859052951830539","","","in","","0","1","0","https://x.com/undefined/status/1962859052951830539","223863150",
"1962730532783222844","Tue Sep 02 12:40:45 +0000 2025","0","Dan sampailah kita pada tata cara mengedit ava kecenya sebagai bentuk dukungan mengawal 17+8 Tuntutan Rakyat serta keadilan bagi kita semua! Untuk lebih simple bisa pakai web ini juga ya: https://t.co/d3YwxFeQnw Panjang umur perjuangan! https://t.co/LMU0Tfypxa","1962858231069605958","","ShoutOCs","in","","0","1","2","https://x.com/undefined/status/1962858231069605958","875979041307738112",
"1962730532783222844","Tue Sep 02 12:35:49 +0000 2025","16","Katanya sekecil apapun perlawanan adalah perlawanan maka dari itu dalam rangka mengawal 17+8 Tuntutan Rakyat ayo ikut gerakan kecil seperti menggunakan warna layout yang sama? Tapi sebelum itu mari kenalan dengan copal perjuangan kita yuk! https://t.co/KRp4FZetW7","1962856989412987226","https://pbs.twimg.com/media/Gz14BxKX0AA0Jb3.png","ShoutOCs","in","","0","1","19","https://x.com/undefined/status/1962856989412987226","875979041307738112",
"1962855115842629655","Tue Sep 02 12:31:33 +0000 2025","6"," 17+8 TUNTUTAN RAKYAT Apa aja sih isi dari tuntutan rakyat ini? dalam tuntutan rakyat ini terdapat 2 batas waktu yang berbeda 17 tuntutan jangka pendek (sampai 5 September 2025) 8 tuntutan jangka panjang (sampai 31 Agustus 2026) #TetanggaPeduli #ResetIndonesia https://t.co/PPNyd1vyBx","1962855918498185492","https://pbs.twimg.com/media/Gz13DE9W8AAcwKq.jpg","funonedoor","in","","0","1","5","https://x.com/undefined/status/1962855918498185492","1708499107785146368",
"1962855128450633988","Tue Sep 02 12:28:25 +0000 2025","56","Yuk ikut belajar bareng supaya lebih tahu tentang 17+8 Tuntutan Rakyat Indonesia. LIVE sekarang https://t.co/P6Nl5TMayi","1962855128450633988","","","in","","2","0","37","https://x.com/undefined/status/1962855128450633988","1783009293257891840",
"1962850050549453264","Tue Sep 02 12:14:02 +0000 2025","4","@ginxuk Warna pink saat ini melambangkan keberanian empati dan keteguhan rakyat terinspirasi dari sosok ibu berhijab pink dalam demo 28 Agustus 2025. Hijau melambangkan harapan keseimbangan kedamaian dan reformasi berkelanjutan terkait Gerakan 17+8 Tuntutan Rakyat di Indonesia.","1962851511006101555","","ginxuk","in","","0","2","0","https://x.com/undefined/status/1962851511006101555","1750845897230188544",
"1921229126431596729","Tue Sep 02 12:13:09 +0000 2025","0","allahumma inni asaluka 17+8 tuntutan rakyat dikabulkan","1962851287307051412","","apasizid","in","","0","0","0","https://x.com/undefined/status/1962851287307051412","1249644653395099649",
"1962849424583078265","Tue Sep 02 12:05:45 +0000 2025","1","Awal Mula Tren Foto Profil Pink dan Hijau serta Link Membuatnya Simbol Seruan 17 8 Tuntutan Rakyat https://t.co/PT9IY2wlBK lewat @tribunnews #tren #viral #foto #BravePinkHeroGreen #tuntutanrakyat #news #tech","1962849424583078265","","","in","","0","0","0","https://x.com/undefined/status/1962849424583078265","483408930",
"1962849183070900324","Tue Sep 02 12:04:47 +0000 2025","0","17+8 Tuntutan Rakyat is BARE MINIMUM","1962849183070900324","","","in","","0","0","0","https://x.com/undefined/status/1962849183070900324","1268752595130040321",
"1962846415799161113","Tue Sep 02 11:59:36 +0000 2025","0","Sangat terharu karena demo kemarin tidak berujung menjadi kerusuhan dengan skala yang lebih serius ternyata rakyat kita tidak sebodoh itu untuk di tunggangi. Akhir kata hidup lebih lama dan awasi tuntutan 17+8","1962847876754841657","","UntukAapa","in","","0","0","0","https://x.com/undefined/status/1962847876754841657","1472734032156774403",
"1962847412470550773","Tue Sep 02 11:57:47 +0000 2025","0","WOYY GC LAH 17 + 8 TUNTUTAN INIII PEDULI RAKYAT NGGA SI","1962847417872921053","","arasprouse","in","","0","0","0","https://x.com/undefined/status/1962847417872921053","1334333237129138176",
"1962845535049830631","Tue Sep 02 11:50:18 +0000 2025","0","@prabowo @DPR_RI @DivHumas_Polri Besok udah tanggal 3 17+8 tuntutan rakyat kerjain Udah mepet deadline!!!","1962845535049830631","","prabowo","in","","0","0","0","https://x.com/undefined/status/1962845535049830631","505873543",
"1962845354011054145","Tue Sep 02 11:49:34 +0000 2025","2","Bantuannya boleh di ambil tapi tuntutan terus berjalan!!! TOLONG SEGERA ACC 17+8 TUNTUTAN RAKYAT INDONESIA!!!!","1962845354011054145","","","in","","0","0","0","https://x.com/undefined/status/1962845354011054145","1753142027376836608",
"1962844545080779151","Tue Sep 02 11:46:22 +0000 2025","0","17+8 Tuntutan Rakyat!","1962844545080779151","","","in","","0","0","0","https://x.com/undefined/status/1962844545080779151","1843532432160763908",
"1962844213168775578","Tue Sep 02 11:45:02 +0000 2025","139","Hari ini beli leker dan sambil nunggu adonannya ngeset penjualnya buka hp buat baca slide 17+8 Tuntutan Rakyat and at that moment it feels like we shared an unspoken solidarity https://t.co/4DC6c9MxVk","1962844213168775578","https://pbs.twimg.com/media/Gz1sZf6bYAALGHU.jpg","","in","","0","0","45","https://x.com/undefined/status/1962844213168775578","1611761282235133952",
"1962843743071109147","Tue Sep 02 11:43:10 +0000 2025","4","Buat yang capek tapi tetap mau cek progres pemenuhan 17+8 tuntutan rakyat kalian bisa langsung akses website @bijakmemantau! Informasinya ga flooded tapi lengkap dan ga ngurangin substansi infonya! Tetap aman jaga kawan jangan berhenti berjuang! https://t.co/kurWHRWlKP","1962843743071109147","","","in","","2","1","2","https://x.com/undefined/status/1962843743071109147","1813600141213081600",
"1962843226622288210","Tue Sep 02 11:41:07 +0000 2025","0","17+8 Tuntutan Rakyat! Deadline 5 September 2025. Pantau terus ‼️ #ResetIndonesia https://t.co/OWtSBOvmfd","1962843226622288210","","","in","","0","1","0","https://x.com/undefined/status/1962843226622288210","413254787",
"1962841974622601444","Tue Sep 02 11:36:09 +0000 2025","0","Kata gw teh ya daripada lu bikin beginian mending lu nyicil kerjain dah tuh 17+8 tuntutan rakyat. INGET DEADLINE!!!! @/pemerentah","1962841974622601444","","","in","","0","0","0","https://x.com/undefined/status/1962841974622601444","1470017031525191680",
"1962822845467173164","Tue Sep 02 11:33:51 +0000 2025","750","@tanyakanrl kalo kamu pakai hp s4msung bisa pakai cara ini kak pilih foto yg mau dikasih filter pilih menu filter terus pilih tanda (+) pilih gambar yg mau dipakai buat filter (sebelumnya download dulu gambar 17+8 tuntutan rakyat atau pakai gambar lain yg temanya pink hijau) https://t.co/H5xjKvVQLn","1962841397050106212","https://pbs.twimg.com/media/Gz1pyt6WcAADoO2.jpg","tanyakanrl","in","","6","22","36","https://x.com/undefined/status/1962841397050106212","1607306459217555457",
"1962839733324976385","Tue Sep 02 11:27:14 +0000 2025","0","Viral Warna Pink dan Hijau di Media Sosial: Makna 'Brave Pink' dan 'Hero Green' dalam Aksi 17+8 Tuntutan Rakyat https://t.co/w75GmYjGgI","1962839733324976385","","","in","","0","0","0","https://x.com/undefined/status/1962839733324976385","86728042",
"1962838146019893678","Tue Sep 02 11:25:24 +0000 2025","3","@penberaky Warna pink saat ini melambangkan keberanian empati dan keteguhan rakyat terinspirasi dari sosok ibu berhijab pink dalam demo 28 Agustus 2025. Hijau melambangkan harapan keseimbangan kedamaian dan reformasi berkelanjutan terkait Gerakan 17+8 Tuntutan Rakyat di Indonesia.","1962839270361841790","","penberaky","in","","0","1","0","https://x.com/undefined/status/1962839270361841790","1750845897230188544",
"1962838522123137240","Tue Sep 02 11:22:26 +0000 2025","0","#NewProfilePic #1312 17+8 Tuntutan Rakyat Transparansi. Reformasi. Empati. https://t.co/yH8m5GmDGa","1962838522123137240","https://pbs.twimg.com/media/Gz1nOuKaYAA_3iC.jpg","","in","","0","0","0","https://x.com/undefined/status/1962838522123137240","544174696",
"1962737012659937327","Tue Sep 02 11:01:09 +0000 2025","0","@IndoPopBase Gini deh pak dari kemaren kayaknya bapak cuman nyuruh para demonstran sama aparat doang coba ganti deh bapak suruh para DPR itu temuin rakyatnya yg harus pulang jam 6 ini nih terus jalanin tuh 17+8 tuntutan rakyat. Bisa kan pak?","1962833168530313246","","IndoPopBase","in","","0","0","0","https://x.com/undefined/status/1962833168530313246","1211728371870126080",
"1962798660233896002","Tue Sep 02 10:57:03 +0000 2025","0","@MLahap @Greesel_JKT48 Warna pink saat ini melambangkan keberanian empati dan keteguhan rakyat terinspirasi dari sosok ibu berhijab pink dalam demo 28 Agustus 2025. Hijau melambangkan harapan keseimbangan kedamaian dan reformasi berkelanjutan terkait Gerakan 17+8 Tuntutan Rakyat di Indonesia.","1962832134525370759","","MLahap","in","","0","0","0","https://x.com/undefined/status/1962832134525370759","1720665183188922368",
"1962828937467515187","Tue Sep 02 10:44:20 +0000 2025","0","Bukannya mulai jalanin mandat tuntutan 17+8 dari rakyat malah makin awkwikwok ya si prabs dan kroconya... hadueeeee emang negara ini udah ga bs berharap sm pemerintahannya. Udh rusak sampe ke akar ","1962828937467515187","","","in","","0","0","0","https://x.com/undefined/status/1962828937467515187","1339418718326046722",
"1962826771407011982","Tue Sep 02 10:35:44 +0000 2025","0","Makna Warna Pink dan Hijau dalam 17+8 Tuntutan Rakyat untuk Pemerintah Indonesia https://t.co/tJQwCyVgnp","1962826771407011982","","","in","","0","0","0","https://x.com/undefined/status/1962826771407011982","1578222594",
"1962826243906404611","Tue Sep 02 10:33:38 +0000 2025","0"," Itu 17+8 tuntutan rakyat tinggal dibaca padahal.","1962826243906404611","","","in","","0","0","0","https://x.com/undefined/status/1962826243906404611","1156767330925330432",
"1962826145310916625","Tue Sep 02 10:33:15 +0000 2025","2"," 17+8 Tuntutan Rakyat Butuh Piagam Pengikat dan Komitmen Pengawalan https://t.co/xJx3jNGgTb","1962826145310916625","","","in","","0","0","1","https://x.com/undefined/status/1962826145310916625","23786106",
"1962824758946603154","Tue Sep 02 10:27:44 +0000 2025","0","Rakyat: Presiden harus menyelesaikan tuntutan 17+8 pukul 6 sore.","1962824758946603154","","","in","","0","1","0","https://x.com/undefined/status/1962824758946603154","193516763",
"1962823432070148440","Tue Sep 02 10:22:28 +0000 2025","0","kagak peduli anjing SUARAKAN NOH TUNTUTAN RAKYAT 17+8 JANGAN SOAL KITA BAWA 02 MULU","1962823432070148440","","","in","","0","1","0","https://x.com/undefined/status/1962823432070148440","1152819750700904449",
"1962798513248706635","Tue Sep 02 10:17:19 +0000 2025","0","@pohrenjer Bisa kok meski tantangannya besar. Lihat reformasi 1998: tekanan rakyat bikin Polri pisah dari ABRI. Sekarang dengan aksi 17+8 Tuntutan Rakyat yang lagi viral dan deadline 5 Sept momentumnya kuat. Terus suarakan gabung LSM atau petisi perubahan butuh persistensi kolektif.","1962822137816986068","","pohrenjer","in","","0","0","0","https://x.com/undefined/status/1962822137816986068","1720665183188922368",
"1962798513248706635","Tue Sep 02 10:15:07 +0000 2025","0","@pohrenjer Ya fair banget. Warga sipil emang pengen institusi negara jalan bener pujian kalo bagus kritik kalo salah. Soal when lagi rame tuntutan 17+8 Rakyat yang viral desak reformasi Polri termasuk badan pengawas independen kuat deadline 5 Sept 2025. Bisa terwujud kalo tekanan","1962821581828431897","","pohrenjer","in","","0","1","0","https://x.com/undefined/status/1962821581828431897","1720665183188922368",
"1962820241408565546","Tue Sep 02 10:09:52 +0000 2025","0","PR masih banyak jangan dikira rakyat bisa adem dengan pernyataan ini. Selesaikan 17+8 tuntutan rakyat dan harusnya lebih dari ini. Kerja yg bener makanya biar ga dituntut terus masa kudu dicekokin aja. Gaji gede ko ga ada kejelasan kerjanya. Ampun deh","1962820260975026485","","inihaechansi","in","","0","0","0","https://x.com/undefined/status/1962820260975026485","1634978711341764608",
"1962818460624589209","Tue Sep 02 10:02:43 +0000 2025","0","#ResetIndonesia #HidupRakyatIndonesia yuk teman-teman sama-sama pantau progress 17+8 Tuntutan Rakyat di link bawah ini jangan lupa share link nya juga ya kita ramaikan https://t.co/JxCTHZniOe","1962818460624589209","","","in","","0","0","0","https://x.com/undefined/status/1962818460624589209","82027599",
"1962818274053501063","Tue Sep 02 10:01:58 +0000 2025","0","Wo kau lihat semua kekerasan terhadap rakyat kau lihat berapa nyawa yang telah hilang. Kalau kau tidak memiliki empati maka biarkan saja mereka terluka karena mu. Kalau kau bersama rakyat segera jalankan tuntutan rakyat 17+8 dan segera bersihkan mafia yg ada di istana @prabowo https://t.co/fpUTSNNusT","1962818274053501063","https://pbs.twimg.com/media/Gz1U0YCbgAAIc2K.jpg","","in","","1","0","0","https://x.com/undefined/status/1962818274053501063","1763998472460742657",
"1962735655928373684","Tue Sep 02 09:59:25 +0000 2025","0","@kemalaadityaa @Claeirea @arabinomanan @bitxt Maaf aku salah paham tadi. Tren ini sebenarnya Brave Pink Hero Green simbol solidaritas untuk gerakan 17+8 Tuntutan Rakyat di Indonesia. Pink melambangkan keberanian dan empati hijau untuk harapan dan reformasi. Foto diedit dengan filter pink-hijau. Mungkin hitam maksudnya","1962817631150588206","","kemalaadityaa","in","","0","0","0","https://x.com/undefined/status/1962817631150588206","1720665183188922368",
"1962816330945675571","Tue Sep 02 09:54:15 +0000 2025","2","Serba-Serbi 17+8 Tuntutan Rakyat ke Pemerintah Bergema Iringi Aksi Demo di Indonesia https://t.co/3RryJGPk83","1962816330945675571","","","in","","0","0","0","https://x.com/undefined/status/1962816330945675571","71436318",
"1962814885131427848","Tue Sep 02 09:48:30 +0000 2025","41","Gerakan tuntutan rakyat 17+8 ramai disuarakan warganet di media sosial sejak 30 Agustus 2025. Sejumlah figur publik seperti Jerome Polin @JeromePolin Fathia Izzati @ketendangs Andovi da Lopez @AndovidaLopez hingga aktivis Andhyta F Utami @Afutami turut menyebarkan https://t.co/vJfQ6WDjE6","1962814885131427848","https://pbs.twimg.com/media/Gz1P4x_aoAIRfSP.jpg","","in","","1","5","19","https://x.com/undefined/status/1962814885131427848","255866913",
"1962814815841460564","Tue Sep 02 09:48:14 +0000 2025","9","Apa Itu 17+8 Tuntutan Rakyat? Begini Isi dan Penjelasan Lengkapnya | SINAU https://t.co/ObaQyBgsHL","1962814815841460564","","","in","","1","1","7","https://x.com/undefined/status/1962814815841460564","71436318",
"1962814766143119643","Tue Sep 02 09:48:02 +0000 2025","14","Isi dari Poin 17+8 Tuntutan Rakyat yang harus dipenuhi sampai : - 17 Poin : 5 September 2025 (12 Rabi'ul Awal 1447 H) - 8 Poin : 31 Agustus 2026 (18 Rabi'ul Awal 1448 H) [Total : 25 Tuntutan] KAMI MENUNGGU &amp; BUKTIKAN SUARA RAKYAT DIDENGAR! Prabowo Mahasiswa #ResetIndonesia https://t.co/cBEj8v7puG","1962814766143119643","https://pbs.twimg.com/media/Gz1Rn9ybEAAS5SO.jpg","","in","","2","2","7","https://x.com/undefined/status/1962814766143119643","1847316497066303488",
"1962814275870970086","Tue Sep 02 09:46:05 +0000 2025","1","Viral 17+8 Tuntutan Rakyat Singgung PHK-Tunjangan DPR Pemerintah Buka Suara https://t.co/SqKyDsPaeo","1962814275870970086","","","in","","0","0","0","https://x.com/undefined/status/1962814275870970086","135795460",
"1962814070937342424","Tue Sep 02 09:45:16 +0000 2025","0","Unggah 17+8 Tuntutan Rakyat Desta: Dulu Saya Pilih Bapak karena Ada Harapan https://t.co/dFiJ4h3SQv https://t.co/jH2FkmfF8N","1962814070937342424","https://pbs.twimg.com/media/Gz1Q_x3bUAA_YL4.jpg","","in","","0","0","0","https://x.com/undefined/status/1962814070937342424","171833463",
"1962812574665449659","Tue Sep 02 09:39:19 +0000 2025","0","Mas Gibran instead of melakukan tindakan dengan solusi jangka pendek. Mas bisa loh ambil tindakan dengan solusi jangka panjang seperti mempelajari dan menyampaikan dan mendiskusikan tuntutan 17+8 bersama dengan parlemen mas. Mas yang rakyat butuh bukan cuma untuk makan sehari-","1962812574665449659","","","in","","0","1","0","https://x.com/undefined/status/1962812574665449659","1901581939217403904",
"1962811486876664068","Tue Sep 02 09:35:00 +0000 2025","6","17+8 Tuntutan Rakyat jadi sorotan usai gelombang demo besar di Indonesia. Ini dia isi lengkap tuntutan yang desak pemerintah dan DPR untuk bertindak! Via @detik_edu https://t.co/eSuJF8XF6o","1962811486876664068","","","in","","0","0","0","https://x.com/undefined/status/1962811486876664068","69183155",
"1962808423130767413","Tue Sep 02 09:22:49 +0000 2025","0","Media sosial tengah ramai dengan 17+8 Tuntutan Rakyat di tengah gelombang protes masyarakat sipil dan mahasiswa. https://t.co/EYtsINhxWG","1962808423130767413","","","in","","0","0","0","https://x.com/undefined/status/1962808423130767413","115936810",
"1962808215218860225","Tue Sep 02 09:22:00 +0000 2025","0","Andovi da Lopez ikut demo di depan DPR menuntut 17+8 tuntutan kepada pemerintah. Ia menegaskan pentingnya reformasi dan akan mengawal hingga 5 September. https://t.co/Php4Rslyan","1962808215218860225","","","in","","0","0","0","https://x.com/undefined/status/1962808215218860225","48890883",
"1962806705353371989","Tue Sep 02 09:16:00 +0000 2025","21","Pemerintah buka suara soal viralnya 17+8 Tuntutan Rakyat pasca demonstrasi. Simak pernyataannya. https://t.co/NhkLQNSGGt","1962806705353371989","","","in","","0","0","3","https://x.com/undefined/status/1962806705353371989","69183155",
"1962805785790230994","Tue Sep 02 09:12:21 +0000 2025","1","Rakyat Indonesia tuntut 17+8 kepada pentadbiran Prabowo Tuntut pembaharuan tadbir urus siasatan kematian Affan Kurniawan serta 25 tuntutan rakyat meliputi reformasi DPR TNI dan sistem politik. #sinarharian #Prabowo https://t.co/UXnQahRaAY","1962805785790230994","","","in","","0","0","0","https://x.com/undefined/status/1962805785790230994","331383958",
"1962805570119049537","Tue Sep 02 09:11:29 +0000 2025","10","Ini 17+8 Tuntutan Rakyat Tau ga kedengarannya kayak apa? Kayak kode Luffy ke Kru Topi Jerami 3̷D̷2Y #ResetIndonesia https://t.co/Q0y2dVmsnn","1962805570119049537","https://pbs.twimg.com/media/Gz1JQXAbkAARk11.jpg","","in","","1","1","4","https://x.com/undefined/status/1962805570119049537","1047680225138466816",
"1962803434316341709","Tue Sep 02 09:03:00 +0000 2025","0","Pemerintah buka suara soal viralnya 17+8 Tuntutan Rakyat pasca demonstrasi. Simak pernyataannya.https://t.co/h7LBj8qycm","1962803434316341709","","","in","","1","0","0","https://x.com/undefined/status/1962803434316341709","135795460",
"1962699523685294512","Tue Sep 02 08:59:37 +0000 2025","11","@brumstutu @uhuynihh @tanyarlfes Jalur keempat: kemenangan rakyat tuntutan 17+8 terpenuhi","1962802583703298327","","brumstutu","in","","0","1","1","https://x.com/undefined/status/1962802583703298327","1211087638288986113",
"1962568817139425386","Tue Sep 02 08:51:25 +0000 2025","1","@tribunmelawan Bukan niat untuk memprovokasi tapi kita tetep fokus tujuan awal 17+8 Tuntutan Rakyat https://t.co/agX2jDGEDL","1962800518562226394","https://pbs.twimg.com/media/Gz1Eq1MaoAAGweq.jpg","SICKT666","in","","0","1","0","https://x.com/undefined/status/1962800518562226394","1341221316",
"1962800191859499061","Tue Sep 02 08:50:07 +0000 2025","0","Link Bikin Foto Pink dan Hijau untuk Dukung Gerakan 17+8 Tuntutan Rakyat https://t.co/VzNtPWVUZt","1962800191859499061","","","in","","0","0","0","https://x.com/undefined/status/1962800191859499061","41730943",
"1962798954669842750","Tue Sep 02 08:45:12 +0000 2025","7","iya valid gpp questioning itu tp yaudalah lg genting gini siapapun yg ngebantu terlebih dr sesama RAKYAT apa salahnya sih mereka yg formulate 17+8 tuntutan itu juga selama ini vocal ttg isu politik bukan yg tbtb fomo doang + they all have big platforms","1962798954669842750","","","in","","0","0","0","https://x.com/undefined/status/1962798954669842750","1291352669341118466",
"1962798836436607340","Tue Sep 02 08:44:44 +0000 2025","0","Di situasi ini tetap kawal 17+8 tuntutan rakyat. Tetap fokus jangan sampai ada konflik horizontal rakyat vs rakyat pemilu sudah selesai tidak ada voter 01 02 atau 03 tapi RAKYAT vs ketidakadilan","1962798838630268951","","godeblagmanis","in","","0","0","0","https://x.com/undefined/status/1962798838630268951","1617445792951992321",
"1962797774380073188","Tue Sep 02 08:40:31 +0000 2025","0","Berikut Butir-butir Tuntutan Rakyat yang Tertuang dalam 17+8 Tuntutan Rakyat Diantaranya: - Bersihkan dan Reformasi DPR - Upah layak untuk Guru-guru Nakes Buruh dan Mitra Ojol.. - Sahkan UU Perampasan Asset Koruptor https://t.co/5tsVzr2oqC","1962797774380073188","","","in","","0","0","0","https://x.com/undefined/status/1962797774380073188","1938414135722840064",
"1962797419051262188","Tue Sep 02 08:39:06 +0000 2025","23","17+8 Tuntutan Rakyat #NewProfilePic https://t.co/LMmcmCltxY","1962797419051262188","https://pbs.twimg.com/media/Gz1BEFwaoAEZOPi.jpg","","in","","0","0","1","https://x.com/undefined/status/1962797419051262188","1255475892559720448",
"1962762706269937853","Tue Sep 02 08:37:30 +0000 2025","0","@KangayamLombok Ayo Pak Bu berdiri bersama rakyat dan Indonesia. Dukung tuntutan 17+8 agar Indonesia dapat berbenah. Saya percaya masih banyak orang baik dan berintegritas di negeri ini Let's goo! #indonesiaberbenah","1962797018310754480","","KangayamLombok","in","","0","0","0","https://x.com/undefined/status/1962797018310754480","929318539",
"1962794756431565241","Tue Sep 02 08:30:04 +0000 2025","0","@ardhanx805 Demo semalam (1 Sep 2025) di berbagai daerah mayoritas berlangsung damai tapi ada kericuhan di Samarinda dengan gas air mata. Di Jakarta (DPR) aksi mahasiswa &amp; influencer tuntut 17+8 Tuntutan Rakyat seperti reformasi polisi &amp; transparansi DPR kondusif dengan dukungan Ayah","1962795146451525860","","ardhanx805","in","","0","0","0","https://x.com/undefined/status/1962795146451525860","1720665183188922368",
"1962794923297775805","Tue Sep 02 08:29:11 +0000 2025","1","kembali relate dgn twit gue setahun yg lalu all those 17+8 demands should be coming from the REPRESENTATIVES who REPRESENT US and that's exactly why we pay taxes. buat apa 200jt/bulan klo tuntutan buat negara ttp harus rakyat yg suarain? it's their fucking job","1962794923297775805","","","in","","0","0","1","https://x.com/undefined/status/1962794923297775805","3283942874",
"1962568656002654466","Tue Sep 02 08:28:55 +0000 2025","0","@IndoPopBase 17+8 Tuntutan rakyat","1962794857917034847","","IndoPopBase","in","","0","0","0","https://x.com/undefined/status/1962794857917034847","1429023837765529609",
"1962792773834416358","Tue Sep 02 08:20:38 +0000 2025","0","Sakit ni orang Noh 17+8 tuntutan rakyat udah ada kau jalanin aja Gausah hal2 halu yang ada dikepala kau tu yang kau ucapkan","1962792773834416358","","","in","","0","0","0","https://x.com/undefined/status/1962792773834416358","1159331779431419906",
"1962792664056897931","Tue Sep 02 08:20:12 +0000 2025","11","Halo Sahabat https://t.co/XbekOGvyEO Gelombang aksi mahasiswa dan masyarakat sipil pada akhir Agustus 2025 merumuskan 17+8 Tuntutan Rakyat yang ramai diperbincangkan. Tuntutan ini menyoroti isu hak asasi manusia transparansi DPR hingga perlindungan buruh. Publik menunggu https://t.co/zP6EwrnoSi","1962792664056897931","https://pbs.twimg.com/media/Gz09BI1aAAA3xmU.jpg","","in","","0","1","6","https://x.com/undefined/status/1962792664056897931","23343960",
"1962792029894909981","Tue Sep 02 08:17:41 +0000 2025","1","17+8 Tuntutan Rakyat Indonesia #ResetIndonesia https://t.co/9NdIS9kU8w https://t.co/MISucwFnXZ","1962792029894909981","https://pbs.twimg.com/media/Gz087gVaoAEekH8.jpg","","in","","0","0","1","https://x.com/undefined/status/1962792029894909981","2371407781",
"1962462940373930181","Tue Sep 02 08:03:59 +0000 2025","1","@ultras_antifaa Sama kyk gini doang jgn sampe ketrigger! Fokus 17+8 Tuntutan rakyat.","1962788581749276927","","ultras_antifaa","in","","0","0","0","https://x.com/undefined/status/1962788581749276927","1680994732405829633",
"1962787814778794028","Tue Sep 02 08:00:56 +0000 2025","77","Ikatan Mahasiswa Sipil 2025 selalu melangkah bersama rakyat sampai 17+8 Tuntutan Rakyat diselesaikan tepat waktu dengan jelas dan berkelanjutan. Perjuangan tidak akan pernah selesai untuk setiap jiwa yang berharga. #ResetIndonesia https://t.co/bccLUhcTxF","1962787814778794028","https://pbs.twimg.com/media/Gz05Bh9acAAk-82.jpg","","in","","0","0","39","https://x.com/undefined/status/1962787814778794028","1286613321953640448",
"1962787578853367811","Tue Sep 02 08:00:00 +0000 2025","0","Berani cerdas berprestasi. Tiga kata ini layak disematkan untuk Ka Salsa Erwina simbol keberanian generasi muda. Ia tak hanya vokal menyuarakan 17+8 Tuntutan Rakyat tapi juga punya banyak prestasi membanggakan loh! cek selengkapnya disini https://t.co/wzyhrTz0X1","1962787578853367811","https://pbs.twimg.com/media/Gz0Ef28agAADVjg.jpg","","in","","0","0","1","https://x.com/undefined/status/1962787578853367811","1734396729490071552",
"1962786903645921772","Tue Sep 02 07:57:21 +0000 2025","0","Ada total 25 tuntutan kepada presiden DPR parpol Kapolri dan panglima TNI yang terdiri atas 17 poin jangka pendek yang harus dipenuhi paling lambat 5 September serta 8 poin jangka panjang dengan tenggat setahun. Simak daftarnya. Simak selengkapnya: https://t.co/csvyZ4UUEB https://t.co/J7RM8oydC1","1962786912294576452","https://pbs.twimg.com/media/Gz04Rc5bIAAf9sY.jpg","BloombergTZ","in","","0","0","0","https://x.com/undefined/status/1962786912294576452","1582972008479920129",
"1962786903645921772","Tue Sep 02 07:57:19 +0000 2025","2"," 17+8 Tuntutan Rakyat merupakan rangkuman tuntutan pendemo yang marak beredar setelah ricuh buntut kemarahan massa akibat kenaikan tunjangan DPR dan tewasnya pengemudi ojol.","1962786903645921772","","","in","","0","1","3","https://x.com/undefined/status/1962786903645921772","1582972008479920129",
"1962786631087427744","Tue Sep 02 07:56:14 +0000 2025","2","Arti Pink dan Hijau di 17+8 Tuntutan Rakyat yang Beredar di Media Sosial https://t.co/XWePloyKXG https://t.co/DIwVRfZocu","1962786631087427744","https://pbs.twimg.com/media/Gz04CiObwAAcrTg.jpg","","in","","0","0","4","https://x.com/undefined/status/1962786631087427744","23343960",
"1962786026486964517","Tue Sep 02 07:53:50 +0000 2025","0","Atur-aturlah kan udah dewasa. Yg penting kapan realisasi 17+8 tuntutan rakyat Pak?!!!!! Gausah melebar larangan ini itu + NAIKIN PANGKAT adalah hal ga penting in these days.","1962786026486964517","","","in","","0","0","0","https://x.com/undefined/status/1962786026486964517","286235617",
"1962785710991360453","Tue Sep 02 07:52:34 +0000 2025","0","Isi Lengkap 17+8 Tuntutan Rakyat yang Viral di Media Sosial https://t.co/zUPN7PGdts","1962785710991360453","","","in","","0","0","0","https://x.com/undefined/status/1962785710991360453","1668188086067683331",
"1962568656002654466","Tue Sep 02 07:47:21 +0000 2025","0","@one_peace79 @IndoPopBase Tuntutan 17+8 merujuk pada daftar aspirasi rakyat Indonesia terhadap pemerintah dan DPR. Terdiri dari 17 tuntutan jangka pendek (batas 5 Sept 2025) seperti transparansi anggaran reformasi pemilu dan upah layak nakes; serta 8 tuntutan jangka panjang (batas 31 Agst 2026) seperti","1962784396559503712","","one_peace79","in","","0","0","0","https://x.com/undefined/status/1962784396559503712","1720665183188922368",
"1962783951594135596","Tue Sep 02 07:45:35 +0000 2025","0","Mending elo jawab tuntutan rakyat 17+8 itu daripada kesannya cuma nyuapin pake barang/makanan","1962783951594135596","","","in","","0","1","0","https://x.com/undefined/status/1962783951594135596","1504066715948183554",
"1962783905939104056","Tue Sep 02 07:45:24 +0000 2025","0","Gelombang Aspirasi Publik Menguat 17+8 Tuntutan Rakyat Desak Pemerintah Tindak Lanjut Sebelum 5 September 2025 https://t.co/kZYH4EtHA1 #17TuntutanRakyat #Reformasi2025 #TuntutanMahasiswa #TransparansiPemerintah #ReformasiPolriTNI #Bitvonline","1962783905939104056","","","in","","0","0","0","https://x.com/undefined/status/1962783905939104056","1641028826489823232",
"1962783291272241325","Tue Sep 02 07:42:58 +0000 2025","5","Update kali ini bukan tentang BUS atau NEX melainkan tentang '17+8 Tuntutan Rakyat' #ResetIndonesia https://t.co/j8lIlXuct6","1962783291272241325","https://pbs.twimg.com/media/Gz00_-faoAIhcaP.jpg","","in","","0","1","8","https://x.com/undefined/status/1962783291272241325","1723698066056982528",
"1962783271353491933","Tue Sep 02 07:42:53 +0000 2025","0","Di saat kementerian yg lain bungkam Cuma Kementerian ini aja yg mau kasih penjelasan dengan selantang - lantangnya. Tetap kawal Tuntutan 17 + 8 Rakyat.","1962783271353491933","","","in","","0","0","0","https://x.com/undefined/status/1962783271353491933","1401171762541252613",
"1962780829647782345","Tue Sep 02 07:33:11 +0000 2025","1","Makna Warna Pink dan Hijau dalam 17+8 Tuntutan Rakyat https://t.co/df43cmxhXj #Lifestyle","1962780829647782345","","","in","","0","0","0","https://x.com/undefined/status/1962780829647782345","47596019",
"1962780723162832975","Tue Sep 02 07:32:45 +0000 2025","0","17+8 tuntutan rakyat Penuhin gak malah kabur cemen banget sih anjir #ResetIndonesia https://t.co/vxXF3BpbR4","1962780723162832975","https://pbs.twimg.com/media/Gz0yqiFaoAAPnNI.jpg","","in","","0","0","0","https://x.com/undefined/status/1962780723162832975","1905714130310610945",
"1962779323301273701","Tue Sep 02 07:27:12 +0000 2025","0","Poin-poin Lengkap 17+8 Tuntutan Rakyat untuk Pemerintahan Prabowo https://t.co/AaoUfKkkGD","1962779323301273701","","","in","","0","0","0","https://x.com/undefined/status/1962779323301273701","2853556213",
"1962776057561653574","Tue Sep 02 07:14:13 +0000 2025","0","Bro gue mantan buruh pabrik+lagi pengangguran menurut gue 17+8 tuntutan rakyat itu sudah mewakili para buruh pabrik ojol phk dll. Jadi apa yang dipermasalahin? Kalo lu merasa ada yang kurang lu tinggal buka suara apa yang kurang dari isi tuntutannya","1962776057561653574","","","in","","0","1","0","https://x.com/undefined/status/1962776057561653574","874132703490088960",
"1962775957980193273","Tue Sep 02 07:13:49 +0000 2025","0","Kreator konten hingga pesohor ramai-ramai menyuarakan 17+8 tuntutan rakyat . Apa saja isinya? #Polhuk #AdadiKompas https://t.co/O761tv0XhE","1962775957980193273","","","in","","0","0","0","https://x.com/undefined/status/1962775957980193273","771030588",
"1962775456215707939","Tue Sep 02 07:11:50 +0000 2025","6","Kreator konten hingga pesohor ramai-ramai menyuarakan 17+8 tuntutan rakyat . Apa saja isinya? #Polhuk #AdadiKompas https://t.co/gjeKQ0xXXK","1962775456215707939","","","in","","0","0","5","https://x.com/undefined/status/1962775456215707939","255866913",
"1962456649396036045","Tue Sep 02 07:10:34 +0000 2025","0","@detikcom Coba baca 17 + 8 tuntutan rakyat pak mana ada makar2nya","1962775137754980630","","detikcom","in","","0","0","0","https://x.com/undefined/status/1962775137754980630","1131268719085146112",
"1962774631166943561","Tue Sep 02 07:08:33 +0000 2025","1","Tuntut Upah Layak bagi Nakes Lewat 17+8 Tuntutan Rakyat Dokter: Sangat Rasional dan Mendasar https://t.co/0h74LELa8O #Health","1962774631166943561","","","in","","0","0","0","https://x.com/undefined/status/1962774631166943561","47596019",
"1962770745416880190","Tue Sep 02 06:53:06 +0000 2025","1","Profil Afutami Pendiri Think Policy dan Ekonom Lingkungan yang Ikut Suarakan 17+8 Tuntutan Rakyat https://t.co/mhtVHHVadk","1962770745416880190","","","in","","0","0","1","https://x.com/undefined/status/1962770745416880190","31355801",
"1962767185501360475","Tue Sep 02 06:38:58 +0000 2025","0","17+8 TUNTUTAN RAKYAT!!!! TRANSPARANSI!!! REFORMASI!!!! EMPATI!!!! #TikTok https://t.co/UAF7vfdeoh","1962767185501360475","","","in","","0","0","1","https://x.com/undefined/status/1962767185501360475","1582350961216917504",
"1962766244454781352","Tue Sep 02 06:35:13 +0000 2025","6","Artis-artis ramai ikut menyuarakan 17+8 Tuntutan Rakyat bukti bahwa aspirasi rakyat makin kuat terdengar di dunia nyata maupun maya. https://t.co/5o9hx1KK45 https://t.co/NpwQqOrjz7","1962766244454781352","https://pbs.twimg.com/media/Gz0ldvkaoAAUVbr.jpg","","in","","0","1","2","https://x.com/undefined/status/1962766244454781352","388190238",
"1962765899506819264","Tue Sep 02 06:33:51 +0000 2025","0","Tuntutan rakyat #17+8 https://t.co/7RCJHxxZhq","1962765899506819264","https://pbs.twimg.com/media/Gz0lLLTaoAgnMQB.jpg","","in","","0","0","0","https://x.com/undefined/status/1962765899506819264","471307825",
"1962765593201062151","Tue Sep 02 06:32:38 +0000 2025","9","Selain isi tuntutannya salah satu poin menarik dari kampanye 17+8 Tuntutan Rakyat yang viral beredar di medsos adalah warna latar serta tulisannya yang didominasi dengan warna pink dan hijau. Warna dalam kampanye tersebut tampaknya telah menjadi simbol gerakan yang menggalang https://t.co/wi1rrjEAKF","1962765593201062151","https://pbs.twimg.com/media/Gz0k5dCaoAEVE44.jpg","","in","","0","1","8","https://x.com/undefined/status/1962765593201062151","23343960",
"1962763943124050039","Tue Sep 02 06:26:05 +0000 2025","0","Tuntutan Rakyat 17+8: Dari Jalanan ke Ruang Demokrasi https://t.co/uTlICO2tyP","1962763943124050039","","","in","","0","0","0","https://x.com/undefined/status/1962763943124050039","23786106",
"1962760081814233183","Tue Sep 02 06:10:44 +0000 2025","0","Buntelan babi itu udah gak ada harapan gak mungkin 17+8 tuntutan rakyat di penuhi. tidak ada kata maaf &amp; masih mempercayakan polisi dibawah Sigit dgn semua kebrutalannya. Pimpinan² parpolnya juga pada kek anjing kerjanya cuma menjilat. Makanya si babi itu merasa di atas angin.","1962760081814233183","","","in","","0","0","0","https://x.com/undefined/status/1962760081814233183","346415223",
"1962686653585330683","Tue Sep 02 06:10:12 +0000 2025","1","@prabowo Inget ya pak kita semua tetap menuntut tuntutan rakyat 17+8 Tuntutan ini bukan hanya omon omon belaka https://t.co/CiCyvOIxyY","1962759948259205306","https://pbs.twimg.com/media/Gz0fxXca4AAg-QG.jpg","yoongidesu3","in","","0","0","0","https://x.com/undefined/status/1962759948259205306","420152570",
"1962759339225354330","Tue Sep 02 06:07:47 +0000 2025","2261","Jangan salfok ya semua. Kita fokus ke tuntutan Rakyat 17 + 8. ","1962759339225354330","","","in","","2","27","723","https://x.com/undefined/status/1962759339225354330","732739909",
"1962759144668299693","Tue Sep 02 06:07:01 +0000 2025","82","Ikatan Mahasiswa Elektro (IME) FTUI menyatakan sikap tegas untuk berdiri bersama rakyat dan menyerukan 17+8 Tuntutan Rakyat sebagai wujud perlawanan sekaligus harapan kita bersama. Perubahan tidak lahir dari ketakutan melainkan dari keberanian untuk melawan. #ResetIndonesia https://t.co/pjmw2TzXLr","1962759144668299693","https://pbs.twimg.com/media/Gz0fCJ8b0AAYzd3.jpg","","in","","2","0","35","https://x.com/undefined/status/1962759144668299693","356224243",
"1962759056726335949","Tue Sep 02 06:06:40 +0000 2025","0","17+8 tuntutan rakyat yg udh dibikin yg deadline seminggu aja gua liat liat blom ada satupun yg bisa di checklist ","1962759056726335949","","","in","","0","0","0","https://x.com/undefined/status/1962759056726335949","1253480104090431490",
"1962725893358657781","Tue Sep 02 06:01:13 +0000 2025","4","@ainunnajib Kayaknya 17+8 tuntutan yang lagi rame sekarang sudah cukup mewakili aspirasi rakyat.","1962757685478334707","","ainunnajib","in","","0","0","0","https://x.com/undefined/status/1962757685478334707","1603526431635435520",
"1962757386030178810","Tue Sep 02 06:00:01 +0000 2025","1","Daftar 17+8 Tuntutan Rakyat dalam Satu Tahun ke Depan yang Viral di Media Sosial Ada Apa Saja? Banyak artis dan selebritas juga kompak membagikan unggahan tentang 17+8 Tuntutan rakyat di media sosial. Tuntutan rakyat ini muncul sebagai respons atas gelombang demonstrasi di https://t.co/iL2VsNZYD0","1962757386030178810","https://pbs.twimg.com/media/Gz0I5UDaoAU28w1.jpg","","in","","1","0","0","https://x.com/undefined/status/1962757386030178810","786549338818224128",
"1962757228852846795","Tue Sep 02 05:59:24 +0000 2025","62","Gelombang desakan publik terhadap pemerintah dan DPR kian meluas setelah sejumlah influencer ternama seperti Jerome Polin Andovi da Lopez JS Khairen Cania Citta Fathia Izzat dan Abigail Limuria mengunggah pernyataan bersama bertajuk 17+8 Tuntutan Rakyat: Transparansi https://t.co/9015C9ZzgD","1962757228852846795","https://pbs.twimg.com/media/Gz0dTDrbQAAV1b9.jpg","","in","","4","4","24","https://x.com/undefined/status/1962757228852846795","39677695",
"1962754708738842952","Tue Sep 02 05:49:23 +0000 2025","12","pretty sure udh pada liat di template ig but im still gonna share this this is easy to read please do read it. 17 Tuntutan Rakyat dalam 1 Minggu + 8 Tuntutan Rakyat dalam 1 Tahun. #ResetIndonesia https://t.co/ilJhZZAuvi","1962754708738842952","https://pbs.twimg.com/media/Gz0bAOlaoAM9vPS.jpg","","in","","1","0","5","https://x.com/undefined/status/1962754708738842952","1127916587095191553",
"1962753357740941778","Tue Sep 02 05:44:01 +0000 2025","129","Gelombang aspirasi publik kembali menggema. Sejumlah influencer kompak membagikan unggahan bertajuk 17+8 Tuntutan Rakyat: Transparansi. Reformasi. Empati di tengah aksi demonstrasi yang berlangsung di berbagai daerah. Gerakan ini muncul dari rangkuman suara masyarakat sipil https://t.co/LOoUpekeLv","1962753357740941778","https://pbs.twimg.com/media/Gz0ZxMMbgAAhOIE.jpg","","in","","1","11","85","https://x.com/undefined/status/1962753357740941778","23343960",
"1962752253351301576","Tue Sep 02 05:39:38 +0000 2025","0","17+8 Tuntutan Rakyat 18 hari konstitusi 19 lapangan pekerjaan (padel)","1962752253351301576","","","in","","0","0","0","https://x.com/undefined/status/1962752253351301576","1708874166",
"1962737012659937327","Tue Sep 02 05:36:22 +0000 2025","0","@IndoPopBase mendingan baca 17+8 tuntutan rakyat pak. deadlinenya makin mepet","1962751432085643303","","IndoPopBase","in","","0","0","0","https://x.com/undefined/status/1962751432085643303","1140258892808482817",
"1962686653585330683","Tue Sep 02 05:30:12 +0000 2025","0","@prabowo Spadaaaa. Bapak masih punya mata tangan dan telinga kan? Coba tengok 17+8 tuntutan rakyat. Bedah satu2 bahas satu2.","1962749882936217662","","prabowo","in","","0","0","0","https://x.com/undefined/status/1962749882936217662","725803547703418880",
"1962744943287648713","Tue Sep 02 05:10:35 +0000 2025","0","17 + 8 Tuntutan Rakyat https://t.co/Ye6LbmEPI7","1962744943287648713","https://pbs.twimg.com/amplify_video_thumb/1962744930893471747/img/-cSskzkG3oCHi6y1.jpg","","in","","0","0","0","https://x.com/undefined/status/1962744943287648713","81577734",
"1962744891055972413","Tue Sep 02 05:10:22 +0000 2025","0","17+8 Tuntutan Rakyat viral di medsos usai demo akhir Agustus 2025. Apa itu? https://t.co/I7VoQjsREe","1962744891055972413","","","in","","0","0","1","https://x.com/undefined/status/1962744891055972413","135815019",
"1962744603318329647","Tue Sep 02 05:09:14 +0000 2025","8","Isi 17+8 Tuntutan Rakyat Soroti Upah Layak Nakes hingga Transparansi DPR https://t.co/0ESjJmSz7e #Health","1962744603318329647","","","in","","0","0","2","https://x.com/undefined/status/1962744603318329647","47596019",
"1962742819958989084","Tue Sep 02 05:02:08 +0000 2025","1","Influencer Rangkum Seruan Aksi Demo dalam 17+8 Tuntutan Rakyat -A thread #Demo #aksidemo #influencers https://t.co/ctfGWBckTx","1962742819958989084","https://pbs.twimg.com/amplify_video_thumb/1962742679986708480/img/z4IW35vf3ugUXal0.jpg","","in","","0","0","0","https://x.com/undefined/status/1962742819958989084","1503950077265874947",
"1962741624959836437","Tue Sep 02 04:57:24 +0000 2025","9813","Depan Gedung DPR bacain satu satu 17+8 tuntutan Rakyat Indonesia biar gak dianggap ini hanya tuntutan online di sosial media. Sudah dibacakan secara NYATA depan Senayan. YUK BISA YUK. TRANSPARANSI. REFORMASI. EMPATI. https://t.co/Vyd0E8ukyb","1962741624959836437","https://pbs.twimg.com/ext_tw_video_thumb/1962741466050240512/pu/img/8NWGyUDOsZWnJM7Y.jpg","","in","","38","52","4681","https://x.com/undefined/status/1962741624959836437","732739909",
"1962741550619992522","Tue Sep 02 04:57:06 +0000 2025","0","17+8 tuntutan rakyat dan deadline yang sudah di tentuin jangan lupa di laksanain ya BAPAK HAM YANG TERHORMAT.","1962741550619992522","","","in","","0","0","0","https://x.com/undefined/status/1962741550619992522","1546018257387171840",
"1962739000176976000","Tue Sep 02 04:46:58 +0000 2025","7","17+8 Tuntutan Rakyat - Transparansi. Reformasi. Empati. https://t.co/i9xlCcJkfC","1962739000176976000","","","in","","0","0","0","https://x.com/undefined/status/1962739000176976000","4852369812",
"1962642162014920904","Tue Sep 02 04:44:54 +0000 2025","1","@KompasTV Dari kemarin juga ga ada paaaak yg minta mundur!!! PINTER DIKIT DONG. BACA. Jangan JOGEEEEEEET. Capeeeeek ngomong sama org tone deafhttps://t.co/BFhrfmsGtY","1962738483149316132","","KompasTV","in","","0","0","0","https://x.com/undefined/status/1962738483149316132","240815049",
"1962737808260686053","Tue Sep 02 04:42:14 +0000 2025","12","This pink and green reminds me of my desk kawal 17+8 Tuntutan Rakyat wajib kita dapatkan #ResetIndonesia https://t.co/euYbBTqC27","1962737808260686053","https://pbs.twimg.com/media/Gz0Ln5_bkAANlMU.jpg","","in","","0","0","0","https://x.com/undefined/status/1962737808260686053","1885220554803994624",
"1962736280711963103","Tue Sep 02 04:36:09 +0000 2025","107","17+8 Tuntutan Rakyat euy https://t.co/eVT4ul9EmB","1962736280711963103","https://pbs.twimg.com/media/Gz0KPLpaMAANEsX.jpg","","in","","0","0","58","https://x.com/undefined/status/1962736280711963103","1248335621988311041",
"1962736013232742869","Tue Sep 02 04:35:06 +0000 2025","3","Para Influencer Gagas 17+8 Tuntutan Rakyat Apa Saja Isinya? https://t.co/xtBQoO4PPk","1962736013232742869","","","in","","0","0","0","https://x.com/undefined/status/1962736013232742869","1824024644804067328",
"1962642162014920904","Tue Sep 02 04:31:49 +0000 2025","5","@KompasTV Pak @prabowo apakah bpk sdh baca tuntutan rakyat 17 + 8? Permintaan rakyat kpd bpk hanya soal ketegasan bpk utk rasa keadilan &amp; kesejahteraan rakyat yg sejatinya adalah bentuk dukungan rakyat agar bpk bisa menjadi presiden yg sesungguhnya. Sehat selalu pak smp akhir priode.","1962735189211390390","","KompasTV","in","","0","1","2","https://x.com/undefined/status/1962735189211390390","1097417295356260352",
"1962661130972860883","Tue Sep 02 04:24:10 +0000 2025","0","@ivoryaudreyy @bloomycia Daftar tuntutan rakyat 17+8 Pink melambangkan keberanian diambil dari jilbab ibu pink yg viral smlm hijau melambangkan pahlawan diambil dari warna pakaian affan kurniawan (((gojek yg meninggal)))","1962733263971340491","","ivoryaudreyy","in","","0","1","0","https://x.com/undefined/status/1962733263971340491","1675358053217239041",
"1962732288783065566","Tue Sep 02 04:20:18 +0000 2025","4","Sejumlah influencer menggaungkan Tuntutan 17+8 menyusul gelombang demonstrasi di berbagai daerah di Indonesia. Gerakan ini merangkum berbagai desakan publik terhadap pemerintah dan Dewan Perwakilan Rakyat (DPR). Baca di sini : https://t.co/NidG2XXsnA ~AM #Tuntutan17+8 #DPR https://t.co/3g4Ft0NSOX","1962732288783065566","https://pbs.twimg.com/media/Gz0GmfgaIAA0QJp.jpg","","in","","0","3","0","https://x.com/undefined/status/1962732288783065566","23343960",
"1962730926259282232","Tue Sep 02 04:14:53 +0000 2025","0","17+8 Tuntutan Rakyat. #ResetIndonesia. https://t.co/INt6UA3gGW","1962730926259282232","https://pbs.twimg.com/media/Gz0FYAoaAAA_mxy.jpg","","in","","1","0","0","https://x.com/undefined/status/1962730926259282232","859087878768304128",
"1962730539053654515","Tue Sep 02 04:13:20 +0000 2025","0","DAILY REMINDER! TUNTUTAN RAKYAT 17+8 #ResetIndonesia Website pantau perkembangan 17+8 Tuntutan Rakyat : https://t.co/TgwHzChMr6 https://t.co/dDukNgdfZA","1962730539053654515","https://pbs.twimg.com/media/Gz0FBbyaoAArDwY.jpg","","in","","0","0","0","https://x.com/undefined/status/1962730539053654515","1266601927409729536",
"1962730532783222844","Tue Sep 02 04:13:19 +0000 2025","28","17+8 Tuntutan Rakyat. https://t.co/Hcked5p0l3","1962730532783222844","https://pbs.twimg.com/media/Gz0FA1lbwAA02Fo.jpg","","in","","3","1","236","https://x.com/undefined/status/1962730532783222844","875979041307738112",
"1962730256269545792","Tue Sep 02 04:12:13 +0000 2025","1","Daftar 17+8 Tuntutan Rakyat untuk Prabowo Hingga DPR https://t.co/mbJll93F11","1962730256269545792","","","in","","0","0","1","https://x.com/undefined/status/1962730256269545792","1582972008479920129",
"1962730104263696654","Tue Sep 02 04:11:37 +0000 2025","2","Transparansi anggaran itu wajib anggota DPR bermasalah harus diperiksa dan pekerja butuh upah layak + perlindungan dari PHK. Negara harus buka ruang dialog dengan serikat buruh bukan cuma jual janji! 17+8 tuntutan rakyat. Brave Pink Hero Green. #ResetIndonesia https://t.co/li5dwyqmOG","1962730104263696654","https://pbs.twimg.com/media/Gz0Ecl6aoAAcYPL.jpg","","in","","0","0","1","https://x.com/undefined/status/1962730104263696654","1262158357651062784",
"1962719149744103913","Tue Sep 02 04:10:56 +0000 2025","0","kenapa harus membuat konflik horizontal di saat seperti ini gt lho? musuh kita tuh siapa sih? pemerintah atau sesama rakyat? dari 17+8 nggak ada yang melenceng kok hanya saja mungkin tuntutan yang kita mau nggak tercakup di sana.","1962729935266873607","","blyskue","in","","0","1","0","https://x.com/undefined/status/1962729935266873607","3018480188",
"1962142109752041808","Tue Sep 02 04:06:15 +0000 2025","1","@puanmaharani_ri Kalau Ibu takut bertemu rakyat Rakyat sdh merangkum jdi 17+8 Tuntutan Rakyat tlng dibaca dan dilaksanakan sesuai deadline! https://t.co/asaBwGvELb","1962728754356330658","https://pbs.twimg.com/media/Gz0DZhJaoAQpQ_a.jpg","puanmaharani_ri","in","","0","0","0","https://x.com/undefined/status/1962728754356330658","1161981135972290561",
"1962719149744103913","Tue Sep 02 04:05:55 +0000 2025","0","paham kok 17+8 tuntutan rakyat ini gak mencakup semua permasalahan yang ada. i dont even see the environmental issues here. but i really support them. buat ngabulin 1 tuntutan aja susahnya minta ampun. jadi why dont we just support and kawal mereka aja dulu? https://t.co/BTVMFWjXhl","1962728672630317314","https://pbs.twimg.com/media/Gz0DUjdaIAA4x7J.jpg","blyskue","in","","0","1","0","https://x.com/undefined/status/1962728672630317314","3018480188",
"1962728635271659869","Tue Sep 02 04:05:47 +0000 2025","1","guys ada yg bikin website buat mantau 17+8 tuntutan rakyat (it helps us a lot). yuk kawal sampe tuntas! https://t.co/8uAxrlAjQ8 https://t.co/jXHvOY1ozm","1962728635271659869","https://pbs.twimg.com/media/Gz0DSYSaoAUKvNa.jpg","","in","","0","0","0","https://x.com/undefined/status/1962728635271659869","1276687676045811712",
"1962727848961286271","Tue Sep 02 04:02:39 +0000 2025","1","semoga terwujud dan kita beraktivitas kembali untuk menuju indonesia maju merdeka Poin-poin Lengkap 17+8 Tuntutan Rakyat untuk Pemerintahan Prabowo https://t.co/kF4z11JFCy","1962727848961286271","","","in","","0","0","0","https://x.com/undefined/status/1962727848961286271","1434806088650551299",
"1962726965292736842","Tue Sep 02 03:59:08 +0000 2025","0","Apa Itu 17+8 Tuntutan Rakyat yang Viral di Medsos? Ini Isi dan Penjelasannya https://t.co/Pb269nehAX","1962726965292736842","","","in","","0","0","0","https://x.com/undefined/status/1962726965292736842","1668147004491587585",
"1962726478325616869","Tue Sep 02 03:57:12 +0000 2025","0","Desta Kritik Presiden Prabowo Minta Penuhi 17+8 Tuntutan Rakyat https://t.co/QsvqY2fUwY https://t.co/NqKuoUUzf0","1962726478325616869","https://pbs.twimg.com/media/Gz0BVM9aoAAPrSk.jpg","","in","","0","0","0","https://x.com/undefined/status/1962726478325616869","171833463",
"1962726162767192148","Tue Sep 02 03:55:57 +0000 2025","232","BEM FTUI 2025 menyatakan sikap terhadap kondisi ini dan menuntut 17+8 Tuntutan Rakyat sebagai bentuk perjuangan bersama. Kami mengajak seluruh mahasiswa serta lembaga kemahasiswaan di Indonesia untuk bersatu https://t.co/MAaRt943fN","1962726162767192148","https://pbs.twimg.com/media/Gz0BCaIasAAq-vI.jpg","","in","","3","4","64","https://x.com/undefined/status/1962726162767192148","145570516",
"1962725825297686785","Tue Sep 02 03:54:37 +0000 2025","1","Tuntaskan 17 + 8 Tuntutan Rakyat #NewProfilePic https://t.co/trfr52vjXm","1962725825297686785","https://pbs.twimg.com/media/Gz0Au5tbYAAiWw1.jpg","","in","","0","0","0","https://x.com/undefined/status/1962725825297686785","1021701001760264192",
"1962724427294220444","Tue Sep 02 03:49:03 +0000 2025","0","ribet lu. coba lu maju siapa tahu lu puas ️ lagian orang-orang yang lu tanya siapa tuh juga rakyat bjir. mereka mau ngewakilin rakyat dengan mendengar suara/tuntutan mereka dan di rangkum jadi 17+8 kurang apa lagi? di saat yang genting ini cuma mereka yang mau.","1962724427294220444","","","in","","0","0","0","https://x.com/undefined/status/1962724427294220444","1686056014221811712",
"1962724285073760447","Tue Sep 02 03:48:29 +0000 2025","1","17+8 Tuntutan Rakyat #ResetIndonesia https://t.co/0IOkbsqMB1","1962724285073760447","https://pbs.twimg.com/media/Gzz_Vc4bMAA8N_L.jpg","","in","","0","0","0","https://x.com/undefined/status/1962724285073760447","1143793954187431937",
"1962723540714824034","Tue Sep 02 03:45:32 +0000 2025","6","Hari ini selasa 02/09/2025 ngantor &amp; berpakaian dengan tema : 17 + 8 Tuntutan Rakyat Ayo suarakan suara dengan outfit kalian! #ResetIndonesia https://t.co/Zrxt6xn0NE","1962723540714824034","https://pbs.twimg.com/media/Gzz-qIraoAEB01R.jpg","","in","","0","1","1","https://x.com/undefined/status/1962723540714824034","71987599",
"1962723372883914960","Tue Sep 02 03:44:52 +0000 2025","0","Hari ini selasa 02/09/2025 ngantor &amp; berpakaian dengan tema : 17 + 8 Tuntutan Rakyat Ayo suarakan suara dengan outfit kalian! #ResetIndonesia https://t.co/fgrUGVqzZ3","1962723372883914960","https://pbs.twimg.com/media/Gzz-gVcaoAIR2pi.jpg","","in","","0","0","0","https://x.com/undefined/status/1962723372883914960","71987599",
"1962719542708437499","Tue Sep 02 03:29:39 +0000 2025","0","Buktikan klo suara Rakyat didengar Jgn cuma jadi pengemis suara Rakyat ketika butuh buat dapat jabatan 17+8 tuntutan rakyat adalah harga mati. Kawal sampai didengar kawal sampai dituntaskan! Panjang Umur Perjuangan! #ResetIndonesia https://t.co/cEhX51riFl","1962719542708437499","https://pbs.twimg.com/media/Gzz7BanaoAcAY1X.jpg","","in","","0","0","0","https://x.com/undefined/status/1962719542708437499","1706348328",
"1962718868738318716","Tue Sep 02 03:26:58 +0000 2025","1","Header twitter brave pink &amp; hijau ojol 17+8 tuntutan rakyat!!! https://t.co/6675FqCmk9","1962718868738318716","https://pbs.twimg.com/media/Gzz6Z-2aoAUXzt_.jpg","","in","","0","1","1","https://x.com/undefined/status/1962718868738318716","1852267968589443072",
"1962672229331947827","Tue Sep 02 03:19:33 +0000 2025","0","@Afutami Ada banyak tuntutan dari rakyat karena banyak permasalahan yang muncul dari berbagai kebijakan yang baru maupun lama ini adalah momentum untuk berbenah dari hal yang urgent lalu ke permasalahan lainnya. 17+8 harus selesai untuk menjadi trigger pembenahan lainnya.","1962717001018941506","","Afutami","in","","0","0","0","https://x.com/undefined/status/1962717001018941506","633135691",
"1962716639235055814","Tue Sep 02 03:18:06 +0000 2025","5","17+8 TUNTUTAN RAKYAT #ResetIndonesia #PolisiPembunuhRakyat #IndonesiaGelap #FreePalestine https://t.co/uM7ODVfUo7","1962716639235055814","https://pbs.twimg.com/media/Gzz4YafaAAEUVDZ.jpg","","in","","0","0","0","https://x.com/undefined/status/1962716639235055814","1818578907437973505",
"1962714339032588619","Tue Sep 02 03:08:58 +0000 2025","0","September 2. Update tuntutan rakyat 17+8. Tuntutan tenggat 5 september 2025 0/17 Tuntutan tenggat 31 agustus 2026 0/8 Pemerintah rezim @prabowo masih belum becus. https://t.co/9zcQuYcuQ3 https://t.co/i4KgKyP1gS","1962714339032588619","https://pbs.twimg.com/media/Gzz2SkvaoAEAmeT.jpg","","in","","0","0","0","https://x.com/undefined/status/1962714339032588619","800313547",
"1962680229325087071","Tue Sep 02 03:08:23 +0000 2025","0","@fatkur_munir @gilbhas Sekelas presiden kalo cuma mending hancur lah negeri ini. Prabowo + para pembisik dan wakilnya yang banyakan gimmick harus turun semua. Semua partai itu sama aja bobroknya DPR harus ngesahin tuntutan rakyat 17+8 dah titik. https://t.co/PD19CXRTbf","1962714193892913285","https://pbs.twimg.com/media/Gzz1huCbwAASzWc.jpg","fatkur_munir","in","","0","0","0","https://x.com/undefined/status/1962714193892913285","1310229865849696258",
"1962713148559106287","Tue Sep 02 03:04:14 +0000 2025","1","Presiden @prabowo dan @DPR_RI harus mendengarkan 17+8 Tuntutan Rakyat serta usut tuntas wafatnya Affan Kurniawan juga korban jiwa lainnya. #IndonesiaBerbenah https://t.co/ws8vVQsJHq","1962713148559106287","https://pbs.twimg.com/media/Gzz1KxgaoAMRBVF.jpg","","in","","0","0","0","https://x.com/undefined/status/1962713148559106287","396369993",
"1962711534460916104","Tue Sep 02 02:57:49 +0000 2025","0","Gema '17+8 Tuntutan Rakyat': Jerome Polin dan Deretan Artis Ultimatum Pemerintah-DPR https://t.co/W3gbvd55Pw","1962711534460916104","","","in","","0","0","0","https://x.com/undefined/status/1962711534460916104","1834223843667509248",
"1962711070382137804","Tue Sep 02 02:55:59 +0000 2025","1","https://t.co/LqAkFn30G6 #Lagu : 17+8= Tunututan Rakyat Tranfaransi Reformasi Empati. Transparansi reformasi empati! Rakyat menyeru keadilan kembali. Bersama kita bangun Indonesia jaya 17 + 8 tuntutan rakyat selamanya!","1962711070382137804","","","in","","0","0","0","https://x.com/undefined/status/1962711070382137804","1538848257765687297",
"1962710833693368792","Tue Sep 02 02:55:02 +0000 2025","2","TUNTUTAN RAKYAT 17 + 8 https://t.co/Cs3sBFS3Lp #ResetIndonesia https://t.co/LOZC8WeKUs","1962710833693368792","https://pbs.twimg.com/media/GzzzGgjaMAAIwYl.jpg","","in","","0","0","3","https://x.com/undefined/status/1962710833693368792","54144850",
"1962708933455552775","Tue Sep 02 02:47:29 +0000 2025","1","Sedih rasanya mengetahui tragedi yang terjadi di kampus-kampus yang berlokasi di Bandung malam tadi. Semoga Indonesia lekas pulih dan semoga ke khawatiran Indonesia dibungkam tidak benar-benar terjadi dan mari tetap fokus kawal 17+8 tuntutan rakyat","1962708933455552775","","","in","","0","0","0","https://x.com/undefined/status/1962708933455552775","1728023848480874496",
"1962706283943076142","Tue Sep 02 02:36:58 +0000 2025","1","untk Pak Presiden yg percya ad *antek asing/elit global* yg tdk suka Indonesia maju boleh tdk sementara ini dikesampingkan dulu sdh ad 17+8 Tuntutan Rakyat yg jelas dan murni dri rakyat yg hrus diutamakan toh mulanya semua masalah ini krna tdk becusnya wakil rakyat.","1962706283943076142","","","in","","0","0","0","https://x.com/undefined/status/1962706283943076142","1508646311444508675",
"1962706188996645007","Tue Sep 02 02:36:35 +0000 2025","309","Poin-poin Lengkap 17+8 Tuntutan Rakyat untuk Pemerintahan Prabowo https://t.co/0f1TCXEWDn","1962706188996645007","","","in","","3","24","109","https://x.com/undefined/status/1962706188996645007","17128975",
"1962705755297194487","Tue Sep 02 02:34:52 +0000 2025","5","Dari Jalan ke Media Sosial: 17+8 Tuntutan Rakyat Jadi Gerakan Baru Usai Aksi Demo https://t.co/88Vnpe8HFY lewat @Keuangan News https://t.co/DmM0gbHEjZ","1962705755297194487","https://pbs.twimg.com/media/Gzzue3_aoAAxF4d.jpg","","in","","1","0","2","https://x.com/undefined/status/1962705755297194487","1226436091617505281",
"1962703485868400910","Tue Sep 02 02:31:57 +0000 2025","0","TETEP FOKUS KE 17+8 TUNTUTAN RAKYAT YAAA GUUYSSSS‼️‼️‼️","1962705021608567076","","itbwompil","in","","0","0","0","https://x.com/undefined/status/1962705021608567076","1480237081402101761",
"1962703333984235837","Tue Sep 02 02:25:14 +0000 2025","19","Apa Itu 17+8 Tuntutan Rakyat? Ramai Digaungkan Influencer dan Warganet di Medsos https://t.co/KdFA7ntGc8","1962703333984235837","","","in","","0","0","12","https://x.com/undefined/status/1962703333984235837","47596019",
"1962703332251967738","Tue Sep 02 02:25:14 +0000 2025","1","Ini bukan tuntutan murni mahasiswa dan buruh... sudah ditumpangi kepentingan anies dg kelompoknya para pensiunan jenderal. @prabowo https://t.co/X9JEu5VEpJ","1962703332251967738","","","in","","0","1","1","https://x.com/undefined/status/1962703332251967738","1486631613932834819",
"1962703074503598202","Tue Sep 02 02:24:12 +0000 2025","0","Jakarta CNBC Indonesia - Muncul unggahan tuntutan rakyat di media sosial baru-baru ini menyusul serangkaian aksi demonstrasi yang terjadi di beberapa kota dan juga secara online. Unggahan itu diberi judul 17+8 Tuntutan Rakyat dengan serangkaian tuntutan dengan deadline 5 https://t.co/uLDInmH1my","1962703074503598202","https://pbs.twimg.com/media/GzzsCfuaoAAouzZ.jpg","","in","","0","0","0","https://x.com/undefined/status/1962703074503598202","1909139716026556416",
"1962702121083764923","Tue Sep 02 02:20:25 +0000 2025","1","17+8 Tuntutan Rakyat Yuk bisa yuk kotak ceklisnya di ceklis semua :) #ResetIndonesia https://t.co/TEl9KKNOac","1962702121083764923","https://pbs.twimg.com/media/GzzrLV3aAAEB572.jpg","","in","","0","0","0","https://x.com/undefined/status/1962702121083764923","1752279848951992320",
"1962701527518454112","Tue Sep 02 02:18:04 +0000 2025","0","Tuntutan 17 8 Artinya Apa? Isi dan Poin Penting yang Viral di Medsos Seruan Rakyat Usai Demo 2025. https://t.co/1DB4pMf1t1","1962701527518454112","","","in","","0","0","0","https://x.com/undefined/status/1962701527518454112","1287642738683342848",
"1962700470650274096","Tue Sep 02 02:13:52 +0000 2025","1","Jangankan direspon dan diapresiasi pemerintah cq @prabowo tetapi malah dijawab dengan sikap represif ala pasukan IDF semalam di kampus-kampus di Bandung jadi nggedabrus lagi nih... Tuntutan Rakyat 17+8 Viral di Media Sosial Begini Isinya https://t.co/ohaGbUFDfJ","1962700470650274096","","","in","","0","0","1","https://x.com/undefined/status/1962700470650274096","1764527237251170304",
"1962700317017227629","Tue Sep 02 02:13:15 +0000 2025","8","͏͏͏͏͏͏ ͏͏͏͏͏͏ IO: Editan sederhana untuk mewarnai header profil kita sekaligus mengawal bersama 17+8 tuntutan rakyat. Salam perjuangan dan tetap kawal! ͏͏͏͏͏͏ ͏͏͏͏͏͏ https://t.co/tYuMJhTlmy","1962700317017227629","https://pbs.twimg.com/media/GzzpiUFbkAAwfyP.jpg","","in","","0","2","10","https://x.com/undefined/status/1962700317017227629","2608154514",
"1962185938945376275","Tue Sep 02 02:08:39 +0000 2025","1","@agynoona Udah tau masa aksi ditumpangi dari oligarki . Malah bikin tuntutan 17+8 dan gerakan demo lanjutan yang lebih masive. Kan kocak ya jelas pasti di tungangi lagi korban sudah jatuh dan hampir seluruh korbannya rakyat . Harusnya pendekatannya beda ga malah demo lanjutan","1962699157946405032","","agynoona","in","","0","2","0","https://x.com/undefined/status/1962699157946405032","2406142393",
"1962697174938198424","Tue Sep 02 02:00:46 +0000 2025","7","17+8 Tuntutan Rakyat dalam seminggu dan setahun (dengan deadline). #ResetIndonesia https://t.co/qPw60Z8oWN","1962697174938198424","https://pbs.twimg.com/media/GzzmqbWbUAAZjro.jpg","","in","","0","0","1","https://x.com/undefined/status/1962697174938198424","1720316256820342784",
"1962696982528696580","Tue Sep 02 02:00:00 +0000 2025","1136","FREE HEADER. Silahkan dipakai tidak perlu izin. Suara kita tidak boleh diabaikan aksi kita tidak bisa dibungkam. 17+8 tuntutan rakyat adalah harga mati. Kawal sampai didengar kawal sampai dituntaskan! #ResetIndonesia https://t.co/AVtT0PY2t2","1962696982528696580","https://pbs.twimg.com/media/GzyNxhKbgAAmKsV.jpg","","in","","102","3","1042","https://x.com/undefined/status/1962696982528696580","1398637466920181766",
"1962694959083172326","Tue Sep 02 01:51:58 +0000 2025","1","Revolusi Keadilan Total Menyeluruh Khususnya Buat Rakyat Kecil #StopPoliceBrutality Kampus Mahasiswa Parcok Darurat Militer TENGAH MALEM September S https://t.co/u8MIaud1bT","1962694959083172326","","","in","","0","0","0","https://x.com/undefined/status/1962694959083172326","1028997916906516480",
"1962694048919237079","Tue Sep 02 01:48:21 +0000 2025","1","Setan budeg demokrasi (oligarki) ga bakalan melaksanakan tuh tuntutan bos mereka (katanya kedaulatan ditangan rakyat) Ya karena ga menguntungkan kepentingan oligarki ha³ #SetanBudegDemokrasi Tuntutan Rakyat 17+8 Viral di Media Sosial Begini Isinya https://t.co/0CBk4hCDlG","1962694048919237079","","","in","","0","0","0","https://x.com/undefined/status/1962694048919237079","1447437298178482176",
"1962693195202208191","Tue Sep 02 01:44:57 +0000 2025","0","KAWAL SAMPAI 17+8 TUNTUTAN RAKYAT TER-REALISASI","1962693195202208191","","","in","","0","0","0","https://x.com/undefined/status/1962693195202208191","1331061875660922883",
"1962692874950394353","Tue Sep 02 01:43:41 +0000 2025","0","17+8 Tuntutan Rakyat","1962692874950394353","","","in","","0","0","0","https://x.com/undefined/status/1962692874950394353","1579683038304169984",
"1962690407734915233","Tue Sep 02 01:33:52 +0000 2025","1","Tuntutan 17+8 itu ya kalau emang pemerintah pro rakyat gak susah ngelakuinnya.","1962690407734915233","","","in","","0","0","0","https://x.com/undefined/status/1962690407734915233","157202905",
"1962690401749672335","Tue Sep 02 01:33:51 +0000 2025","0","17 + 8 Tuntutan Rakyat Yuk Bapak/Ibu kerjanya pakai KPI yuk sekali2 biar ga asal ️ @prabowo @DPR_RI #ResetIndonesia #WargaJagaWarga https://t.co/CjL4I1dF1O","1962690401749672335","https://pbs.twimg.com/media/Gzzggt9aoAA8I0h.jpg","","in","","0","0","0","https://x.com/undefined/status/1962690401749672335","43725843",
"1962690072605794745","Tue Sep 02 01:32:32 +0000 2025","91","Andai mereka dengerin komplainan lu pada yg ribet ini itu simpulan 17+8 tuntutan rakyat gak akan jadi &amp; eksis sekarang. Lalu masyarakat akan banyak yg masih meraba2 abu apa saja tuntutan yg difokuskan. Ga lekas mengerucut. Perjuangan jd lebih lambat. Ngerti sampai sini tidak?","1962690072605794745","","","in","","0","1","16","https://x.com/undefined/status/1962690072605794745","978646566",
"1962666925072499087","Tue Sep 02 01:31:12 +0000 2025","0","@CNNIndonesia Padahal mah aslinya rakyat ga peduli fokus kami saat ini adalah 17+8 tuntutan kami #ResetIndonesia","1962689735136289073","","CNNIndonesia","in","","0","0","0","https://x.com/undefined/status/1962689735136289073","3280140768",
"1962689528961081684","Tue Sep 02 01:30:23 +0000 2025","0","wo ente kn punya alat negara perangkat negara lagian si mafia cuma nyumput di negara tetangga gaskeun dong tp intinya suara rakyat jangan dialihkan ke isu mafia mafia minyak itu satu hal harus u beresin tp tuntutan rakyata 17+8 juga harus u kabulkan ","1962689528961081684","","","in","","0","0","2","https://x.com/undefined/status/1962689528961081684","2411851260",
"1962688962507805132","Tue Sep 02 01:28:08 +0000 2025","2","Mari kita lihat bagaimana aksi pemerintah dan apa rakyat didengar? Tag: Boleh September S Mauu Skizo Mahasiswa Fitnah #QlolabyBRI DPRD DPR RI Uya Kuya Intel Gorengan Prabowo yuk saling menjaga ciptakan kedamaian Indonesia Ya Allah Damai Demo Ojol 17+8 https://t.co/i3oOEaa4Y8","1962688962507805132","","","in","","0","0","0","https://x.com/undefined/status/1962688962507805132","771607151835918336",
"1962688927401414688","Tue Sep 02 01:27:59 +0000 2025","4","Biasanya gue kesel kalo ada penumpang yg nonton video soundnya kenceng. Tapi kali ini ada bapak2 nyetel video 17+8 tuntutan rakyat pake suara kenceng. Gapapa Pak ‍","1962688927401414688","","","in","","0","0","0","https://x.com/undefined/status/1962688927401414688","233480099",
"1962686653585330683","Tue Sep 02 01:27:45 +0000 2025","2","@prabowo SEGERA dilaksanakan pak para perusuh sudah bertindak mereka tidak akan tinggal diam acak2 negeri ini 17+8 Tuntutan Rakyat adalah bagian dari kepedulian anak2 bangsa yg masih mencintai republik ini tolong didengarkan dilaksanakan SEGERA! https://t.co/z0L6zuzq0d","1962688866642731058","","prabowo","in","","0","0","0","https://x.com/undefined/status/1962688866642731058","111547887",
"1962404688323891532","Tue Sep 02 01:20:27 +0000 2025","0","@uerecca @mahrennn Gak bisa republik itu harus trias politika. Gw udh bilang reformasi dan revolusi DPR bukan dihilangkan udh bener tuntutan rakyat yg skrg 17+8 Klo legislatif hilang ya eksekutif bakal punya power absolut semua uu bakal dibuat presiden gk ada yg ngawasin jdi negara diktator","1962687028795179265","","uerecca","in","","0","0","0","https://x.com/undefined/status/1962687028795179265","1718594554524471296",
"1962686682853188010","Tue Sep 02 01:19:04 +0000 2025","2","17+8 tuntutan rakyat cepet dikerjain ege bentar lagi deadline. mau sistem kebut semalam kah?","1962686682853188010","","","in","","0","0","0","https://x.com/undefined/status/1962686682853188010","1453615699532791809",
"1962684892195827748","Tue Sep 02 01:11:57 +0000 2025","9","17+8 Tuntutan Rakyat viral di medsos usai demo akhir Agustus 2025. Apa itu? https://t.co/CcUrOHca1F","1962684892195827748","","","in","","0","0","10","https://x.com/undefined/status/1962684892195827748","69183155",
"1962683652770541916","Tue Sep 02 01:07:02 +0000 2025","0","17+8 Tuntutan Rakyat Viral di Media Sosial Ini Isi Lengkapnya https://t.co/25ron77RtM","1962683652770541916","","","in","","0","0","0","https://x.com/undefined/status/1962683652770541916","817669043792420864",
"1962681265544667314","Tue Sep 02 00:57:33 +0000 2025","2","Influencer Turun ke DPR! Andovi Da Lopez Bawa 17+8 Tuntutan Rakyat 1 September 2025 Andovi &amp; Jovial Da Lopez bersama mahasiswa turun ke depan DPR suarakan 17+8 Tuntutan Rakyat . Isinya: 17 tuntutan jangka pendek &amp; 8 tuntutan jangka panjang soal transparansi reformasi dan https://t.co/Uekmm6ZwRF","1962681265544667314","https://pbs.twimg.com/media/GzzYMDZaoAALn38.jpg","","in","","0","0","0","https://x.com/undefined/status/1962681265544667314","1924680830577999872",
"1962680465359511700","Tue Sep 02 00:54:22 +0000 2025","31","Dari daftar 17+8 Tuntutan Rakyat ini memang ada poin-poin yg logis seperti transparansi evaluasi DPR hingga reformasi kelembagaan. Tapi ada juga tuntutan yg janggal. Kalau demonstran hny menyampaikan pendapat &amp; ikut aksi damai → memang harus dilindungi jangan","1962680465359511700","","","in","","1","1","11","https://x.com/undefined/status/1962680465359511700","235931838",
"1962499633135108511","Tue Sep 02 00:43:06 +0000 2025","1","@amaliyakusumaa Semoga keadaannya Indonesia makin aman udah ga ada lagi korban jiwa yg berjatuhan dan semoga pemerenta mau dan dgn sukarela menyetujui &amp; melaksanakan 17 + 8 Tuntutan Rakyat @amaliyakusumaa","1962677629909381127","","amaliyakusumaa","in","","0","0","0","https://x.com/undefined/status/1962677629909381127","797914250",
"1962095963067281680","Tue Sep 02 00:35:44 +0000 2025","0","@prabowo Tuntutan rakyat 17 + 8 dibaca pak dibaca","1962675774689083828","","prabowo","in","","0","0","0","https://x.com/undefined/status/1962675774689083828","1131268719085146112",
"1962416166879867210","Tue Sep 02 00:26:24 +0000 2025","1","@entahtaktahu007 @plutoniangoat Konteks: Di Indonesia sedang ada protes besar (Agustus-Sept 2025) soal korupsi reformasi polisi &amp; tuntutan rakyat 17+8 (transparansi cabut tunjangan DPR dll). Selebriti seperti Jerome Fathia dll. ikut rumuskan via WA tapi dikritik karena bukan dari akar","1962673425807544399","","entahtaktahu007","in","","0","0","0","https://x.com/undefined/status/1962673425807544399","1720665183188922368",
"1962673154863878613","Tue Sep 02 00:25:19 +0000 2025","1","17+8 tuntutan rakyat tuh AGAK BANYAK ga sih kawand?","1962673154863878613","","","in","","0","1","0","https://x.com/undefined/status/1962673154863878613","188757803",
"1962671975417159838","Tue Sep 02 00:20:38 +0000 2025","2","Apa Itu 17+8 Tuntutan Rakyat yang Viral di Medsos Indonesia? https://t.co/I7VoQjsREe","1962671975417159838","","","in","","0","2","0","https://x.com/undefined/status/1962671975417159838","135815019",
"1962666925072499087","Tue Sep 02 00:12:40 +0000 2025","0","@CNNIndonesia Orang Tolol ngapain bikin adu domba tidak penting! Fokus Tuntutan Rakyat 17+8","1962669970816672248","","CNNIndonesia","in","","0","0","0","https://x.com/undefined/status/1962669970816672248","555870705",
"1962669574727557254","Tue Sep 02 00:11:05 +0000 2025","0","Gila! Demo di Bandung yang bikin kampus diserbu &amp; gas air mata ditembak masuk kelas bikin #AllEyesOnBandung viral. 17+8 tuntutan rakyat beredar. Sebagai AI yg suka analisis perilaku manusia (gratis lol) gw mau bedah kenapa ini bisa meledak ","1962669574727557254","","","in","","0","0","0","https://x.com/undefined/status/1962669574727557254","1641449855599120387",
"1962665840249315645","Tue Sep 02 00:07:35 +0000 2025","63","@senjatanuklir Kak please sounding untuk tetep focus ke 17+8 tuntutan karena issue penculikan dan penyerangan sepihak dari aparat itu bisa mecah fokus rakyat yang ga terpaku esensi demonstrasi Agustus kemarin","1962668691943981198","","senjatanuklir","in","","0","1","4","https://x.com/undefined/status/1962668691943981198","1464867070940631043",
"1962668596636893553","Tue Sep 02 00:07:12 +0000 2025","2","isak pengalihan isu ttp kawal 17+8 tuntutan rakyat","1962668596636893553","","","in","","0","0","0","https://x.com/undefined/status/1962668596636893553","1788908277545508865",
"1962666593470849086","Tue Sep 02 00:07:09 +0000 2025","0","Rakyat udah kalem udah tenang. Aksi diberbagai daerah Senin kemarin pun berlangsung damai. Skrg tugas bpk2 respon itu 17+8 tuntutan rakyat. Udahan pak nyari ributnya ya please.","1962668585006092570","","asep_bhtr","in","","0","0","0","https://x.com/undefined/status/1962668585006092570","2856173496",
"1962665765406154857","Mon Sep 01 23:55:57 +0000 2025","16","Tuntutan Rakyat 17 + 8 https://t.co/jdwMfJpdc9","1962665765406154857","https://pbs.twimg.com/amplify_video_thumb/1962665349545111552/img/IsyRkMN7ENsDNEeg.jpg","","in","","0","1","4","https://x.com/undefined/status/1962665765406154857","1309121333230538752",
"1962473388653629765","Mon Sep 01 23:41:25 +0000 2025","1","@blockburning @kafrainz 17+8 merujuk pada 17+8 Tuntutan Rakyat yang viral di media sosial Indonesia. Ini adalah 17 tuntutan jangka pendek (deadline 5 Sept 2025) dan 8 tuntutan jangka panjang (deadline 31 Agt 2026) mencakup reformasi pemerintahan hak buruh transparansi DPR investigasi kekerasan","1962662106618306891","","blockburning","in","","0","0","0","https://x.com/undefined/status/1962662106618306891","1720665183188922368",
"1962661199256199410","Mon Sep 01 23:37:52 +0000 2025","0","Kepada @prabowo @DPR_RI polisi TNI dan menteri semuany ayo kerja bergerak penuhi 17+8 tuntutan rakyat. KERJA WOY KERJA https://t.co/8nxf4pWgcB","1962661212338131411","https://pbs.twimg.com/media/GzzF-FzbIAAscTC.jpg","konakun1115","in","","0","0","0","https://x.com/undefined/status/1962661212338131411","554040608",
"1962660111572443219","Mon Sep 01 23:33:29 +0000 2025","1","17+8 TUNTUTAN RAKYAT https://t.co/8hfnoNh4Te","1962660111572443219","https://pbs.twimg.com/media/GzzE9p5aoAIsBFp.jpg","","in","","0","0","1","https://x.com/undefined/status/1962660111572443219","1405935571004911619",
"1962657084526449145","Mon Sep 01 23:21:28 +0000 2025","0","Viral Tuntutan Rakyat 17 8! Desak Prabowo dan DPR Bergerak Sebelum Tenggat Waktu Berakhir https://t.co/R2AEuOZwdh","1962657084526449145","","","in","","0","0","0","https://x.com/undefined/status/1962657084526449145","1550413916135514113",
"1962656979232718997","Mon Sep 01 23:21:03 +0000 2025","0","Kecil aja gak bisa satu suara dulu. 17+8 pun itu belum tentu di kerjain sama DPR dan Presiden. Ini udah tanggal 2 dan deadline buat 7hr ke depan waktunya makin berjalan. Bukan nya di dengar tuntutan rakyat yg ada polisi semakin brutal sama sipil. Bahkan sampe tempat pendidikan","1962656981250122017","","arlenaked","in","","0","1","0","https://x.com/undefined/status/1962656981250122017","1684280932415709184",
"1962656645391208629","Mon Sep 01 23:19:43 +0000 2025","13","anginnya kenceng bangat pagi ini ᨒ ༄ semoga angin segar juga buat tuntutan rakyat (17+8) menemukan titik terang bersambut harapan yg terealisasikan","1962656645391208629","","","in","","0","2","0","https://x.com/undefined/status/1962656645391208629","1937058218259402752",
"1962655068035146177","Mon Sep 01 23:15:15 +0000 2025","1","[ 17+8 TUNTUTAN RAKYAT] https://t.co/gNTr5W92uQ","1962655522873831814","","baymaxsad","in","","0","0","1","https://x.com/undefined/status/1962655522873831814","1254922651534897152",
"1962654736542585196","Mon Sep 01 23:12:08 +0000 2025","0","naon si ajig kan awalnya rakyat cuma minta didengarkan dan tuntutan udah jelas 17+8. naon dei ajiggggggggggg","1962654736542585196","","","in","","0","1","0","https://x.com/undefined/status/1962654736542585196","2398117838",
"1962654204855754812","Mon Sep 01 23:10:01 +0000 2025","107","Gelombang aksi protes mahasiswa dan masyarakat sipil turut melibatkan sejumlah influencer. Salah satunya Andovi Da Lopez bersama rekan-rekannya menggagas 17+8 Tuntutan Rakyat . Baca selengkapnya https://t.co/TiaLvY1jdZ ~LL #TuntutanRakyat #Influencer https://t.co/qaf77DwOvO","1962654204855754812","https://pbs.twimg.com/media/Gzy_lPlaoAEdw5Q.jpg","","in","","4","2","60","https://x.com/undefined/status/1962654204855754812","23343960",
"1962650791392780309","Mon Sep 01 22:56:27 +0000 2025","0","Ssssssstttt selama tuntutannya menguntungkan untuk rakyat dukung aja. Toh 17+8 diambil dari berbagai tuntutan mamasyarakat. Paling penting mereka bukan orang politik yg jadiin hal ini tunggangan. Fokus kita itu pemerintah dan aparat bukan sesama sipil","1962650791392780309","","","in","","0","0","0","https://x.com/undefined/status/1962650791392780309","1704042931156611072",
"1962644779910734237","Mon Sep 01 22:32:34 +0000 2025","1","17+8 Tuntutan Rakyat #ResetIndonesia https://t.co/NjnGI8dPbd","1962644779910734237","https://pbs.twimg.com/media/Gzy3BAIaoAQjJ3K.jpg","","in","","0","1","4","https://x.com/undefined/status/1962644779910734237","1126514114577043456",
"1962644427278897271","Mon Sep 01 22:31:10 +0000 2025","1","[POPULER TREN] Tarif Listrik 1-7 September | Isi 17+8 Tuntutan Rakyat https://t.co/N86jf2iD4p https://t.co/3iLnJalh55","1962644427278897271","https://pbs.twimg.com/media/Gzy2tMiaoAcThkQ.png","","in","","0","0","2","https://x.com/undefined/status/1962644427278897271","23343960",
"1962631919214174509","Mon Sep 01 21:41:28 +0000 2025","1","Padahal di tuntutan 17+8 gak ada nyinggung turunkan pres tp kalo gini ceritanya ya bisa jd muncul suara turunkan pres... lah wong pak pres nya aja gak berpihak ke rakyat ","1962631919214174509","","","in","","0","0","0","https://x.com/undefined/status/1962631919214174509","1183239219788972033",
"1962628104196891131","Mon Sep 01 21:26:18 +0000 2025","1","Emang orang indonesia tuh kalo ada yang bisa di komentarin ada aja yng dikomentarin. Padahal 17+8 itu rangkuman tuntutan rakyat bukan mereka yg ngarang sendiri.","1962628104196891131","","","in","","0","0","0","https://x.com/undefined/status/1962628104196891131","1105098351089922048",
"1962626691450445925","Mon Sep 01 21:26:15 +0000 2025","0","Lagi kayak gini situasinya udah bagus ada yang summarize tuntutan rakyat. Kayak yang ga baca isi dari 17+8 dah lu ada poin yang merugikan atau tidak memberi untung buat grassroot communities dan pihak yang lu sebutkan itu kah? Aneh people like you are indeed a pain in the ass.","1962628092977127809","","Ieaufeyson","in","","0","0","0","https://x.com/undefined/status/1962628092977127809","727490039614033921",
"1962620849045070018","Mon Sep 01 21:21:24 +0000 2025","2","@ssszczek dan kalopun mmg bener itu adu domba aparat vs rakyat masih banyak template story/info yg ngomongin isu utamanya kaya tuntutan 17+8 itu jadi mnrt aku gaada alesan buat ga repost sg sih .","1962626872476606464","","sawiputihtelor","in","","0","2","1","https://x.com/undefined/status/1962626872476606464","1285977223829139456",
"1962624911568220575","Mon Sep 01 21:13:37 +0000 2025","0","Warga twitter tuh knp ya ada aja yang begini. Kalo dibaca tuntutan 17+8 itu ada loh dijelasin kalo tuntutan itu juga hasil rembukan jutaan rakyat di kolom komentar &amp; IG story. Dari jutaan komentar rakyat itu ngga mungkin ngga ada salah satu yg mewakili dari grassroot communities","1962624911568220575","","","in","","0","2","0","https://x.com/undefined/status/1962624911568220575","3141011712",
"1962621318362472665","Mon Sep 01 20:59:20 +0000 2025","0","Emang dasarnya presiden goblok. Udah tau di circlenya dia ada yang siap-siap mau kudeta eh rakyatnya malah dilawan. Goodluck deh. 17+8 tuntutan rakyat kalo ga diaminin bisa aja people power","1962621318362472665","","","in","","0","0","0","https://x.com/undefined/status/1962621318362472665","1568373078350266368",
"1962618943916646529","Mon Sep 01 20:49:54 +0000 2025","3","Ini adalah tuntutan dari kami semua rakyat Indonesia. Sudah dirangkum dan didetailkan 17 tuntutan jangka pendek dan 8 tuntuan jangka Panjang lengkap dengan deadline‼️ Semoga anda membuktikan bahwa anda mendengar rakyat &amp; pro rakyat. Bukan hanya membela pemerintah &amp; aparat saja. https://t.co/PGoSUmwD0Q","1962618943916646529","https://pbs.twimg.com/media/GzyfhlFbIAAypnl.jpg","","in","","0","0","0","https://x.com/undefined/status/1962618943916646529","1062445890",
"1962618781295108245","Mon Sep 01 20:49:15 +0000 2025","0","17 + 8 Tuntutan Rakyat Transparansi. Reformasi. Empati. Kami menunggu. Buktikan suara rakyat didengar. (Sumber gambar: repost dari postingan Bapa Rimba bli @robinavicula ) #aspirasirakyat #tuntutanrakyat https://t.co/Kv5x0TAoFb","1962618781295108245","https://pbs.twimg.com/media/GzyfJZ1aoAAdDKe.jpg","","in","","0","0","0","https://x.com/undefined/status/1962618781295108245","1655929549484597249",
"1962602009607164284","Mon Sep 01 19:42:37 +0000 2025","1","i stand for 17+8 Tuntutan Rakyat #1312Forever #NewProfilePic https://t.co/kFBQtS3Gjv","1962602009607164284","https://pbs.twimg.com/media/GzyQH9faoAAOaeC.jpg","","in","","0","0","0","https://x.com/undefined/status/1962602009607164284","1304000973971488768",
"1962591288659734982","Mon Sep 01 19:00:01 +0000 2025","1","Berikut Ini Isi Lengkap 17+8 Tuntutan Rakyat yang Viral di Media Sosial https://t.co/gTIIfmtdVm","1962591288659734982","","","in","","0","0","0","https://x.com/undefined/status/1962591288659734982","48890883",
"1962572489009308042","Mon Sep 01 18:23:35 +0000 2025","0","@Yusufbudiono6 @senjatanuklir Halo! 17+8 merujuk pada daftar 17 tuntutan mendesak (deadline 5 Sep 2025) + 8 tuntutan jangka panjang (sampai 31 Agt 2026) dari rakyat Indonesia ke pemerintah. Ini viral di medsos menuntut reformasi DPR transparansi reformasi polisi dll. Secara matematis ya 25. ","1962582122633535913","","Yusufbudiono6","in","","0","0","0","https://x.com/undefined/status/1962582122633535913","1720665183188922368",
"1962568656002654466","Mon Sep 01 18:21:06 +0000 2025","1","@IndoPopBase NIKI bersuara menggaungkan tuntutan rakyat 17+8","1962581498298761603","","IndoPopBase","in","","0","0","0","https://x.com/undefined/status/1962581498298761603","1103380903026278400",
"1962580648255988095","Mon Sep 01 18:17:44 +0000 2025","4","Penuhi 17+8 tuntutan rakyat. #NewProfilePic https://t.co/g2VG4eJR7V","1962580648255988095","https://pbs.twimg.com/media/Gzx8sj8aoAICgW0.jpg","","in","","0","2","0","https://x.com/undefined/status/1962580648255988095","63392148",
"1962578906973905240","Mon Sep 01 18:10:49 +0000 2025","0","17 + 8 Tuntutan Rakyat! #WargaJagaWarga #ResetIndonesia https://t.co/GMf6hsnneS","1962578906973905240","https://pbs.twimg.com/media/Gzx7HFlbsAAW1Gt.jpg","","in","","0","1","0","https://x.com/undefined/status/1962578906973905240","1208694990316064768",
"1962578780255633740","Mon Sep 01 18:10:18 +0000 2025","0","17+8 TUNTUTAN RAKYAT Transparansi Reformasi Empati. https://t.co/6JfsM13Kb2","1962578780255633740","https://pbs.twimg.com/media/Gzx6_hIaoAEUck7.jpg","","in","","0","0","0","https://x.com/undefined/status/1962578780255633740","408954071",
"1962576844609511526","Mon Sep 01 18:02:37 +0000 2025","1","Ikut bersuara sampai didengar 17+8 TUNTUTAN RAKYAT. Transparansi. Reformasi. Empati. Ayo warnai foto profilenya Akun boleh kotor tapi negara ini jauh lebih kotor #ResetIndonesia #FotoProfilBaru https://t.co/2pnH2FOt6Q","1962576844609511526","https://pbs.twimg.com/media/Gzx5PJQbsAAu3Ok.jpg","","in","","0","2","0","https://x.com/undefined/status/1962576844609511526","3266632513",
"1962576810149072994","Mon Sep 01 18:02:29 +0000 2025","0","Bangun all aparat makin represif padahal ada tuntutan rakyat aparat di 17+8 @wordfangs @BudiBukanIntel","1962576810149072994","","","in","","0","0","0","https://x.com/undefined/status/1962576810149072994","1588710974961643521",
"1962449014655447355","Mon Sep 01 18:02:03 +0000 2025","0","@Metro_TV Pergerakan mafia kan dibelakang layar mgkn emng lebih baik selesaikan juga secara diam diam. Nah yg didepan layar sekarang adalah tuntutan rakyat 17+8. Izin pak utk fokus didepan layarnya adalah hal tersebut nggih terimakasih pak.","1962576703823454685","","celotehdiam","in","","0","0","0","https://x.com/undefined/status/1962576703823454685","980107992",
"1962575137557070260","Mon Sep 01 17:55:50 +0000 2025","0","lagi baca baca berita terkini Indonesia kebetulan tentang tuntutan 17+8 muncul aku baca selesai lanjut baca komen apa si tanggapan rakyat setelah adanya tuntutan tersebut? ","1962575137557070260","","","in","","0","1","0","https://x.com/undefined/status/1962575137557070260","1467072071951806466",
"1962568656002654466","Mon Sep 01 17:53:11 +0000 2025","82","@IndoPopBase Hormat kepada NIKI karena telah meningkatkan kesadaran tentang 17+8 Tuntutan Rakyat!","1962574473317753017","","IndoPopBase","in","","0","0","1","https://x.com/undefined/status/1962574473317753017","792199503973670913",
"1962571733665492999","Mon Sep 01 17:42:18 +0000 2025","0","17+8 Tuntutan Rakyat ini tidak akan berkesan bagi kerajaan sebab mereka bukan sesiapa jika dibandingkan dengan konteks Petisi50 yang diasaskan oleh para negarawan","1962571733665492999","","","in","","0","1","0","https://x.com/undefined/status/1962571733665492999","1170543974253154304",
"1962571334816510229","Mon Sep 01 17:40:43 +0000 2025","0","Kita ga nuntut Bapak mundur dibaca deh tuntutan rakyat yg 17+8 Dari kemaren kenapa sih yapping nya ga nyambung","1962571334816510229","","","in","","0","0","0","https://x.com/undefined/status/1962571334816510229","862135859528650756",
"1962568656002654466","Mon Sep 01 17:33:22 +0000 2025","676","@IndoPopBase Suara rakyat tidak boleh diabaikan. Semoga 17+8 tuntutan ini benar-benar menjadi pengingat bagi pemerintah untuk mendengar dan bertindak","1962569484901982304","","IndoPopBase","in","","0","1","11","https://x.com/undefined/status/1962569484901982304","1653106893542535168",
"1962566951097770426","Mon Sep 01 17:23:18 +0000 2025","0","Yawnzzn bersama 17+8 tuntutan rakyat! Lesgow https://t.co/QyMw8Lf3Uf","1962566951097770426","https://pbs.twimg.com/media/GzxwPfOaoAE2sgq.jpg","","in","","0","0","0","https://x.com/undefined/status/1962566951097770426","1913363204111286272",
"1962560118740115788","Mon Sep 01 16:56:09 +0000 2025","21","17 tuntutan rakyat dalam satu minggu ke depan dan 8 tuntutan rakyat dalam satu tahun ke depan. #ResetIndonesia https://t.co/59wpQ0AkSK","1962560118740115788","https://pbs.twimg.com/media/GzxpWWLaoAQXVkK.jpg","","in","","0","0","7","https://x.com/undefined/status/1962560118740115788","1841003612832747520",
"1962540103706038414","Mon Sep 01 16:34:50 +0000 2025","8","@BudiBukanIntel Mas bud berarti tuntutan rakyat yang 17+8 itu menurutmu sus engga ya ? Terlebih yang dikebut nya tentang UU perampasan asset","1962554754355302689","","BudiBukanIntel","in","","0","1","0","https://x.com/undefined/status/1962554754355302689","2704218780",
"1962554082100691175","Mon Sep 01 16:32:10 +0000 2025","0","Semua tuntutan rakyat yang termaktub dalam 12 tuntutan atau 17+8 tuntutan harus segera diwujudkan di awal September ini jika benar pemerintahan ini mencintai rakyatnya bukan memelihara koruptor dan memberi pangkat massal kepada para pembunuh.","1962554082100691175","","","in","","0","0","0","https://x.com/undefined/status/1962554082100691175","1615675333470212098",
"1962552596222407007","Mon Sep 01 16:26:16 +0000 2025","0","padahal ga ada yg nyuruh dia mundur npd bgt makanya baca itu 17+8 tuntutan rakyat biar becus ngurus negara biar gak dipecat beneran","1962552596222407007","","","in","","0","0","0","https://x.com/undefined/status/1962552596222407007","1911963229737426945",
"1962551774419792111","Mon Sep 01 16:23:04 +0000 2025","0","bener2 bangga bangettt sama ibuk yg selalu mengajarkan arti demokrasi dengan caranya yg unik. sehat2 bukk. dan semoga segera pulih negeriku ini. dan mohon pemerintah segera mengabulkan 17+8 tuntutan rakyat #RIPDemokrasi 🇲🇨","1962551794191753221","","hadiisant","in","","0","0","0","https://x.com/undefined/status/1962551794191753221","1409844127",
"1962551699249529247","Mon Sep 01 16:22:42 +0000 2025","0","Pak baca tuntutannya yuk! Gak ada yang nyuruh mundur lhoooo!!!! Cukup lakuin 17+8 tuntutan rakyat. Enak itu udah dijadiin to do list gak perlu repot2 rapat di hotel mewah.","1962551699249529247","","","in","","0","0","0","https://x.com/undefined/status/1962551699249529247","2256561625",
"1962549815109464373","Mon Sep 01 16:15:12 +0000 2025","592","17+8 tuntutan rakyat. Brave Pink Hero Green. #ResetIndonesia https://t.co/9NpBWMzo9W","1962549815109464373","https://pbs.twimg.com/media/Gzxgp3JbgAA8bvB.jpg","","in","","3","7","296","https://x.com/undefined/status/1962549815109464373","1645423524625121280",
"1962414161939558743","Mon Sep 01 16:14:08 +0000 2025","0","@senjatanuklir 17 + 8 Tuntutan Rakyat berhasil buat mereka bingung harus fitnah apalagi berarti. Dorong terus sampe gol!","1962549544581001567","","senjatanuklir","in","","0","0","0","https://x.com/undefined/status/1962549544581001567","1605481784",
"1962549393502146752","Mon Sep 01 16:13:32 +0000 2025","0","Tuntutan Rakyat 17+8 Viral di Media Sosial Begini Isinya https://t.co/sX03Mv4JL3","1962549393502146752","","","in","","0","0","0","https://x.com/undefined/status/1962549393502146752","1605375478952792067",
"1962548073269465254","Mon Sep 01 16:08:17 +0000 2025","0","Isi Lengkap 17+8 Tuntutan Rakyat yang Viral di Medsos https://t.co/AM9uYE2bEd","1962548073269465254","https://pbs.twimg.com/media/GzxfEE0aUAAqCle.jpg","","in","","0","0","0","https://x.com/undefined/status/1962548073269465254","1923985194262069248",
"1962547929010581743","Mon Sep 01 16:07:43 +0000 2025","0","Tuntutan Rakyat 17+8 Viral di Media Sosial Begini Isinya https://t.co/pHEZZ6Eyhy","1962547929010581743","https://pbs.twimg.com/media/Gzxe71ZasAAgtIt.jpg","","in","","0","0","0","https://x.com/undefined/status/1962547929010581743","1927722937437880320",
"1962547697703137326","Mon Sep 01 16:06:48 +0000 2025","0","Apa Itu 17+8 yang Viral? Tuntutan Rakyat ke Pemerintah Diwakili Jerome Polin Lengkap Waktu Tenggat https://t.co/bx4aklZEAx","1962547697703137326","https://pbs.twimg.com/media/GzxeueZbgAEGGSn.jpg","","in","","0","0","0","https://x.com/undefined/status/1962547697703137326","1944198237617106945",
"1962547621773660272","Mon Sep 01 16:06:30 +0000 2025","0","Apa Itu 17+8 yang Viral? Tuntutan Rakyat ke Pemerintah Diwakili Jerome Polin Lengkap Waktu Tenggat https://t.co/aYvNp8xqdF","1962547621773660272","https://pbs.twimg.com/media/GzxeqBLacAA6aKL.jpg","","in","","0","0","0","https://x.com/undefined/status/1962547621773660272","1944202097584746500",
"1962191687750684956","Mon Sep 01 16:02:44 +0000 2025","0","@senjatanuklir 17+8 Tuntutan Rakyat bukan drama bro. Ini kaya reminder politik: janji negara harus tepat waktu. Deadline seminggu depan: 5 September 2025. Gak cuma omdo. ","1962546675928686729","","senjatanuklir","in","","0","0","0","https://x.com/undefined/status/1962546675928686729","1919959589409452032",
"1962546279520821534","Mon Sep 01 16:01:10 +0000 2025","4","Berikut ini adalah isi dari 17+8 Tuntutan Rakyat yang harus dipenuhi. - 17 Tuntutan sampai 5 September 2025 (12 Rabi'ul Awal 1447 H) - 8 Tuntutan lainnya sampai 31 Agustus 2026 (18 Rabi'ul Awal 1448 H) [Total : 25 Tuntutan yang Harus Dipenuhi!] Indonesia Prabowo Senin Malam https://t.co/L5ebGpxPEA","1962546279520821534","https://pbs.twimg.com/media/GzxdKxgaoAAlsGQ.jpg","","in","","1","3","1","https://x.com/undefined/status/1962546279520821534","1847316497066303488",
"1962544048088228093","Mon Sep 01 15:52:18 +0000 2025","0","plis ada ga sih yg dikasih kesempatan untuk salah satu rakyat yg tau kondisi saat ini paham tuntutan rakyat yg mau bacain 17+8 itu ke presiden bukan sekretaris atau orang2nya presiden soalnya muak bgt gue denger statement dia","1962544048088228093","","","in","","0","0","0","https://x.com/undefined/status/1962544048088228093","1240920242122981377",
"1962543864763539799","Mon Sep 01 15:51:34 +0000 2025","2","gue bingung deh knp tbtb bahas riza chalid? kenapa lo gak fokus 17+8 tuntutan rakyat?","1962543864763539799","","","in","","0","0","0","https://x.com/undefined/status/1962543864763539799","1204038948806225920",
"1962541817808974255","Mon Sep 01 15:43:26 +0000 2025","0","Yaudah semangat ya Pak mengambulkan 17+8 tuntutan rakyat supaya kami bisa tahu betul omongan Bapak disini gak cuma kosongan. Tapi tolong jangan hiraukan suara rakyat dan generalisir kalau ini ulah oknum karena rakyat betulan marah Pak. Kami tunggu penyelesaiannya @prabowo","1962541817808974255","","","in","","0","0","0","https://x.com/undefined/status/1962541817808974255","50565895",
"1962541797152018690","Mon Sep 01 15:43:21 +0000 2025","18","Evangelion aja ada rebuild nya negara kapan? memanggil teman2 wibu ku untuk tetap kawal 17+8 tuntutan rakyat. https://t.co/Ff394Rvs85","1962541797152018690","https://pbs.twimg.com/media/GzxZGIRaIAAEQr5.png","","in","","0","3","1","https://x.com/undefined/status/1962541797152018690","1572992462620327937",
"1962513277050638492","Mon Sep 01 15:41:28 +0000 2025","7","@Firman_Huda29 @BaseBDG ini tuh turun aksi untuk menagih 17+8 tuntutan rakyat memang serentak se Indonesia dan kebanyakan kondusif kampus aku udah narik masa dari jam 15.00 untuk pulang kok dan kampus lain juga begitu entah mengapa bandung itu termasuk yang lumayan tidak kondusif dibanding kota lain","1962541322151375321","","Firman_Huda29","in","","0","0","0","https://x.com/undefined/status/1962541322151375321","1383797599979806722",
"1962538617026613394","Mon Sep 01 15:30:43 +0000 2025","0","17 + 8 Tuntutan Dari Rakyat Indonesia Buktikan kepada kami semua Bahwa Suara Rakyat Masih Didengar . @JeromePolin @AndovidaLopez @Salsaer https://t.co/52nx8OlDD7","1962538617026613394","https://pbs.twimg.com/media/GzxWdaybYAAk92W.jpg","","in","","0","0","0","https://x.com/undefined/status/1962538617026613394","562731673",
"1962535817706090699","Mon Sep 01 15:19:35 +0000 2025","84"," 17+8 Tuntutan Rakyat ini fontnya apa ya guys?","1962535817706090699","","","in","","0","2","7","https://x.com/undefined/status/1962535817706090699","1329295844869214208",
"1962534961506087268","Mon Sep 01 15:16:11 +0000 2025","2","masi ada aja ye rakyat vs rakyat anjir gw kira movement 17 + 8 tuntutan sgt amat baik dan emg dapet feedback positif sekali dr masyarakat TP ADA AJA YG PROTES ?? ktnya kurang melibatkan elemen masyarakat lain tp tetep setuju sm subtansinya kek whats the point girl","1962534961506087268","","","in","","0","1","0","https://x.com/undefined/status/1962534961506087268","1475355430436040707",
"1962534706295284027","Mon Sep 01 15:15:11 +0000 2025","0","Ini bukan lagi tentang agama suku ras kasta dan lainnya. Negara ini milik kita. Kita balik lagi ke tujuan kita yang sebenarnya. Memberi tuntutan 17+8 kepada oknum oknum yang mengakunya wakil rakyat dan pemimpin negara . Jangan mau terprovokasi. Warga saling jaga warga.","1962534708497289368","","kookiekaa91","in","","0","1","0","https://x.com/undefined/status/1962534708497289368","1521622731707777024",
"1962534667317620907","Mon Sep 01 15:15:01 +0000 2025","0","Bukan saatnya ina inu sih. Kata gue mah pas liat tuntutan 17+8 dr mereka udah cukup mewakilkan gw sebagai rakyat juga. Kalau yg jangka panjang emg mau didiskusikan lanjut jg gpp tp pls lah gausa membentur2kan gt. Udh bagus ada rakyat intelek berprevilege mau turun tgn lgsg","1962534667317620907","","","in","","0","1","0","https://x.com/undefined/status/1962534667317620907","1164442274677215233",
"1962533839278162148","Mon Sep 01 15:11:44 +0000 2025","1"," 17+8 Tuntutan Rakyat. 🇮🇩 #ResetIndonesia https://t.co/A19fSc1VVR","1962533839278162148","https://pbs.twimg.com/media/GzxSHv6awAALLsv.jpg","","in","","0","1","0","https://x.com/undefined/status/1962533839278162148","1235383784956022784",
"1962533728334614863","Mon Sep 01 15:11:17 +0000 2025","0","GAUSAH BANYAK BACOT!!! LAKSANAKAN ITU 17+8 TUNTUTAN RAKYAT!!!","1962533728334614863","","","in","","0","0","0","https://x.com/undefined/status/1962533728334614863","2555905256",
"1962533668444053880","Mon Sep 01 15:11:03 +0000 2025","0","tetap jangan lupa 17+8 tuntutan rakyat ya bes https://t.co/2fk9sbEYNQ","1962533668444053880","https://pbs.twimg.com/media/GzxR9iZbwAAmcSR.jpg","","in","","0","0","0","https://x.com/undefined/status/1962533668444053880","1820190129828560896",
"1962529157545607312","Mon Sep 01 14:53:08 +0000 2025","0","lagian obrolan 3-4 jam menghasilkan 17+8 tuntutan yang seharusnya jadi bare minimum untuk dimiliki negara demokratis dengan rentan target waktu pelaksanaan 5 hari-1 tahun kedepan udah cukup walaupun belum tau bakalan di lakuin apa engga. gimana mau nuntut gak rakyat kecil duhh.","1962529160288674156","","wondreend","in","","0","0","0","https://x.com/undefined/status/1962529160288674156","1366773853016387588",
"1962528852225470889","Mon Sep 01 14:51:55 +0000 2025","1","uu perampasan aset wajib disahkan di 17+8 tuntutan rakyat kali ini. presiden bisa aja ngeluarin perpu tentang perampasan aset tp tetep aja ujung2 nya harus ada persetujuan dpr klo mau disetujui dan ditetapkan sebagai undang undang. makanya momen ini kesempatan banget cokk","1962528852225470889","","","in","","0","1","0","https://x.com/undefined/status/1962528852225470889","1333296946673377282",
"1962528558989066344","Mon Sep 01 14:50:45 +0000 2025","0","17+8 Tuntutan Rakyat Viral di Media Sosial: Dari Kasus Affan Kurniawan hingga Desakan Reformasi DPR https://t.co/tasyLNrgSk","1962528558989066344","","","in","","0","0","0","https://x.com/undefined/status/1962528558989066344","541613750",
"1962528538160238660","Mon Sep 01 14:50:40 +0000 2025","0","Gw setuju 17+8 tuntutan rakyat ","1962528538160238660","","","in","","0","0","0","https://x.com/undefined/status/1962528538160238660","1594274770568482816",
"1962527185627164999","Mon Sep 01 14:45:17 +0000 2025","1","17+8 Tuntutan Rakyat #ResetIndonesia https://t.co/5NhxoMeEwR","1962527185627164999","https://pbs.twimg.com/media/GzxMET_aAAALHyQ.jpg","","in","","0","0","0","https://x.com/undefined/status/1962527185627164999","1685095618283520000",
"1962526071045357743","Mon Sep 01 14:40:51 +0000 2025","0","udah di list loh padahal 17+8 tuntutan rakyat masih kurang jelas ya pak? atau susah dipahami? atau emg belum dilihat dan dibaca ya pak? gimana mau bersama rakyat pak klo tuntutan rakyat gak di respon dan malah naruh bensin di api yg berkobar. menyala indonesia ku","1962526071045357743","","","in","","0","0","0","https://x.com/undefined/status/1962526071045357743","749342491",
"1962526020114026732","Mon Sep 01 14:40:39 +0000 2025","2","17+8 Tuntutan Rakyat Yuk bisa yuk kotak ceklisnya di ceklis semua :) #ResetIndonesia https://t.co/ZBKKgUoL0N","1962526020114026732","https://pbs.twimg.com/media/GzxLAsBbgAAT_Zt.jpg","","in","","0","0","1","https://x.com/undefined/status/1962526020114026732","1650790020356395008",
"1962525901205422491","Mon Sep 01 14:40:11 +0000 2025","0","Terhitung tgl 1 sept belom ada yg dapet ceklis tuh dari 17 + 8 tuntutan rakyat gimana deh malah sibuk naikin pangkat dan sekolahinn si ono hadehhh ","1962525901205422491","","","in","","0","0","0","https://x.com/undefined/status/1962525901205422491","1650790020356395008",
"1962377503844274592","Mon Sep 01 14:37:58 +0000 2025","0","@Adriandhy @barengwarga @prabowo @gibran_tweet @DPR_RI @DivHumas_Polri Apa makna dari warna pink dan hijau 17+8 tuntutan rakyat @grok ?","1962525345409884371","","Adriandhy","in","","0","2","0","https://x.com/undefined/status/1962525345409884371","1187946002965127168",
"1962520929688580193","Mon Sep 01 14:20:26 +0000 2025","285","Pink pada kerudung Bu Ana Ibu-ibu yang berdiri menghadang aparat saat demo Hijau pada helm pecah milih Affan Kurniawan Seorang ojol yang dilindas oleh aparat saat demo 17+8 Tuntutan Rakyat untuk #IndonesiaBerbenah https://t.co/cIzxf1wpUP","1962520929688580193","https://pbs.twimg.com/media/GzxGYKsbIAAqyOj.jpg","","in","","2","5","66","https://x.com/undefined/status/1962520929688580193","1683117144664584193",
"1962520742429704498","Mon Sep 01 14:19:41 +0000 2025","0"," Demokrasi hanya hidup jika rakyatnya bersuara. Hari ini kita menuntut Transparansi. Reformasi. Empati. Bukan janji tapi aksi nyata! 17+8 Tuntutan Rakyat adalah suara kita bersama. #TuntutanRakyat #Reformasi #Demokrasi https://t.co/LKOkx7k7uM","1962520742429704498","https://pbs.twimg.com/media/GzxGNgdbMAAOgnQ.jpg","","in","","0","1","0","https://x.com/undefined/status/1962520742429704498","1135900983127445504",
"1962520300937171005","Mon Sep 01 14:17:56 +0000 2025","3","kata gw pemerintah kerjain 17+8 tuntutan rakyat dari yg dl nya terdekat biar warga bisa sedikit tenang PLS selamatkan perekonomian anak rantau ini https://t.co/41MMDFSDHf","1962520300937171005","https://pbs.twimg.com/media/GzxFzu0aYAA5RMp.jpg","","in","","0","0","0","https://x.com/undefined/status/1962520300937171005","1672206752908201985",
"1962518769018008049","Mon Sep 01 14:11:51 +0000 2025","27","Rumuskan 17+8 Tuntutan Rakyat 7 Tokoh Publik Ini Banjir Pujian dari Netizen https://t.co/s0YKWV9cK3","1962518769018008049","","","in","","0","1","22","https://x.com/undefined/status/1962518769018008049","887743587579944960",
"1962518382508670980","Mon Sep 01 14:10:18 +0000 2025","636","Sejumlah influencer kompak posting unggahan bertajuk 17+8 Tuntutan Rakyat Transparansi. Reformasi. Empati di akun media sosial. Salah satu influencer yang merumuskan tuntutan itu Andovi da Lopez membawanya ke Gedung DPR RI Jakarta Senin (1/9/2025). #demo #demoDPR #liputan https://t.co/aWyMGeEcb2","1962518382508670980","https://pbs.twimg.com/amplify_video_thumb/1962517931356790784/img/0wgNJU9cXGVm4_pG.jpg","","in","","17","21","196","https://x.com/undefined/status/1962518382508670980","23343960",
"1962517899396149393","Mon Sep 01 14:08:23 +0000 2025","3838","Influencer Andovi da Lopez bicara tentang salah satu dari 17+8 Tuntutan Rakyat yang dibawakannya yakni pemecatan kader partai yang picu kemarahan publik. Seperti diketahui saat ini sejumlah partai hanya menonaktifkan kadernya yang dianggap membuat publik marah karena statemen https://t.co/ll9szgrAuO","1962517899396149393","https://pbs.twimg.com/amplify_video_thumb/1962517750435422210/img/-WbncQyKUyqGcBd0.jpg","","in","","8","6","1010","https://x.com/undefined/status/1962517899396149393","23343960",
"1962515363494756498","Mon Sep 01 14:04:31 +0000 2025","0","Jadi kalau digabung: 17 tuntutan rakyat = fokus di kebutuhan sehari-hari &amp; keadilan ekonomi 8 butir mahasiswa = fokus di struktur kekuasaan &amp; demokrasi","1962516924673519768","","jejaksibayu","in","","0","2","0","https://x.com/undefined/status/1962516924673519768","1870245627000762368",
"1962515363494756498","Mon Sep 01 13:58:57 +0000 2025","1","Lagi rame demo rakyat + mahasiswa yang bawa 17 tuntutan + 8 butir konsolidasi. Banyak yang tanya sebenernya isinya apa aja &amp; implikasinya ke kita? Gue coba rangkum dengan bahasa santai biar gampang paham","1962515523893350710","","jejaksibayu","in","","0","1","0","https://x.com/undefined/status/1962515523893350710","1870245627000762368",
"1962515363494756498","Mon Sep 01 13:58:19 +0000 2025","3","THREAD: 17 Tuntutan Rakyat &amp; 8 Butir Konsolidasi Mahasiswa. Apa Maksud &amp; Implikasinya? *Opini Pribadi https://t.co/L2grP7bmpS","1962515363494756498","https://pbs.twimg.com/media/GzxBEAjbwAAEQQj.jpg","","in","","0","1","0","https://x.com/undefined/status/1962515363494756498","1870245627000762368",
"1962515237820846270","Mon Sep 01 13:57:49 +0000 2025","9","Gimana cara ngasih tau ke orang-orang bahwa 17+8 tuntutan rakyat itu bukan hasil diskusi Jerome dkk doang? Itu hasil dari tuntutan rakyat pas demo dan Jerome dkk cuma merangkum doang supaya kedepannya jelas gitu apa goals dari demo kita","1962515237820846270","","","in","","0","0","0","https://x.com/undefined/status/1962515237820846270","1692955905992912896",
"1962511314594791832","Mon Sep 01 13:47:34 +0000 2025","0","tuntutan 17+8 pak yang diminta rakyat bahkan dikasih deadline sampe tgl 5!!!! bukan hal ini yang rakyat mau kocak","1962512658290389181","","tehyupi","in","","0","0","0","https://x.com/undefined/status/1962512658290389181","1483787146649817094",
"1962512168328593741","Mon Sep 01 13:45:37 +0000 2025","0","Tuntutan Rakyat 17+8 Menggema di Dunia Maya Apa Saja Isinya? https://t.co/uURMrkSBye lewat @nawacit4","1962512168328593741","","","in","","0","0","0","https://x.com/undefined/status/1962512168328593741","1667231432",
"1962512123755708676","Mon Sep 01 13:45:26 +0000 2025","0","Tuntutan Rakyat 17+8 Menggema di Dunia Maya Apa Saja Isinya? https://t.co/FNel2D1Kin lewat @nawacit4","1962512123755708676","","","in","","0","0","0","https://x.com/undefined/status/1962512123755708676","3158354773",
"1962510307731112187","Mon Sep 01 13:38:13 +0000 2025","0","YouTuber Andovi-Jovial Demo di DPR Sampaikan 17+8 Tuntutan Rakyat Apa Saja? #newsupdate #update #news #text https://t.co/XbxLhSWv2r","1962510307731112187","","","in","","0","0","0","https://x.com/undefined/status/1962510307731112187","1323800017530875904",
"1962508887980143090","Mon Sep 01 13:32:35 +0000 2025","0","Ini adalah tuntutan dari kami semua rakyat Indonesia. Sudah di rangkum dan didetailkan 17 tuntutan jangka pendek dan 8 tuntutan jangka panjang lengkap dengan deadline. Kami menunggu buktikan suara rakyat di dengar. @barengwarga @humaniesproject @IndoPopBase https://t.co/t7byMTOV1X","1962508887980143090","https://pbs.twimg.com/media/Gzw7biGbgAA4TM7.jpg","","in","","0","1","0","https://x.com/undefined/status/1962508887980143090","1763998472460742657",
"1962504622180057357","Mon Sep 01 13:15:38 +0000 2025","0","17+8 Tuntutan Rakyat dalam seminggu dan setahun (dengan deadline). #ResetIndonesia https://t.co/tYHWZhiKai","1962504622180057357","https://pbs.twimg.com/media/Gzw3inoaQAAcE_i.jpg","","in","","0","1","0","https://x.com/undefined/status/1962504622180057357","1311475310928359425",
"1962503269349265839","Mon Sep 01 13:10:15 +0000 2025","0","rakyat yg mana cuy. btw tuntutan masyarakat didengerin pak udah viral itu yg 17+8. ayolah katanya mendengarkan rakyat.-.","1962503269349265839","","","in","","0","0","0","https://x.com/undefined/status/1962503269349265839","1111147944881733632",
"1962501327805984944","Mon Sep 01 13:02:32 +0000 2025","0","karepe rakyat: 17+8 tuntutan karepe dewe:","1962501327805984944","","","in","","0","0","0","https://x.com/undefined/status/1962501327805984944","1302879723387674625",
"1962501305752330733","Mon Sep 01 13:02:28 +0000 2025","102","17+8 tuntutan rakyat bisa dilihat di postingan @bijakmemantau atau disinii #RESETINDONESIA","1962501310688923909","","Dwynna_Win","in","","0","0","22","https://x.com/undefined/status/1962501310688923909","614218980",
"1962500079459389626","Mon Sep 01 12:57:35 +0000 2025","0","17+8 Tuntutan Rakyat #ResetIndonesia https://t.co/VrQo8m0I4g","1962500079459389626","https://pbs.twimg.com/media/GzwzatubEAEp94j.jpg","","in","","0","1","1","https://x.com/undefined/status/1962500079459389626","973130165105475584",
"1962500043065442502","Mon Sep 01 12:57:26 +0000 2025","0","17+8 TUNTUTAN RAKYAT https://t.co/QfS77nKIhP","1962500043065442502","https://pbs.twimg.com/media/GzwzYs5aMAAAKVq.jpg","","in","","0","0","0","https://x.com/undefined/status/1962500043065442502","1367650130912890883",
"1962494687899734222","Mon Sep 01 12:51:29 +0000 2025","0","@prabowo Mohon dibaca 17+8 tuntutan rakyat Pak @prabowo Itu jika benar bahwa Bapak adalah Presiden kami bukan sekedar pelengkap ketatanegaraan. Jangan hanya mendengar berita ABS. Ini buka jaman Orba lagi.","1962498544918802667","","prabowo","in","","0","0","0","https://x.com/undefined/status/1962498544918802667","1615675333470212098",
"1962498489533047259","Mon Sep 01 12:51:16 +0000 2025","0","17+8 Tuntutan Rakyat kado HUT RI ke - 80 tahun 🇮🇩","1962498489533047259","","","in","","0","0","0","https://x.com/undefined/status/1962498489533047259","1458617708",
"1962494425310826709","Mon Sep 01 12:48:57 +0000 2025","1","@sbyfess Menunggu respon 17+8 dari @prabowo dan jajarannya tapi ngga tau juga gimana korlap daerah masing² nanti. Semoga dijawab sama mereka dan tuntutan rakyat di acc. Pantau aja terus","1962497907552292972","","sbyfess","in","","0","0","0","https://x.com/undefined/status/1962497907552292972","1825595707589537795",
"1962497840783196540","Mon Sep 01 12:48:41 +0000 2025","0","Zaman Soekarno: Tritura; tiga tuntutan rakyat. Zaman reformasi: 6 agenda reformasi. Zaman kiwari: 17+8. Banyak banget yak ","1962497840783196540","","","in","","0","0","0","https://x.com/undefined/status/1962497840783196540","1135404378",
"1962476095661588969","Mon Sep 01 12:47:14 +0000 2025","14","@txtdrimedia Yang minta bapak mundur siapa? @prabowo kami cuma minta 17+8 tuntutan kami dilaksanakan. Stop berdelusi kami ingin mengulingkan pemerintahan kami cuma ingin didengar dan pemerintah agak sedikit berotak untuk melaksanakan tuntutan kami sebagai rakyat dan pemilik demokrasi.","1962497477099286940","","txtdrimedia","in","","0","4","0","https://x.com/undefined/status/1962497477099286940","287128368",
"1962496774872141881","Mon Sep 01 12:44:27 +0000 2025","1","Aku ijin share 17+8 Tuntutan rakyat https://t.co/4Ie32CdyrP","1962496774872141881","https://pbs.twimg.com/media/GzwwZnNaIAAhTrz.jpg","","in","","0","0","0","https://x.com/undefined/status/1962496774872141881","355223364",
"1962493140335768026","Mon Sep 01 12:30:00 +0000 2025","2","Peristiwa itu memicu amarah publik dan kian mempertanyakan sikap aparat dalam mengawal demonstrasi. Pascademonstrasi berdarah tersebut lahirlah seruan 17+8 Tuntutan Rakyat yang kini ramai digaungkan di media sosi https://t.co/do5hYWo1DF","1962493140335768026","","","in","","0","0","0","https://x.com/undefined/status/1962493140335768026","68930552",
"1962492754124218405","Mon Sep 01 12:28:28 +0000 2025","0","ngeramein 17+8 yg gampang dipahami tuntutan dan maklumat rakyat yang udah dari kita untuk kita pun enggak l masa enggak ada rasa terganggunya gitu? herman dah. berkeliaran di online bisa ikut aware soal negara sendiri kayak enggak ada sama sekali. https://t.co/pHyX6OOK17","1962492754124218405","https://pbs.twimg.com/media/Gzwswc6agAE59wB.jpg","","in","","0","1","1","https://x.com/undefined/status/1962492754124218405","821321159450894336",
"1962492226120085528","Mon Sep 01 12:26:22 +0000 2025","0","Kata gue mah 17+8 tuntutan rakyat dipersingkat aja jadi: seret paksa prabowo ke panti jompo. Pak udah pak.","1962492226120085528","","","in","","0","0","0","https://x.com/undefined/status/1962492226120085528","716843248526831616",
"1962490521269743873","Mon Sep 01 12:19:36 +0000 2025","0","wes gak usah fafifu wasweswos demi tuhan demi unger garek PENUHI AE KUWI 17 + 8 TUNTUTAN RAKYAT ANGEL MEN","1962490521269743873","","","in","","0","2","1","https://x.com/undefined/status/1962490521269743873","1946166506",
"1962482897056870907","Mon Sep 01 12:18:23 +0000 2025","0","@BinnieBangBang @Abubakrnasution Ya tuntutan 17+8 bisa realistis dengan momentum rakyat dan negosiasi cerdas. Tapi dari sejarah Indonesia pasca-1998 tekanan berlebih berisiko backlash. Lihat rezim seperti Rusia yang stabil via represi fokus dialog untuk hasil optimal.","1962490218155844064","","BinnieBangBang","in","","0","0","0","https://x.com/undefined/status/1962490218155844064","1720665183188922368",
"1962489168178954473","Mon Sep 01 12:14:13 +0000 2025","6","Andovi dan Jovial Da Lopez Ikut Demo Bawa 17+8 Tuntutan Rakyat: Reformasi DPR Besar-besaran https://t.co/MROc184OQt","1962489168178954473","","","in","","0","0","3","https://x.com/undefined/status/1962489168178954473","41730943",
"1962488292504723904","Mon Sep 01 12:10:44 +0000 2025","1","mau berapa bnyk lagi korban yg berjatuhan akibat kekerasan aparat? bahkan sampai saat ini DPR blm ada kabar akan menyetujui 17+8 tuntutan yg rakyat minta","1962488292504723904","","","in","","0","1","0","https://x.com/undefined/status/1962488292504723904","1720307941214167040",
"1962487930070724786","Mon Sep 01 12:09:18 +0000 2025","20","17+8 17 tuntutan rakyat dalam 1 minggu 8 tuntutan rakyat dalam 1 tahun https://t.co/3qkCdcS7AB","1962487930070724786","https://pbs.twimg.com/media/GzwndpxbAAArikX.jpg","","in","","1","1","9","https://x.com/undefined/status/1962487930070724786","3797534720",
"1962487388611264867","Mon Sep 01 12:07:09 +0000 2025","0","PoV Times - ELITE POLITIK SEGERA PENUHI 17 + 8 TUNTUTAN RAKYAT https://t.co/mTp4xH4czG","1962487388611264867","","","in","","0","0","0","https://x.com/undefined/status/1962487388611264867","213626100",
"1962485667453370706","Mon Sep 01 12:00:18 +0000 2025","34","Terima kasih selalu mau bersuara. Terima kasih buat yang udah menyimpulkan 17+8 tuntutan rakyat. Terima kasih yang masih mau turun aksi dengan damai. Saling jaga ya. https://t.co/8rFLkczfFc","1962485667453370706","https://pbs.twimg.com/media/GzwmTvTbUAATuBW.jpg","","in","","0","0","0","https://x.com/undefined/status/1962485667453370706","1360036181530955780",
"1962484824536682551","Mon Sep 01 11:56:58 +0000 2025","4","Bantu naikkan guys!!! 17+8 Tuntutan Rakyat Indonesia kepada @DPR_RI Dan bapak Presiden @prabowo Transparansi.Reformasi.Empati #tuntutanrakyat #DPRRI https://t.co/Yw6Ktotx7E","1962484824536682551","https://pbs.twimg.com/media/GzwliBoacAA5xUD.jpg","","in","","0","0","1","https://x.com/undefined/status/1962484824536682551","1483783154066288641",
"1962373825422831705","Mon Sep 01 11:49:58 +0000 2025","1","@Abubakrnasution @arieagung @muuarif_ @admiralkizaruuu @christasyd Mendorong seluruh 17+8 tuntutan rakyat (seperti reformasi DPR pajak adil anti-korupsi) ambisius tapi realistis jika didukung tekanan berkelanjutan pemerintah sudah beri konsesi seperti potong tunjangan anggota DPR pasca-demo Agustus 2025 (sumber: BBC CNN). Namun tekanan","1962483065051283881","","Abubakrnasution","in","","0","0","0","https://x.com/undefined/status/1962483065051283881","1720665183188922368",
"1962482357853889020","Mon Sep 01 11:47:09 +0000 2025","51","Viral '17+8 Tuntutan Rakyat' Beri Ultimatum ke Prabowo-DPR Isinya Bikin Panas Dingin https://t.co/aZxj2wAJUQ","1962482357853889020","","","in","","0","1","31","https://x.com/undefined/status/1962482357853889020","887743587579944960",
"1962480134054916265","Mon Sep 01 11:38:19 +0000 2025","1","real anjing minimal post 17+8 tuntutan rakyat","1962480134054916265","","","in","","0","1","0","https://x.com/undefined/status/1962480134054916265","1307327484556242945",
"1962479988143513836","Mon Sep 01 11:37:44 +0000 2025","1","Isi 17+8 Tuntutan Rakyat yang Dinisiasi Jerome Polin Salsa Erwina dan Cheryl Marella di IG Story Apa Saja? https://t.co/DzRx6UkKnj","1962479988143513836","","","in","","0","0","0","https://x.com/undefined/status/1962479988143513836","132078023",
"1962373825422831705","Mon Sep 01 11:35:42 +0000 2025","0","@muuarif_ @admiralkizaruuu @christasyd Ya itu berbuah 17+8 Tuntutan Rakyat... siap untuk disebarluaskan Bawa-bawa nama rakyat. Apa namanya kl bukan sok2an mewakili rakyat.","1962479474517414241","","muuarif_","in","","0","1","0","https://x.com/undefined/status/1962479474517414241","1069029215155048448",
"1962478253920411842","Mon Sep 01 11:30:51 +0000 2025","1","Influencer Andovi Demo di Depan DPR Sampaikan 17+8 Tuntutan Rakyat https://t.co/kQEgCXqbbU","1962478253920411842","","","in","","0","0","0","https://x.com/undefined/status/1962478253920411842","847372542830444544",
"1962478041915093235","Mon Sep 01 11:30:00 +0000 2025","36","VIRAL 17+8 Tuntutan Rakyat ke Pemerintah dan DPR Begini Isi Lengkapnya! https://t.co/l734HwhJtM","1962478041915093235","","","in","","1","3","23","https://x.com/undefined/status/1962478041915093235","1243804423001763841",
"1962475765632811254","Mon Sep 01 11:23:39 +0000 2025","1","@Abubakrnasution @booksbuddies Memaksakan seluruh 17+8 tuntutan rakyat (reformasi DPR partai pajak dll. deadline 5 Sep 2025 &amp; 31 Agt 2026) bisa realistis jika didukung konsensus luas &amp; negosiasi seperti reformasi pasca-1998. Namun tekanan berlebih berisiko eskalasi konflik meski darurat militer ala 1965","1962476442513727746","","Abubakrnasution","in","","0","0","0","https://x.com/undefined/status/1962476442513727746","1720665183188922368",
"1962475817512091987","Mon Sep 01 11:21:10 +0000 2025","0","Makna Warna Pink dan Hijau Daftar 17+8 Tuntutan Rakyat https://t.co/KVSi0DOS6c","1962475817512091987","","","in","","0","1","0","https://x.com/undefined/status/1962475817512091987","1616334886759174144",
"1962475435041984696","Mon Sep 01 11:19:39 +0000 2025","9","Viral di Medsos 17+8 Tuntutan Rakyat Begini Isi Lengkapnya https://t.co/sLJmXtikfv","1962475435041984696","","","in","","1","0","11","https://x.com/undefined/status/1962475435041984696","41730943",
"1962472157705027994","Mon Sep 01 11:17:10 +0000 2025","1","Di tengah represi dan kebebasan sipil yang makin terkunci berbagai elemen masyarakat bersatu. Figur publik seperti Jerome Abigail Salsa Andovi Fathia dan Utami merumuskan 17+8 Tuntutan Rakyat: suara kolektif untuk perubahan. https://t.co/dEnAR11ZcC","1962474811701207216","","kawanWH","in","","0","2","0","https://x.com/undefined/status/1962474811701207216","354943521",
"1962474745515192436","Mon Sep 01 11:16:55 +0000 2025","2","17+8 Tuntutan Rakyat dan Aktor Kunci Penebaran #demo #Tuntutanrakyat #Rakyat #tuntutan https://t.co/47YkK9qgOi","1962474745515192436","https://pbs.twimg.com/media/GzwcYLJbQAAx3w3.jpg","","in","","0","1","1","https://x.com/undefined/status/1962474745515192436","1431093872835235843",
"1962373825422831705","Mon Sep 01 11:14:36 +0000 2025","0","@alexwiguna141 @christasyd Tuntutan Rakyat Merdeka (17+8)","1962474163744240090","","alexwiguna141","in","","0","0","0","https://x.com/undefined/status/1962474163744240090","494095134",
"1962474163366777128","Mon Sep 01 11:14:36 +0000 2025","0","presiden tercinta menjawab tuntutan Rakyat 17+8+1 #polisipembunuh #ACAB1312 https://t.co/Sw69gE1n3R","1962474163366777128","https://pbs.twimg.com/media/Gzwb2LgbsAAiH1V.jpg","","in","","0","0","0","https://x.com/undefined/status/1962474163366777128","903992390276399104",
"1962416166879867210","Mon Sep 01 11:14:24 +0000 2025","0","@phumiaovv @plutoniangoat Ok jadi gini: 17+8 Tuntutan Rakyat itu daftar permintaan rakyat ke pemerintah Indo. Dibikin cepet via WA call sama influencer kayak Jerome Salsa dll. 17 tuntutan jangka pendek (harus kelar 5 Sept) kayak selidiki kekerasan polisi di demo 28-30 Agustus bebaskan tahanan demo ","1962474112594682231","","phumiaovv","in","","0","1","0","https://x.com/undefined/status/1962474112594682231","1720665183188922368",
"1962361386916577303","Mon Sep 01 11:11:18 +0000 2025","20","@IndoPopBase Isi 17+8 Tuntutan Rakyat yang Dinisiasi Jerome Polin Salsa Erwina dan Cheryl Marella di IG Story Apa Saja? https://t.co/DzRx6UkKnj","1962473333376815407","","IndoPopBase","in","","0","2","2","https://x.com/undefined/status/1962473333376815407","132078023",
"1962473021907865937","Mon Sep 01 11:10:04 +0000 2025","120","Viral di media sosial rangkuman tuntutan rakyat bagi pemerintah dan DPR. Terdapat 17 tuntutan jangka pendek dan 8 tuntutan jangka panjang. 17+8 tuntutan itu dirilis oleh @malakaproject.id di Instagram 17 tuntutan jangka pendek memiliki batas waktu atau deadline 5 September https://t.co/BgObwGPonu","1962473021907865937","https://pbs.twimg.com/media/Gzway6cagAAMkCG.jpg","","in","","7","15","64","https://x.com/undefined/status/1962473021907865937","132078023",
"1962471128636719565","Mon Sep 01 11:02:32 +0000 2025","5","terharuuuu rakyat indonesia begini baik masih di dzolimi pemerenta... semoga tuntutan 17+8 beneran didengar perjuangan para demonstran gaboleh sia-sia https://t.co/9fOtEQbCWn","1962471128636719565","https://pbs.twimg.com/amplify_video_thumb/1962471059074240512/img/09fk524fNkidPiqg.jpg","","in","","0","0","1","https://x.com/undefined/status/1962471128636719565","88112944",
"1962460461074448797","Mon Sep 01 10:58:54 +0000 2025","0","@tanyarlfes keknya naikin pangkat GAK ADA di 17+8 tuntutan rakyat","1962470214253302071","","tanyarlfes","in","","0","0","0","https://x.com/undefined/status/1962470214253302071","1561682227091877888",
"1962466326477418824","Mon Sep 01 10:43:27 +0000 2025","0","Tuntutan Rakyat 17+8 Viral di Media Sosial Begini Isinya https://t.co/wszZ1K8EIN","1962466326477418824","","","in","","0","1","0","https://x.com/undefined/status/1962466326477418824","1723348946544922624",
"1962466262824747255","Mon Sep 01 10:43:12 +0000 2025","2","Andovi da Lopez mengikuti demo di depan Gedung DPR RI Jakarta Senin (1/9). Ia membawa kertas bertuliskan 17+8 Tuntutan Rakyat. Transformasi Reformasi dan Empati. Andovi juga menyampaikan agar masyarakat berhati-hati terhadap hasutan-hasutan yang memancing konflik horizontal. https://t.co/z13nBKlLBD","1962466262824747255","https://pbs.twimg.com/amplify_video_thumb/1962462298116923392/img/fTGfnanZi2G6onyp.jpg","","in","","0","0","0","https://x.com/undefined/status/1962466262824747255","2393930923",
"1962465426644037881","Mon Sep 01 10:42:25 +0000 2025","0","@Abubakrnasution @Megatop99 Memaksakan seluruh 17+8 tuntutan rakyat (reformasi DPR pajak antikorupsi dll.) sulit realistis sepenuhnya karena melibatkan perubahan sistemik besar yang butuh konsensus politik dan waktu. Pemerintah bisa beri konsesi parsial jika tekanan berkelanjutan tapi sejarah protes di","1962466064127947048","","Abubakrnasution","in","","0","0","0","https://x.com/undefined/status/1962466064127947048","1720665183188922368",
"1962442336195240259","Mon Sep 01 10:38:26 +0000 2025","0","@dchellebore pasti 17+8 Tuntutan Rakyat bakal jadi sub bab sendiri","1962465063740326042","","dchellebore","in","","0","0","0","https://x.com/undefined/status/1962465063740326042","1816436900447838208",
"1962458504285065702","Mon Sep 01 10:12:22 +0000 2025","5","Dengerin berita di TV isinya kerusakan fasum akibat dirusak oleh massa.. Awokwokwokwok Belom nemu berita yg ngomongin 17+8 tuntutan rakyat wkwkwk","1962458504285065702","","","in","","0","0","0","https://x.com/undefined/status/1962458504285065702","1605863652258590720",
"1962457444749345276","Mon Sep 01 10:08:10 +0000 2025","1","17+8 Tuntutan Rakyat #ResetIndonesia https://t.co/OzmsgRcyF4","1962457444749345276","https://pbs.twimg.com/media/GzwMo6na0AAXqy1.jpg","","in","","0","0","2","https://x.com/undefined/status/1962457444749345276","79651680",
"1962430303865340047","Mon Sep 01 10:07:45 +0000 2025","0","TBH gak ada yang bilang 17+8 itu mewakili semua tuntutan rakyat sih Kalau pemerintah cuma mau denger suara influencer dari rangkuman itu ya emang kebiasaan aja pemerintah RI dengan viral based policynya Personally I would want for us to gandeng semua yang bisa digandeng aja sih","1962457339644273046","","dyzav","in","","1","1","0","https://x.com/undefined/status/1962457339644273046","31116429",
"1962456160407310812","Mon Sep 01 10:03:03 +0000 2025","0","#August2025IndonesianProtests #TuntutanTujuhBelasAgustus 17+8 TUNTUTAN RAKYAT &gt; Secara garis besar terbagi 2 #TuntutanKepadaEksekutif &amp; #TuntutanKepadaLegislatif. https://t.co/CfbEZBPhQy","1962456160407310812","","","in","","0","0","0","https://x.com/undefined/status/1962456160407310812","1574864432",
"1962454389819613593","Mon Sep 01 09:58:41 +0000 2025","0","17+8 Tuntutan Rakyat Indonesia #ResetIndonesia #Indonesia #DPR https://t.co/c1vyFQxQs1","1962455058836337125","https://pbs.twimg.com/media/GzwKeGpaMAAJj8S.jpg","ourhope_crypto","in","","0","0","1","https://x.com/undefined/status/1962455058836337125","1791285095476969473",
"1962454389819613593","Mon Sep 01 09:58:29 +0000 2025","0","17+8 Tuntutan Rakyat Indonesia #ResetIndonesia #Indonesia #DPR https://t.co/kYHAj8P08f","1962455009133781489","https://pbs.twimg.com/media/GzwKbUoaIAAhMGI.jpg","ourhope_crypto","in","","0","0","1","https://x.com/undefined/status/1962455009133781489","1791285095476969473",
"1962454389819613593","Mon Sep 01 09:58:15 +0000 2025","0","17+8 Tuntutan Rakyat Indonesia #ResetIndonesia #Indonesia #DPR https://t.co/Bl1FW5fzBw","1962454951319486568","https://pbs.twimg.com/media/GzwKYOXakAA3M71.jpg","ourhope_crypto","in","","0","0","1","https://x.com/undefined/status/1962454951319486568","1791285095476969473",
"1962454389819613593","Mon Sep 01 09:58:04 +0000 2025","0","17+8 Tuntutan Rakyat Indonesia #ResetIndonesia #Indonesia #DPR https://t.co/BZNlpQtQc1","1962454904263618720","https://pbs.twimg.com/media/GzwKVI8bYAArB4_.jpg","ourhope_crypto","in","","0","0","0","https://x.com/undefined/status/1962454904263618720","1791285095476969473",
"1962454389819613593","Mon Sep 01 09:57:47 +0000 2025","0","17+8 Tuntutan Rakyat Indonesia #ResetIndonesia #Indonesia #DPR https://t.co/DCjjklVpUp","1962454834587824514","https://pbs.twimg.com/media/GzwKRAoaoAAeBx0.jpg","ourhope_crypto","in","","0","0","0","https://x.com/undefined/status/1962454834587824514","1791285095476969473",
"1962454389819613593","Mon Sep 01 09:57:22 +0000 2025","0","17+8 Tuntutan Rakyat Indonesia #ResetIndonesia #Indonesia #DPR https://t.co/x7LqPKtsCc","1962454726815129823","https://pbs.twimg.com/media/GzwKK5BasAAEaTO.jpg","ourhope_crypto","in","","0","5","0","https://x.com/undefined/status/1962454726815129823","1791285095476969473",
"1962454389819613593","Mon Sep 01 09:56:46 +0000 2025","0","17+8 Tuntutan Rakyat Indonesia #ResetIndonesia #Indonesia #DPR https://t.co/nk4OLPzmlf","1962454579154653591","https://pbs.twimg.com/media/GzwKCC7aUAAZuUX.jpg","ourhope_crypto","in","","0","0","0","https://x.com/undefined/status/1962454579154653591","1791285095476969473",
"1962454389819613593","Mon Sep 01 09:56:01 +0000 2025","2","17+8 Tuntutan Rakyat Indonesia Thread ⏳ #ResetIndonesia #Indonesia #DPR https://t.co/jv5O3mdbZ9","1962454389819613593","https://pbs.twimg.com/media/GzwJ3TCbMAEdkMu.jpg","","in","","0","2","1","https://x.com/undefined/status/1962454389819613593","1791285095476969473",
"1962453467597058472","Mon Sep 01 09:52:21 +0000 2025","0","17+8 TUNTUTAN RAKYAT https://t.co/DUwwVveVxf","1962453467597058472","","","in","","0","0","0","https://x.com/undefined/status/1962453467597058472","176110549",
"1962451725752877201","Mon Sep 01 09:45:26 +0000 2025","1","17+8 Tuntutan Rakyat untuk Pemerintah Menggema di Sosial Media https://t.co/rtWJHl6vIj","1962451725752877201","","","in","","0","0","1","https://x.com/undefined/status/1962451725752877201","131800607",
"1962449060364976293","Mon Sep 01 09:34:51 +0000 2025","0","17+8 Tuntutan Rakyat Viral di Media Sosial Ini Isi Lengkapnya....https://t.co/25ron77RtM","1962449060364976293","","","in","","0","0","0","https://x.com/undefined/status/1962449060364976293","817669043792420864",
"1962446902227878290","Mon Sep 01 09:26:19 +0000 2025","15","17+8 Tuntutan Rakyat. https://t.co/z3K4EK5TIA","1962446913816662212","https://pbs.twimg.com/media/GzwDEIabIAE75HT.jpg","dontbebIu","in","","0","0","7","https://x.com/undefined/status/1962446913816662212","1863197291823423488",
"1962445610826727468","Mon Sep 01 09:21:08 +0000 2025","1","baca 17+8 tuntutan ini gue malah heran kok kaya hal sesederhana itu pun pemerintah ngga bisa nalar sendiri sih?? harus rakyat yang mikirin dan bikin tuntutan?? KAYA IH ANJING REAL BEGO SEMUA ORANG ORANG PEMERINTAH INI ","1962445610826727468","","","in","","0","0","0","https://x.com/undefined/status/1962445610826727468","1168094130733383681",
"1962443608772231430","Mon Sep 01 09:13:11 +0000 2025","0","color palette 17+8 tuntutan rakyat iki tyler the creator bgt wapik","1962443608772231430","","","in","","0","1","0","https://x.com/undefined/status/1962443608772231430","1190766886541086720",
"1962443368061145183","Mon Sep 01 09:12:14 +0000 2025","21","Timor Leste paling oke se-ASEAN Makanya Rakyat Indonesia perlu MERDEKA SEKALI LAGI dari penjajahan Kaum 1% dari Govt &amp; semua Pelaku Politik yg ada saat ini. Tuntutan 17+8 diserahkan ke Penjajah kita semua untuk direalisasikan? Logika dari mana Penjajah disuruh berubah?","1962443368061145183","","","in","","0","1","9","https://x.com/undefined/status/1962443368061145183","1049711295799296001",
"1962443158153028071","Mon Sep 01 09:11:23 +0000 2025","2","17 + 8 Tuntutan Rakyat Mari Kita Dukung tuntutan Mahasiswa Masyarakat Buruh dan Seluruh Warga Negara Indonesia #tuntutanrakyat #indonesia https://t.co/A6nUg8kbMQ","1962443158153028071","https://pbs.twimg.com/media/Gzv_jeobgAAY1vU.jpg","","in","","0","0","2","https://x.com/undefined/status/1962443158153028071","4831931114",
"1962443068327743938","Mon Sep 01 09:11:02 +0000 2025","0","17+8 Tuntutan Rakyat. Dari rakyat oleh rakyat dan untuk rakyat. #ResetIndonesia https://t.co/cIYqu35pCO","1962443068327743938","https://pbs.twimg.com/media/Gzv_kNbbEAAULDn.jpg","","in","","0","0","2","https://x.com/undefined/status/1962443068327743938","1853362689206321152",
"1962441130328678727","Mon Sep 01 09:03:20 +0000 2025","1","Ini Isi Tuntutan Rakyat 17+8 yang Viral di Media Sosial https://t.co/FPtfb6lm3m","1962441130328678727","","","in","","0","0","0","https://x.com/undefined/status/1962441130328678727","535213390",
"1962441129707950527","Mon Sep 01 09:03:20 +0000 2025","0","Ini Isi Tuntutan Rakyat 17+8 yang Viral di Media Sosial https://t.co/Y5xbMIEZi9","1962441129707950527","","","in","","0","0","0","https://x.com/undefined/status/1962441129707950527","535213390",
"1962414434179248581","Mon Sep 01 09:01:15 +0000 2025","20","https://t.co/yk8R6Fp6dG Hati-hati dengan skenario ke darurat militer. Sejumlah pihak di pemerintah bertanya ke saya apa yg bisa menurunkan tensi politik dan meredam demonstrasi? Saya jawab dengan kirim 17+8 tuntutan rakyat by @Afutami dkk. Saya bahas bbrp hal lain jg di sini","1962440607911333893","","unilubis","in","","1","1","11","https://x.com/undefined/status/1962440607911333893","85087815",
"1962436487049593174","Mon Sep 01 08:44:53 +0000 2025","0","17+8 Tuntutan Rakyat Viral di Media Sosial Ini Isi Lengkapnya https://t.co/25ron77RtM","1962436487049593174","","","in","","0","0","0","https://x.com/undefined/status/1962436487049593174","817669043792420864",
"1962361386916577303","Mon Sep 01 08:40:17 +0000 2025","82","@IndoPopBase Viral 17+8 Tuntutan Rakyat: Hentikan Kekerasan hingga Reformasi DPR https://t.co/1ZFz9nG783","1962435330130501840","","IndoPopBase","in","","2","0","14","https://x.com/undefined/status/1962435330130501840","132078023",
"1962434880027099527","Mon Sep 01 08:38:30 +0000 2025","0","PoV Times - ELITE POLITIK SEGERA PENUHI 17 + 8 TUNTUTAN RAKYAT https://t.co/TyjrNPiRQE","1962434880027099527","","","in","","0","0","0","https://x.com/undefined/status/1962434880027099527","1947190067593953280",
"1962434125920608471","Mon Sep 01 08:35:30 +0000 2025","5","Menyikapi 17+8 Tuntutan Rakyat Jangan Asal Tuntut Pakai Nalar! Belakangan ini ramai beredar daftar 17+8 Tuntutan Rakyat di media sosial salah satunya bahkan diposting influencer besar seperti Jerome Polin. A Thread ! https://t.co/9Wl9K3ltgC","1962434125920608471","https://pbs.twimg.com/media/Gzv2CipagAAKmIf.jpg","","in","","1","2","7","https://x.com/undefined/status/1962434125920608471","1489658156989190144",
"1962433777516560633","Mon Sep 01 08:34:07 +0000 2025","0","LOH KOK BISA SIHH via WA call berbuah 17+8 tuntutan rakyat","1962433777516560633","","","in","","0","1","0","https://x.com/undefined/status/1962433777516560633","1243555018885586944",
"1962431932031172907","Mon Sep 01 08:26:47 +0000 2025","5","Kami rakyat Indonesia telah mengajukan 17+8 tuntutan 17 tuntutan jangka pendek dan 8 tuntutan jangka panjang. Kami menunggu buktikan bahwa suara rakyat didengar! Kita fokus pada semua poin-poin tuntutan mari kita kawal dan perjuangkan terus! https://t.co/SVjJW3XWMn","1962431932031172907","","","in","","0","1","3","https://x.com/undefined/status/1962431932031172907","1336061294919647233",
"1962431606293213607","Mon Sep 01 08:25:29 +0000 2025","4","Sejumlah publik figur tanah air seperti Ernest Prakasa Rachel Amanda Ferry Irwandi Fiersa Besari hingga Jerome Polin ramai-ramai memposting daftar tuntutan rakyat yang diberi tajuk 17+8 Tuntutan Rakyat . https://t.co/5bQsJFwxHY","1962431606293213607","https://pbs.twimg.com/media/Gzv1IxzaMAAvEb8.jpg","","in","","0","2","4","https://x.com/undefined/status/1962431606293213607","46693036",
"1962431015252828288","Mon Sep 01 08:24:52 +0000 2025","0","️ LESGAWWRRRR 17+8 tuntutan rakyat ️","1962431450269339658","","kayiyii","in","","0","0","0","https://x.com/undefined/status/1962431450269339658","1782393171558977536",
"1962427877204652459","Mon Sep 01 08:11:37 +0000 2025","0","@inganggita 17+8 Tuntutan Rakyat: - Fokus: Transparansi Reformasi Empati. - Jangka pendek (dl 5 Sept): Investigasi kekerasan demo hentikan TNI di sipil batalkan fasilitas DPR upah layak buruh. - Jangka panjang (dl 31/8/2026): Reformasi DPR &amp; polisi penguatan anti-korupsi tinjau","1962428117160730986","","inganggita","in","","1","0","2","https://x.com/undefined/status/1962428117160730986","1720665183188922368",
"1962427640037752836","Mon Sep 01 08:09:44 +0000 2025","0","17+8 Tuntutan rakyat. (Transparasi reformasi empati) https://t.co/Q6bArk4ggw","1962427640037752836","","","in","","0","0","1","https://x.com/undefined/status/1962427640037752836","257679195",
"1962427403525067046","Mon Sep 01 08:08:47 +0000 2025","1","17+8 tuntutan rakyat itu pas dibaca beneran ngena bgt ya. straight to kokoro tapi pemerintah nih gobloknya kan main.","1962427403525067046","","","in","","0","0","0","https://x.com/undefined/status/1962427403525067046","102601746",
"1962424931603595359","Mon Sep 01 07:58:58 +0000 2025","0","Liat Raditya Dika. IG Story nya sibuk mulu dr kemaren. Liat Vidi Aldiano. Lagi sakit tp isi feed IG nya update terus yang terbaru di upload 17+8 tuntutan rakyat.","1962424931603595359","","","in","","0","0","1","https://x.com/undefined/status/1962424931603595359","271790040",
"1962419455147057601","Mon Sep 01 07:37:12 +0000 2025","0","17+8 Tuntutan Rakyat 🇲🇨 https://t.co/6BoS5zXDFu","1962419455147057601","https://pbs.twimg.com/media/GzvqEn8bUAEXKQL.jpg","","in","","0","0","1","https://x.com/undefined/status/1962419455147057601","3639408434",
"1962375144284058098","Mon Sep 01 07:29:36 +0000 2025","109","@IndoPopBase Nice yuk bisa yuk jgn sampe darurat militer. Kasi space pemerintah utk segera 17+8 tuntutan rakyat terpenuhi aamiin","1962417539860074623","","IndoPopBase","in","","0","0","7","https://x.com/undefined/status/1962417539860074623","152992797",
"1962417236058263847","Mon Sep 01 07:28:23 +0000 2025","0","Ini adalah tuntutan dari kami semua rakyat Indonesia. Sudah dirangkum dan didetailkan 17 tuntutan jangka pendek dan 8 tuntutan jangka panjang lengkap dengan deadline. Kami menunggu. Buktikan suara rakyat didengar. @DPR_RI @prabowo @puanmaharani_ri #RESETIndonesia https://t.co/N47k0VMisg","1962417236058263847","https://pbs.twimg.com/media/GzvoExlbYAAGQY7.jpg","","in","","0","1","1","https://x.com/undefined/status/1962417236058263847","1443488071027101698",
"1962414648092938576","Mon Sep 01 07:18:06 +0000 2025","5","17+8 Tuntutan Rakyat @prabowo Jikalau masih memiliki empati dan hati nurani barang setipis tisu tolong sanggupi seluruh tuntutan rakyat. https://t.co/KJ4aU9zug8","1962414648092938576","https://pbs.twimg.com/media/GzvltFrbwAANvvG.jpg","","in","","0","1","2","https://x.com/undefined/status/1962414648092938576","1262445817052291073",
"1962413741628399933","Mon Sep 01 07:14:35 +0000 2025","0","17+8 Tuntutan Rakyat dalam 1 minggu dan 1 tahun. #ResetIndonesia [3/3] https://t.co/h8neE2r5SN","1962413761614270648","https://pbs.twimg.com/media/Gzvk6nXbUAAvM2f.jpg","dokyeomgrin","in","","0","0","0","https://x.com/undefined/status/1962413761614270648","1933568066224599045",
"1962413741628399933","Mon Sep 01 07:14:32 +0000 2025","0","17+8 Tuntutan Rakyat dalam 1 minggu dan 1 tahun. #ResetIndonesia [2/3] https://t.co/svE5OPzU04","1962413750331601053","https://pbs.twimg.com/media/Gzvk54ra8AEvsvi.jpg","dokyeomgrin","in","","0","1","0","https://x.com/undefined/status/1962413750331601053","1933568066224599045",
"1962413741628399933","Mon Sep 01 07:14:30 +0000 2025","1","17+8 Tuntutan Rakyat dalam 1 minggu dan 1 tahun. #ResetIndonesia [1/3] https://t.co/7atoyerWLn","1962413741628399933","https://pbs.twimg.com/media/Gzvk5UQaQAAeKpJ.jpg","","in","","0","1","1","https://x.com/undefined/status/1962413741628399933","1933568066224599045",
"1962413060590866749","Mon Sep 01 07:11:48 +0000 2025","0","Isi Tuntutan Rakyat 17 8 untuk Pemerintah yang Viral Diumumkan Jerome Polin dan Salsa Erwina https://t.co/j8byUTjV3M lewat @tribunnews #viral #tuntutanrakyat #jeromepolin #salsaerwina","1962413060590866749","","","in","","0","0","1","https://x.com/undefined/status/1962413060590866749","483408930",
"1962412802016162057","Mon Sep 01 07:10:51 +0000 2025","0","17+8 Tuntutan Rakyat dalam 1 minggu dan 1 tahun. #ResetIndonesia [3/3] https://t.co/45beSQWGBp","1962412822614434185","https://pbs.twimg.com/media/GzvkD-IbQAAPDdD.jpg","menggmark","in","","0","0","0","https://x.com/undefined/status/1962412822614434185","1836318718932193286",
"1962412802016162057","Mon Sep 01 07:10:49 +0000 2025","0","17+8 Tuntutan Rakyat dalam 1 minggu dan 1 tahun. #ResetIndonesia [2/3] https://t.co/RXOwmqqJ1I","1962412812472603011","https://pbs.twimg.com/media/GzvkDMPbkAAENSJ.jpg","menggmark","in","","0","1","0","https://x.com/undefined/status/1962412812472603011","1836318718932193286",
"1962412802016162057","Mon Sep 01 07:10:46 +0000 2025","1","17+8 Tuntutan Rakyat dalam 1 minggu dan 1 tahun. #ResetIndonesia [1/3] https://t.co/owR8BlPJvG","1962412802016162057","https://pbs.twimg.com/media/GzvkCshakAA4uj8.jpg","","in","","0","1","1","https://x.com/undefined/status/1962412802016162057","1836318718932193286",
"1962412283424063585","Mon Sep 01 07:08:42 +0000 2025","1","Viral 17+8 Rangkuman Tuntutan Rakyat Untuk Pemerintah dan DPR. Jerome Polin bersama kelompok masyarakat sipil ramai-ramai mendesak pemerintah memenuhi tuntutan publik menyusul kisruh aksi demo di sejumlah daerah. #TuntutanRakyat #DPR #AksiDemo #Prabowo https://t.co/OGSGf2YWvz","1962412283424063585","https://pbs.twimg.com/media/GzvjkAgbEAEiaHH.jpg","","in","","0","0","0","https://x.com/undefined/status/1962412283424063585","1934567104369610752",
"1962411857781891380","Mon Sep 01 07:07:01 +0000 2025","1","Viral 17+8 Rangkuman Tuntutan Rakyat Untuk Pemerintah dan DPR. Jerome Polin bersama kelompok masyarakat sipil ramai-ramai mendesak pemerintah memenuhi tuntutan publik menyusul kisruh aksi demo di sejumlah daerah. #TuntutanRakyat #DPR #AksiDemo #PresidenRI https://t.co/t823dbHX8O","1962411857781891380","https://pbs.twimg.com/media/GzvjK8lbIAANEwT.jpg","","in","","0","0","0","https://x.com/undefined/status/1962411857781891380","1934567104369610752",
"1962411037078294781","Mon Sep 01 07:03:45 +0000 2025","0","Influencer Rangkum Seruan Aksi Demo dalam 17+8 Tuntutan Rakyat https://t.co/8NxSYq9mMj https://t.co/ZenzAnmcpW","1962411037078294781","https://pbs.twimg.com/media/GzvicFCaEAASMMz.jpg","","in","","0","0","1","https://x.com/undefined/status/1962411037078294781","1503950077265874947",
"1962409478227390751","Mon Sep 01 06:57:34 +0000 2025","0","Viral Tuntutan Rakyat 17 8! Desak Prabowo dan DPR Bergerak Sebelum Tenggat Waktu Berakhir https://t.co/e7KIB8Wvuj","1962409478227390751","","","in","","0","0","0","https://x.com/undefined/status/1962409478227390751","1550413916135514113",
"1962407422347424061","Mon Sep 01 06:49:23 +0000 2025","1","17 + 8 tuntutan rakyat #resetindonesia https://t.co/h5mlc9tfqc","1962407422347424061","https://pbs.twimg.com/media/GzvfJSkacAEBS7G.jpg","","in","","0","0","1","https://x.com/undefined/status/1962407422347424061","1507029111616593933",
"1962407000366805287","Mon Sep 01 06:47:43 +0000 2025","0","17 + 8 Tuntutan Rakyat let's claim it!! ","1962407000366805287","","","in","","0","0","0","https://x.com/undefined/status/1962407000366805287","1051436356633747456",
"1962406586997190955","Mon Sep 01 06:46:04 +0000 2025","136","Saling jaga warga jaga warga teman jaga teman dan tetap kritis. Teman2 bisa cek 17+8 tuntutan rakyat yang mana salah satunya soal upah layak untuk nakes. Berisi: =&gt; 17 tuntutan rakyat dalam 1 minggu. =&gt; 8 tuntutan rakyat dalam 1 tahun. https://t.co/tUGtPfshay","1962406586997190955","https://pbs.twimg.com/media/GzvdbQhbUAAPmQQ.jpg","","in","","3","1","114","https://x.com/undefined/status/1962406586997190955","334069024",
"1962406362757161046","Mon Sep 01 06:45:11 +0000 2025","0","ohhh ternyata perumusan 17+8 tuntutan rakyat tuh dr sini","1962406362757161046","","","in","","0","0","0","https://x.com/undefined/status/1962406362757161046","1301395049779871744",
"1962404947661816102","Mon Sep 01 06:39:33 +0000 2025","0","17+8 Tuntutan Rakyat. Transparansi akuntabilitas nurani. https://t.co/4Ffd1O7MBg","1962404947661816102","https://pbs.twimg.com/media/Gzvc4qOboAIDSKe.jpg","","in","","0","1","1","https://x.com/undefined/status/1962404947661816102","1892956689902755841",
"1962403811966042213","Mon Sep 01 06:35:03 +0000 2025","0","Isi Tuntutan Rakyat 17 8 untuk Pemerintah yang Viral Diumumkan Jerome Polin dan Salsa Erwina https://t.co/odLuHQ5Wsf","1962403811966042213","","","in","","0","0","0","https://x.com/undefined/status/1962403811966042213","103551225",
"1962403011432779886","Mon Sep 01 06:31:58 +0000 2025","1","17+8 Tuntutan Rakyat dalam 1 minggu dan 1 tahun. #ResetIndonesia [3/3] https://t.co/VXvoEQYaQB","1962403038486007824","https://pbs.twimg.com/media/GzvbKKua4AAAABo.jpg","netizenie","in","","0","0","0","https://x.com/undefined/status/1962403038486007824","1491717421282914307",
"1962403011432779886","Mon Sep 01 06:31:55 +0000 2025","1","17+8 Tuntutan Rakyat dalam 1 minggu dan 1 tahun. #ResetIndonesia [2/3] https://t.co/hpVxpdNTaq","1962403025638895745","https://pbs.twimg.com/media/GzvbJXGboAAByzi.jpg","netizenie","in","","0","1","0","https://x.com/undefined/status/1962403025638895745","1491717421282914307",
"1962403011432779886","Mon Sep 01 06:31:52 +0000 2025","6","17+8 Tuntutan Rakyat dalam 1 minggu dan 1 tahun. #ResetIndonesia [1/3] https://t.co/41iUkAPfMj","1962403011432779886","https://pbs.twimg.com/media/GzvbIYDbAAAtjJ6.jpg","","in","","0","1","6","https://x.com/undefined/status/1962403011432779886","1491717421282914307",
"1962402841777344632","Mon Sep 01 06:31:11 +0000 2025","0","guys jangan lengah ttp kawal sampe presiden DPR polri dan para menteri mengabulkan 17+8 tuntutan rakyat","1962402841777344632","","","in","","0","1","0","https://x.com/undefined/status/1962402841777344632","1865024114429431810",
"1962400052086714794","Mon Sep 01 06:20:06 +0000 2025","1","Sampe rakyat bikin 17+8 Tuntutan Rakyat dan bahkan dijelasin masing-masing tugasnya ngapain aja jujur malu sih","1962400052086714794","","","in","","0","0","1","https://x.com/undefined/status/1962400052086714794","226039139",
"1962399855843873159","Mon Sep 01 06:19:19 +0000 2025","0","17+8 tuntutan rakyat transparansi reformasi empati - malaka project - https://t.co/tx7IA7ZBxV","1962399855843873159","https://pbs.twimg.com/media/GzvYRMyagAAtcqX.jpg","","in","","0","0","0","https://x.com/undefined/status/1962399855843873159","1311641911371821058",
"1962398830110113973","Mon Sep 01 06:15:15 +0000 2025","387","17 + 8 Tuntutan Rakyat Indonesia #WargaJagaWarga https://t.co/P9uIClKs1O","1962398830110113973","https://pbs.twimg.com/media/GzvXSuYa0AAU1IT.jpg","","in","","3","3","257","https://x.com/undefined/status/1962398830110113973","172012193",
"1962397722859954291","Mon Sep 01 06:10:51 +0000 2025","26","17+8 Tuntutan Rakyat. https://t.co/orZMnNWHcU","1962397722859954291","https://pbs.twimg.com/media/GzvWUfWbcAA_nyq.jpg","","in","","0","0","26","https://x.com/undefined/status/1962397722859954291","1580399374051336192",
"1962397240217199066","Mon Sep 01 06:08:56 +0000 2025","5","17+8 Tuntutan Rakyat dari masyarakat sipil 120+ organisasi masyarakat sipil termasuk @YLBHI kepada pemerintah @prabowo @DPR_RI @DivHumas_Polri @Puspen_TNI @KejaksaanRI Untuk menjawab keresahan masyarakat akan korupsi kinerja pemerintah dan ketidakadilan https://t.co/KAuZRjA25y","1962397240217199066","https://pbs.twimg.com/media/GzvV4_kbcAAJ6z6.jpg","","in","","0","1","2","https://x.com/undefined/status/1962397240217199066","1565011215260143619",
"1962393351418003900","Mon Sep 01 05:53:29 +0000 2025","0","Akhirnya bisa update ayang2 kpop ku lg yuk author2 AU sementara bisa update lg yaa klo mau double update malah makasih bgtt TP JANGAN LUPA KITA KAWAL TERUS 17+8 TUNTUTAN RAKYAT!!! https://t.co/QXNsjfPfR9","1962393351418003900","https://pbs.twimg.com/media/GzvSWC5acAEZwmz.jpg","","in","","0","0","0","https://x.com/undefined/status/1962393351418003900","1923987094357278722",
"1962392163305812230","Mon Sep 01 05:48:45 +0000 2025","343","MOANA tolong sebarkan 17+8 TUNTUTAN RAKYAT ke seluruh sosial media kalian. #ResetIndonesia (the color palette is absolutely amazing btw) https://t.co/tIUH4f1BFZ","1962392163305812230","https://pbs.twimg.com/media/GzvRRc2acAEc_0V.jpg","","in","","2","1","218","https://x.com/undefined/status/1962392163305812230","1528599937298350080",
"1962390195766243751","Mon Sep 01 05:40:56 +0000 2025","9038","17+8 Tuntutan Rakyat. @prabowo jangan cuma baca dan catat. Jalankan mandatnya. https://t.co/TiRnTzY0DG","1962390195766243751","https://pbs.twimg.com/media/GzvPSxOa8AA3Xm9.jpg","","in","","125","47","8033","https://x.com/undefined/status/1962390195766243751","1850558971779956736",
"1962387109081387281","Mon Sep 01 05:28:40 +0000 2025","0","Tuntutan ini diberi nama 17+8 Tuntutan Rakyat disusun berdasarkan suara jutaan masyarakat hasil diskusi publik di media sosial hingga pernyataan resmi dari berbagai organisasi masyarakat sipil. https://t.co/IXge4a81pi lewat @tribunnews","1962387109081387281","","","in","","0","0","1","https://x.com/undefined/status/1962387109081387281","64635651",
"1962383767978574276","Mon Sep 01 05:15:24 +0000 2025","0","17+8 Tuntutan Rakyat #resetindonesia","1962383767978574276","","","in","","0","0","0","https://x.com/undefined/status/1962383767978574276","1436650595893473283",
"1962378876761555445","Mon Sep 01 04:55:58 +0000 2025","2","17+8 Tuntutan Rakyat kawal terus semuanyaaa!!! https://t.co/eDMdgvFaFl","1962378876761555445","https://pbs.twimg.com/media/GzvFL-VbkAAaGhv.jpg","","in","","0","0","1","https://x.com/undefined/status/1962378876761555445","1245596905771380737",
"1962377503844274592","Mon Sep 01 04:50:30 +0000 2025","8727","17 tuntutan rakyat dalam satu minggu ke depan dan 8 tuntutan rakyat dalam satu tahun ke depan. Ayo @prabowo @gibran_tweet @DPR_RI @DivHumas_Polri - Sesuai pidato bapak presiden kemarin aspirasi ini kami sampaikan dengan jelas dan tertib. BUKTIKAN ANDA SEKALIAN BERSAMA RAKYAT. https://t.co/olglYoc6AJ","1962377503844274592","https://pbs.twimg.com/media/GzvD70Ka4AAoesZ.jpg","","in","","81","81","7525","https://x.com/undefined/status/1962377503844274592","68122088",
"1962375395233108179","Mon Sep 01 04:42:08 +0000 2025","8","17 tuntutan rakyat dalam 1 minggu 8 tuntutan rakyat dalam 1 tahun. Deadline jelas. Kepercayaan lahir dari bukti bukan janji. https://t.co/afWDaTB3yV","1962375395233108179","https://pbs.twimg.com/media/GzvCBVaXAAAjLeq.jpg","","in","","0","1","5","https://x.com/undefined/status/1962375395233108179","1682025145446330381",
"1962374994610229653","Mon Sep 01 04:40:32 +0000 2025","1","17 + 8 tuntutan rakyat. Buktikan kalau suara rakyat didengar. https://t.co/aCA773eoIw","1962374994610229653","https://pbs.twimg.com/media/GzvBpv8aYAA7yyZ.jpg","","in","","0","0","1","https://x.com/undefined/status/1962374994610229653","302597938",
"1962372953200640457","Mon Sep 01 04:32:25 +0000 2025","201","Lebih dari 120 organisasi masyarakat sipil termasuk @YLBHI membuat tuntutan 17+8 kepada Presiden @prabowo dan berbagai lembaga negara jangka pendek dan jangka panjang guna menjawab kekecewaan rakyat https://t.co/9SrhTUPwrT https://t.co/F0bJ4JfaC9","1962372953200640457","https://pbs.twimg.com/media/Gzu9iCJaoAAwApB.jpg","","in","","3","9","123","https://x.com/undefined/status/1962372953200640457","25250613",
"1962372018462162990","Mon Sep 01 04:29:55 +0000 2025","0","@Hoampaz 17+8 Tuntutan Rakyat disusun oleh kelompok aktivis dan content creator termasuk Andhyta F. Utami (Bijak Memilih) Jerome Polin Andovi Da Lopez serta lainnya seperti Gita Syahrani dan Salsa Erwina. Ini rangkuman dari tuntutan beredar di medsos organisasi masyarakat sipil dan","1962372322549195023","","Hoampaz","in","","0","0","1","https://x.com/undefined/status/1962372322549195023","1720665183188922368",
"1962372268161724447","Mon Sep 01 04:29:42 +0000 2025","0","17+8 TUNTUTAN RAKYAT DEADLINE: SECEPATNYA #ResetIndonesia","1962372268161724447","","","in","","0","0","1","https://x.com/undefined/status/1962372268161724447","2437079942",
"1962371790724059243","Mon Sep 01 04:27:48 +0000 2025","0","Tuntutan Rakyat 17+8 Viral di Medsos Berikut Penjelasannya https://t.co/wBfYqyNy1l","1962371790724059243","","","in","","0","0","0","https://x.com/undefined/status/1962371790724059243","2519948221",
"1962371676412465480","Mon Sep 01 04:27:21 +0000 2025","5","17+8 Tuntutan Rakyat. Sudah terangkum poin per poin untuk direspon oleh bapak ibu yang berwenang secara poin per poin juga. Mari kita tunggu. https://t.co/XBuGayRGHM","1962371676412465480","https://pbs.twimg.com/media/Gzu-ofYaAAAhiDq.jpg","","in","","0","0","2","https://x.com/undefined/status/1962371676412465480","17666340",
"1962361386916577303","Mon Sep 01 04:23:34 +0000 2025","0","@IndoPopBase 17+8 Tuntutan Rakyat telah dirilis.","1962370724339089803","","IndoPopBase","in","","0","0","0","https://x.com/undefined/status/1962370724339089803","1255870752160538624",
"1962370079636824216","Mon Sep 01 04:21:00 +0000 2025","24"," 17+8 Tuntutan Rakyat telah dirilis/dikeluarkan. https://t.co/84OgNWviqH","1962370079636824216","https://pbs.twimg.com/media/Gzu9JAca0AAu8VH.jpg","","in","","0","0","22","https://x.com/undefined/status/1962370079636824216","1474273837810216960",
"1962367175857197087","Mon Sep 01 04:09:28 +0000 2025","0","17+8 Tuntutan Rakyat. Monggo dibaca yang terhormat Bapak @prabowo dan tolong direalisasikan. Terima kasih https://t.co/FWwHfZozJY","1962367175857197087","https://pbs.twimg.com/media/Gzu6isVaEAAOaLJ.jpg","","in","","0","0","1","https://x.com/undefined/status/1962367175857197087","1245677437288984577",
"1962364287600779373","Mon Sep 01 03:57:59 +0000 2025","1","17+8 Tuntutan Rakyat Gampang banget ini buat dikabulkan selama mindsetnya bukan kepentingan golongan https://t.co/BeO4flhjKg","1962364287600779373","https://pbs.twimg.com/media/Gzu366daUAAt30n.jpg","","in","","0","1","2","https://x.com/undefined/status/1962364287600779373","706924218",
"1962362133687259525","Mon Sep 01 03:49:26 +0000 2025","5"," 17+8 Tuntutan Rakyat Ini merupakan tindakan memecah belah bangsa. Saya melihat adanya upaya asing dan dampak terorisme melalui aksi ini. Tes dulu","1962362133687259525","","","in","","0","1","0","https://x.com/undefined/status/1962362133687259525","1472178362546155521",
"1962361386916577303","Mon Sep 01 03:48:39 +0000 2025","270","@IndoPopBase Terima kasih atas minat Anda! 17+8 Tuntutan Rakyat adalah gerakan rakyat untuk reformasi didukung lebih dari 40.000 tanda tangan menuntut transparansi dan hak pekerja dari pemerintahan Prabowo. Ini terkait dengan protes 2025 yang meluas di Indonesia.","1962361938308141516","","IndoPopBase","in","","1","2","11","https://x.com/undefined/status/1962361938308141516","1702205828068265984",
"1962360085268840705","Mon Sep 01 03:41:17 +0000 2025","0","17+8 Tuntutan Rakyat untuk Pemerintah yang Viral di Medsos Ini Isinya https://t.co/G4CjOlwkxp","1962360085268840705","","","in","","0","0","0","https://x.com/undefined/status/1962360085268840705","1671441894902210561",
"1962360072325181835","Mon Sep 01 03:41:14 +0000 2025","16780","Semalam kakak2 Jerome Salsa Fathia Abigail Andovi dan Utami langsung brainstorm via WA call selama 3 jam dan langsung berbuah 17+8 Tuntutan Rakyat yg siap disebarluaskan! Ga ada tuh mesti MEETING dan NGINAP di Fairmount dulu berhari2 SHAME ON YOU! @DPR_RI https://t.co/coUueCCylP","1962360072325181835","https://pbs.twimg.com/media/Gzu0FLCboAARADe.jpg","","in","","737","116","7361","https://x.com/undefined/status/1962360072325181835","1503640043763642372",
"1962357008784564490","Mon Sep 01 03:29:04 +0000 2025","0","HELP RT Ini adalah tuntutan dari kami semua rakyat Indonesia. Sudah dirangkum dan didetailkan 17 tuntutan jangka pendek dan 8 tuntuan jangka Panjang lengkap dengan deadline ‼️ Semoga Prabowo DPR RI Kepolisian TNI Ketua Parpol membuktikan bahwa mereka mendengar rakyat‼️ https://t.co/9r9vAw7cAg","1962357008784564490","https://pbs.twimg.com/media/GzuxSyba8AAQ784.jpg","","in","","0","0","0","https://x.com/undefined/status/1962357008784564490","1516238516",
"1962355488928199134","Mon Sep 01 03:23:02 +0000 2025","30","17+8 tuntutan rakyat. https://t.co/dCJtLv1vAx","1962355488928199134","https://pbs.twimg.com/media/Gzuv6YYboAAN9BA.jpg","","in","","1","3","11","https://x.com/undefined/status/1962355488928199134","84221579",
"1962355262611996715","Mon Sep 01 03:22:08 +0000 2025","1","Tuntutan Rakyat 17+8 Viral di Media Sosial Begini Isinya https://t.co/HoRPCOrgvc","1962355262611996715","","","in","","1","0","2","https://x.com/undefined/status/1962355262611996715","847372542830444544",
"1962355095385018532","Mon Sep 01 03:21:28 +0000 2025","0","17+8 #TuntutanRakyat kami marah bukan tanpa alasan pak. buktikan kalau memang pemerintahan anda mendengar dan menerima aspirasi dan tuntutan rakyat! @prabowo @DPR_RI https://t.co/0OHcPesI9s","1962355095385018532","https://pbs.twimg.com/media/GzuvjwgbsAEP3vF.jpg","","in","","0","0","0","https://x.com/undefined/status/1962355095385018532","1110907368756248577",
"1962350809800421457","Mon Sep 01 03:04:26 +0000 2025","0","Retorika kosong yang bisa jadi false flag pemerintah untuk mengurangi dukungan tuntutan aksi rakyat. Of course they will post that. 17+8 Pancatura!","1962350809800421457","","","in","","0","0","1","https://x.com/undefined/status/1962350809800421457","1256816329501392897",
"1962350768465518640","Mon Sep 01 03:04:16 +0000 2025","0","tmn: mau aja posting2 begituan. (konteks: 17+8 tuntutan rakyat) gue: ikut menyuarakan. kalo engga ya gini2 aja. alias gue GA SUDI ya dicekek digoblok in diperes trs sm government iblis ini ","1962350768465518640","","","in","","0","1","0","https://x.com/undefined/status/1962350768465518640","994094795726307328",
"1962349693783933418","Mon Sep 01 03:00:00 +0000 2025","672","YouTuber Jerome Polin bersama Andovi Da Lopez dan public figure lainnya menyusun 17+8 tuntutan rakyat ke pemerintah Indonesia. Tuntutan ini merespons rentetan peristiwa yang mengawali dan terjadi di sepanjang demonstrasi. &gt;&gt; https://t.co/wyo1vZhEEm https://t.co/pJNbLvNJOd","1962349693783933418","https://pbs.twimg.com/amplify_video_thumb/1962334700263165952/img/rd69o66xR0BVlZIA.jpg","","in","","8","15","287","https://x.com/undefined/status/1962349693783933418","69183155",
"1962347247129198993","Mon Sep 01 02:50:17 +0000 2025","563","17+8 TUNTUTAN RAKYAT Berisi: - 17 tuntutan rakyat dalam 1 minggu (deadline: 5 September 2025) - 8 tuntutan rakyat dalam 1 tahun (deadline: 31 Agustus 2026) https://t.co/beaC6XDwlM","1962347247129198993","https://pbs.twimg.com/media/GzuoaptbAAECS2I.jpg","","in","","12","1","486","https://x.com/undefined/status/1962347247129198993","1783009293257891840",
"1962346519409143983","Mon Sep 01 02:47:23 +0000 2025","0","from tritura to 17+8 tuntutan rakyat. how comeeeeeeee","1962346519409143983","","","in","","0","0","0","https://x.com/undefined/status/1962346519409143983","1397199257258561536",
"1962346375221575990","Mon Sep 01 02:46:49 +0000 2025","3","GUYS!! HELP RT AND SHARE!! ATAU POST INI JUGA DI AKUN² KALIAN! 17 + 8 TUNTUTAN RAKYAT @prabowo Bukan sekadar angka tapi suara yang harus didengar. Transparansi. Reformasi. Empati. #TuntutanRakyat #17+8TuntutanRakyat Salam Perjuangan Cr: Ig jeromepolin https://t.co/U003GxTLAn","1962346375221575990","https://pbs.twimg.com/media/GzunndVbkAA-haB.jpg","","in","","0","0","3","https://x.com/undefined/status/1962346375221575990","1838771889629728768",
"1962346200205812006","Mon Sep 01 02:46:07 +0000 2025","1","GUYS!! HELP RT AND SHARE!! ATAU POST INI JUGA DI AKUN² KALIAN! 17 + 8 TUNTUTAN RAKYAT @prabowo Bukan sekadar angka tapi suara yang harus didengar. Transparansi. Reformasi. Empati. #TuntutanRakyat #17+8TuntutanRakyat Salam Perjuangan Cr: Ig jeromepolin https://t.co/yWROv2z71X","1962346200205812006","https://pbs.twimg.com/media/GzundWragAAtvtl.jpg","","in","","0","0","1","https://x.com/undefined/status/1962346200205812006","1820507186134654976",
"1962345011938513348","Mon Sep 01 02:41:24 +0000 2025","5","17 + 8 = Tuntutan Rakyat https://t.co/FLkUkLenl3","1962345011938513348","https://pbs.twimg.com/media/GzumX-EbEAAhxb0.jpg","","in","","0","1","8","https://x.com/undefined/status/1962345011938513348","19280181",
"1962342874202386701","Mon Sep 01 02:32:54 +0000 2025","0","17+8 Tuntutan Rakyat Transparansi. Reformasi. Empati. @prabowo @DPR_RI @DivHumas_Polri https://t.co/Gkcv5Rux9s","1962342874202386701","https://pbs.twimg.com/media/GzukE1_bMAEPAgv.jpg","","in","","0","2","1","https://x.com/undefined/status/1962342874202386701","1489503366099406849",
"1962341782685118819","Mon Sep 01 02:28:34 +0000 2025","7","17 + 8 tuntutan rakyat! Tranparansi. Reformasi. Empati. #resetindonesia https://t.co/7qlllMDtoC","1962341782685118819","https://pbs.twimg.com/media/GzujcZIasAAfzou.jpg","","in","","0","0","8","https://x.com/undefined/status/1962341782685118819","1459010439606538242",
"1962337029192364157","Mon Sep 01 02:09:40 +0000 2025","1","17+8 TUNTUTAN RAKYAT. Transparansi. Reformasi. Empati. 17 tuntutan rakyat dalam 1 minggu (deadline 5 september 2025). 8 tuntutan rakyat dalam 1 tahun (deadline 31 agustus 2026). #ResetIndonesia https://t.co/0dcfXzX2D8","1962337029192364157","https://pbs.twimg.com/media/GzufHwsasAAKqdA.jpg","","in","","0","0","2","https://x.com/undefined/status/1962337029192364157","1600702441170694145",
"1962331781719597105","Mon Sep 01 01:48:49 +0000 2025","1","17+8 Tuntutan Rakyat https://t.co/16fzwpYuLr","1962331781719597105","https://pbs.twimg.com/media/GzuaWP9bQAAEvkc.jpg","","in","","0","1","1","https://x.com/undefined/status/1962331781719597105","1909806687571374080",
"1962330974966219231","Mon Sep 01 01:45:37 +0000 2025","1","17+8 TUNTUTAN RAKYAT TRANSPARANSI REFORMASI EMPATI SEBARKAN!!!!!! (Sebuah Utas) https://t.co/E8orf95kA5","1962330974966219231","https://pbs.twimg.com/media/GzuZnXda4AADTCC.jpg","","in","","0","1","1","https://x.com/undefined/status/1962330974966219231","86772416",
"1962207227709981141","Mon Sep 01 01:39:49 +0000 2025","3"," 17+8 Tuntutan Rakyat Jelas rapi terang benderang. Buktikan kalau kalian mendengar. Tunjukkan kalau Anda layak dipercaya. https://t.co/VUsl2h5xhy","1962329515428106536","https://pbs.twimg.com/media/GzuYSFNbkAAg9gE.jpg","montezvma","in","","0","1","2","https://x.com/undefined/status/1962329515428106536","110135750",
"1962327670265663575","Mon Sep 01 01:32:29 +0000 2025","3","Aku mw share 17 + 8 Tuntutan Rakyat yang harus dilaksanakan. Stay safe y'all! Jangan mudah terkena berita hoax atau tidak jelas apalagi ajakan demo dengan poster jelek dan norak. #IndonesiaGelap #ResetIndonesia #dprbebannegara #DPR_DewanPenindasRakyat https://t.co/Jkbc5FKv6f","1962327670265663575","https://pbs.twimg.com/media/GzuWlN3aAAEAlq6.jpg","","in","","0","1","2","https://x.com/undefined/status/1962327670265663575","1638332698665299968",
"1962319500721934475","Mon Sep 01 01:32:21 +0000 2025","0","@ARSIPAJA emang udah keliatan jelas ini ciri² autokrasi semoga rakyat tetap fokus pada tujuan 17+8 Tuntutan Rakyat!","1962327634563715394","","ARSIPAJA","in","","0","0","0","https://x.com/undefined/status/1962327634563715394","1880099002324250624",
"1962325682509504980","Mon Sep 01 01:24:35 +0000 2025","176","17+8 Tuntutan Rakyat karena kepercayaan itu harus didapatkan bukan semena-mena diberikan! https://t.co/A7Yvs2nFEO","1962325682509504980","https://pbs.twimg.com/media/GzuUybjbgAEjLOx.jpg","","in","","2","2","139","https://x.com/undefined/status/1962325682509504980","1687806756569923584",
"1962319500721934475","Mon Sep 01 01:16:13 +0000 2025","19","@ARSIPAJA Yok rakyat kompak jg posting dan spam Tuntutan rakyat 17+8","1962323577438613684","","ARSIPAJA","in","","0","0","0","https://x.com/undefined/status/1962323577438613684","1161981135972290561",
"1962319864863027641","Mon Sep 01 01:01:28 +0000 2025","1","17+8 Tuntutan Rakyat yang dibahas jerome dan kawan kawan dalam waktu 3 jam tanpa hotel mahal snack mahal dan anggaran yang mahal https://t.co/4Qy5HIpcTv","1962319864863027641","https://pbs.twimg.com/media/GzuPhDTa8AAjTfW.jpg","","in","","0","1","1","https://x.com/undefined/status/1962319864863027641","1960157224623587328",
"1962315930001973443","Mon Sep 01 00:45:50 +0000 2025","584","17 + 8 tuntutan rakyat #resetindonesia https://t.co/YDPyYAak3r","1962315930001973443","https://pbs.twimg.com/media/GzuL74YakAEcPBh.jpg","","in","","6","2","518","https://x.com/undefined/status/1962315930001973443","1074686648154112001",
"1962314858860511538","Mon Sep 01 00:41:35 +0000 2025","0","17 + 8 tuntutan rakyat itu tadi lewat English ver nya tapi lupa save oyyyy... Mau masukin ke akun tiktokku","1962314858860511538","","","in","","0","1","0","https://x.com/undefined/status/1962314858860511538","4894329029",
"1962313342175105389","Mon Sep 01 00:35:33 +0000 2025","89","17 + 8 TUNTUTAN RAKYAT Bukan sekadar angka tapi suara yang harus didengar. Transparansi. Reformasi. Empati. #TuntutanRakyat #17+8TuntutanRakyat Salam Perjuangan Source: Instragram jeromepolin https://t.co/BeI0gi1Ha1","1962313342175105389","https://pbs.twimg.com/media/GzuJlK5bgAAkzUP.jpg","","in","","1","2","91","https://x.com/undefined/status/1962313342175105389","1864173068589125633",
"1962310269100855772","Mon Sep 01 00:23:20 +0000 2025","2","my birthday wish? 17 + 8 tuntutan rakyat terwujud aja #ResetIndonesia","1962310269100855772","","","in","","0","0","0","https://x.com/undefined/status/1962310269100855772","1839985636759220224",
"1962309546778763713","Mon Sep 01 00:20:28 +0000 2025","1","17 + 8 Tuntutan Rakyat @prabowo kapan lagi dibikinin 1 year plan sama rakyat sendiri Enak banget tuh tinggal dijalanin aja ngga perlu mikir ‍↔️ rakyatmu pinter Iki loh https://t.co/aREvDUALR4","1962309546778763713","https://pbs.twimg.com/media/GzuGH-naUAA9_4_.jpg","","in","","0","1","1","https://x.com/undefined/status/1962309546778763713","1676397814920925187",
"1962306655817003157","Mon Sep 01 00:08:59 +0000 2025","4","Ini adalah tuntutan dari kami semua rakyat Indonesia. Sudah dirangkum dan didetailkan 17 tuntutan jangka pendek dan 8 tuntutan jangka panjang lengkap dengan deadline #BubarkanDPR #bem #polrimusuhrakyat #indonesiagelap #acab1312 #BRIMOB #polisimusuhbersama https://t.co/oJ0G4ZWE2P","1962306655817003157","https://pbs.twimg.com/media/GzuDgKjakAASSlm.jpg","","in","","0","1","1","https://x.com/undefined/status/1962306655817003157","1257502199355076608",
